/*
 *----------------------------------------------------------------------
 *    TessronOS
 *
 *    Copyright (C) 2026 satromi
 *    This software is distributed under the T-License 2.2.
 *----------------------------------------------------------------------
 */

/*
 *	bpk_jis.c
 *	The character sets of TRON code's first plane, made by tools/gen_jis.py bpk
 */

#include <ts/bpk.h>

/*
 * Zone A: JIS X 0208 and, in its gaps, JIS X 0213's first plane; the
 * character of row r and cell c (1..94) at [(r - 1) * 94 + c - 1], 0 for
 * none, 0xD800 + n for bpk_tron_multi[n]
 */
const UH bpk_jis_char[94 * 94] = {
	0x3000, 0x3001, 0x3002, 0xFF0C, 0xFF0E, 0x30FB, 0xFF1A, 0xFF1B, 0xFF1F, 0xFF01, 0x309B, 0x309C,
	0x00B4, 0xFF40, 0x00A8, 0xFF3E, 0xFFE3, 0xFF3F, 0x30FD, 0x30FE, 0x309D, 0x309E, 0x3003, 0x4EDD,
	0x3005, 0x3006, 0x3007, 0x30FC, 0x2015, 0x2010, 0xFF0F, 0xFF3C, 0x301C, 0x2016, 0xFF5C, 0x2026,
	0x2025, 0x2018, 0x2019, 0x201C, 0x201D, 0xFF08, 0xFF09, 0x3014, 0x3015, 0xFF3B, 0xFF3D, 0xFF5B,
	0xFF5D, 0x3008, 0x3009, 0x300A, 0x300B, 0x300C, 0x300D, 0x300E, 0x300F, 0x3010, 0x3011, 0xFF0B,
	0x2212, 0x00B1, 0x00D7, 0x00F7, 0xFF1D, 0x2260, 0xFF1C, 0xFF1E, 0x2266, 0x2267, 0x221E, 0x2234,
	0x2642, 0x2640, 0x00B0, 0x2032, 0x2033, 0x2103, 0xFFE5, 0xFF04, 0x00A2, 0x00A3, 0xFF05, 0xFF03,
	0xFF06, 0xFF0A, 0xFF20, 0x00A7, 0x2606, 0x2605, 0x25CB, 0x25CF, 0x25CE, 0x25C7, 0x25C6, 0x25A1,
	0x25A0, 0x25B3, 0x25B2, 0x25BD, 0x25BC, 0x203B, 0x3012, 0x2192, 0x2190, 0x2191, 0x2193, 0x3013,
	0xFF07, 0xFF02, 0xFF0D, 0xFF5E, 0x3033, 0x3034, 0x3035, 0x303B, 0x303C, 0x30FF, 0x309F, 0x2208,
	0x220B, 0x2286, 0x2287, 0x2282, 0x2283, 0x222A, 0x2229, 0x2284, 0x2285, 0x228A, 0x228B, 0x2209,
	0x2205, 0x2305, 0x2306, 0x2227, 0x2228, 0x00AC, 0x21D2, 0x21D4, 0x2200, 0x2203, 0x2295, 0x2296,
	0x2297, 0x2225, 0x2226, 0x2985, 0x2986, 0x3018, 0x3019, 0x3016, 0x3017, 0x2220, 0x22A5, 0x2312,
	0x2202, 0x2207, 0x2261, 0x2252, 0x226A, 0x226B, 0x221A, 0x223D, 0x221D, 0x2235, 0x222B, 0x222C,
	0x2262, 0x2243, 0x2245, 0x2248, 0x2276, 0x2277, 0x2194, 0x212B, 0x2030, 0x266F, 0x266D, 0x266A,
	0x2020, 0x2021, 0x00B6, 0x266E, 0x266B, 0x266C, 0x2669, 0x25EF, 0x25B7, 0x25B6, 0x25C1, 0x25C0,
	0x2197, 0x2198, 0x2196, 0x2199, 0x21C4, 0x21E8, 0x21E6, 0x21E7, 0x21E9, 0x2934, 0x2935, 0xFF10,
	0xFF11, 0xFF12, 0xFF13, 0xFF14, 0xFF15, 0xFF16, 0xFF17, 0xFF18, 0xFF19, 0x29BF, 0x25C9, 0x303D,
	0xFE46, 0xFE45, 0x25E6, 0x2022, 0xFF21, 0xFF22, 0xFF23, 0xFF24, 0xFF25, 0xFF26, 0xFF27, 0xFF28,
	0xFF29, 0xFF2A, 0xFF2B, 0xFF2C, 0xFF2D, 0xFF2E, 0xFF2F, 0xFF30, 0xFF31, 0xFF32, 0xFF33, 0xFF34,
	0xFF35, 0xFF36, 0xFF37, 0xFF38, 0xFF39, 0xFF3A, 0x2213, 0x2135, 0x210F, 0x33CB, 0x2113, 0x2127,
	0xFF41, 0xFF42, 0xFF43, 0xFF44, 0xFF45, 0xFF46, 0xFF47, 0xFF48, 0xFF49, 0xFF4A, 0xFF4B, 0xFF4C,
	0xFF4D, 0xFF4E, 0xFF4F, 0xFF50, 0xFF51, 0xFF52, 0xFF53, 0xFF54, 0xFF55, 0xFF56, 0xFF57, 0xFF58,
	0xFF59, 0xFF5A, 0x30A0, 0x2013, 0x29FA, 0x29FB, 0x3041, 0x3042, 0x3043, 0x3044, 0x3045, 0x3046,
	0x3047, 0x3048, 0x3049, 0x304A, 0x304B, 0x304C, 0x304D, 0x304E, 0x304F, 0x3050, 0x3051, 0x3052,
	0x3053, 0x3054, 0x3055, 0x3056, 0x3057, 0x3058, 0x3059, 0x305A, 0x305B, 0x305C, 0x305D, 0x305E,
	0x305F, 0x3060, 0x3061, 0x3062, 0x3063, 0x3064, 0x3065, 0x3066, 0x3067, 0x3068, 0x3069, 0x306A,
	0x306B, 0x306C, 0x306D, 0x306E, 0x306F, 0x3070, 0x3071, 0x3072, 0x3073, 0x3074, 0x3075, 0x3076,
	0x3077, 0x3078, 0x3079, 0x307A, 0x307B, 0x307C, 0x307D, 0x307E, 0x307F, 0x3080, 0x3081, 0x3082,
	0x3083, 0x3084, 0x3085, 0x3086, 0x3087, 0x3088, 0x3089, 0x308A, 0x308B, 0x308C, 0x308D, 0x308E,
	0x308F, 0x3090, 0x3091, 0x3092, 0x3093, 0x3094, 0x3095, 0x3096, 0xD800, 0xD801, 0xD802, 0xD803,
	0xD804, 0x0000, 0x0000, 0x0000, 0x30A1, 0x30A2, 0x30A3, 0x30A4, 0x30A5, 0x30A6, 0x30A7, 0x30A8,
	0x30A9, 0x30AA, 0x30AB, 0x30AC, 0x30AD, 0x30AE, 0x30AF, 0x30B0, 0x30B1, 0x30B2, 0x30B3, 0x30B4,
	0x30B5, 0x30B6, 0x30B7, 0x30B8, 0x30B9, 0x30BA, 0x30BB, 0x30BC, 0x30BD, 0x30BE, 0x30BF, 0x30C0,
	0x30C1, 0x30C2, 0x30C3, 0x30C4, 0x30C5, 0x30C6, 0x30C7, 0x30C8, 0x30C9, 0x30CA, 0x30CB, 0x30CC,
	0x30CD, 0x30CE, 0x30CF, 0x30D0, 0x30D1, 0x30D2, 0x30D3, 0x30D4, 0x30D5, 0x30D6, 0x30D7, 0x30D8,
	0x30D9, 0x30DA, 0x30DB, 0x30DC, 0x30DD, 0x30DE, 0x30DF, 0x30E0, 0x30E1, 0x30E2, 0x30E3, 0x30E4,
	0x30E5, 0x30E6, 0x30E7, 0x30E8, 0x30E9, 0x30EA, 0x30EB, 0x30EC, 0x30ED, 0x30EE, 0x30EF, 0x30F0,
	0x30F1, 0x30F2, 0x30F3, 0x30F4, 0x30F5, 0x30F6, 0xD805, 0xD806, 0xD807, 0xD808, 0xD809, 0xD80A,
	0xD80B, 0xD80C, 0x0391, 0x0392, 0x0393, 0x0394, 0x0395, 0x0396, 0x0397, 0x0398, 0x0399, 0x039A,
	0x039B, 0x039C, 0x039D, 0x039E, 0x039F, 0x03A0, 0x03A1, 0x03A3, 0x03A4, 0x03A5, 0x03A6, 0x03A7,
	0x03A8, 0x03A9, 0x2664, 0x2660, 0x2662, 0x2666, 0x2661, 0x2665, 0x2667, 0x2663, 0x03B1, 0x03B2,
	0x03B3, 0x03B4, 0x03B5, 0x03B6, 0x03B7, 0x03B8, 0x03B9, 0x03BA, 0x03BB, 0x03BC, 0x03BD, 0x03BE,
	0x03BF, 0x03C0, 0x03C1, 0x03C3, 0x03C4, 0x03C5, 0x03C6, 0x03C7, 0x03C8, 0x03C9, 0x03C2, 0x24F5,
	0x24F6, 0x24F7, 0x24F8, 0x24F9, 0x24FA, 0x24FB, 0x24FC, 0x24FD, 0x24FE, 0x2616, 0x2617, 0x3020,
	0x260E, 0x2600, 0x2601, 0x2602, 0x2603, 0x2668, 0x25B1, 0x31F0, 0x31F1, 0x31F2, 0x31F3, 0x31F4,
	0x31F5, 0x31F6, 0x31F7, 0x31F8, 0x31F9, 0xD80D, 0x31FA, 0x31FB, 0x31FC, 0x31FD, 0x31FE, 0x31FF,
	0x0410, 0x0411, 0x0412, 0x0413, 0x0414, 0x0415, 0x0401, 0x0416, 0x0417, 0x0418, 0x0419, 0x041A,
	0x041B, 0x041C, 0x041D, 0x041E, 0x041F, 0x0420, 0x0421, 0x0422, 0x0423, 0x0424, 0x0425, 0x0426,
	0x0427, 0x0428, 0x0429, 0x042A, 0x042B, 0x042C, 0x042D, 0x042E, 0x042F, 0x23BE, 0x23BF, 0x23C0,
	0x23C1, 0x23C2, 0x23C3, 0x23C4, 0x23C5, 0x23C6, 0x23C7, 0x23C8, 0x23C9, 0x23CA, 0x23CB, 0x23CC,
	0x0430, 0x0431, 0x0432, 0x0433, 0x0434, 0x0435, 0x0451, 0x0436, 0x0437, 0x0438, 0x0439, 0x043A,
	0x043B, 0x043C, 0x043D, 0x043E, 0x043F, 0x0440, 0x0441, 0x0442, 0x0443, 0x0444, 0x0445, 0x0446,
	0x0447, 0x0448, 0x0449, 0x044A, 0x044B, 0x044C, 0x044D, 0x044E, 0x044F, 0x30F7, 0x30F8, 0x30F9,
	0x30FA, 0x22DA, 0x22DB, 0x2153, 0x2154, 0x2155, 0x2713, 0x2318, 0x2423, 0x23CE, 0x2500, 0x2502,
	0x250C, 0x2510, 0x2518, 0x2514, 0x251C, 0x252C, 0x2524, 0x2534, 0x253C, 0x2501, 0x2503, 0x250F,
	0x2513, 0x251B, 0x2517, 0x2523, 0x2533, 0x252B, 0x253B, 0x254B, 0x2520, 0x252F, 0x2528, 0x2537,
	0x253F, 0x251D, 0x2530, 0x2525, 0x2538, 0x2542, 0x3251, 0x3252, 0x3253, 0x3254, 0x3255, 0x3256,
	0x3257, 0x3258, 0x3259, 0x325A, 0x325B, 0x325C, 0x325D, 0x325E, 0x325F, 0x32B1, 0x32B2, 0x32B3,
	0x32B4, 0x32B5, 0x32B6, 0x32B7, 0x32B8, 0x32B9, 0x32BA, 0x32BB, 0x32BC, 0x32BD, 0x32BE, 0x32BF,
	0x0000, 0x0000, 0x0000, 0x0000, 0x0000, 0x0000, 0x0000, 0x0000, 0x25D0, 0x25D1, 0x25D2, 0x25D3,
	0x203C, 0x2047, 0x2048, 0x2049, 0x01CD, 0x01CE, 0x01D0, 0x1E3E, 0x1E3F, 0x01F8, 0x01F9, 0x01D1,
	0x01D2, 0x01D4, 0x01D6, 0x01D8, 0x01DA, 0x01DC, 0x0000, 0x0000, 0x20AC, 0x00A0, 0x00A1, 0x00A4,
	0x00A6, 0x00A9, 0x00AA, 0x00AB, 0x00AD, 0x00AE, 0x00AF, 0x00B2, 0x00B3, 0x00B7, 0x00B8, 0x00B9,
	0x00BA, 0x00BB, 0x00BC, 0x00BD, 0x00BE, 0x00BF, 0x00C0, 0x00C1, 0x00C2, 0x00C3, 0x00C4, 0x00C5,
	0x00C6, 0x00C7, 0x00C8, 0x00C9, 0x00CA, 0x00CB, 0x00CC, 0x00CD, 0x00CE, 0x00CF, 0x00D0, 0x00D1,
	0x00D2, 0x00D3, 0x00D4, 0x00D5, 0x00D6, 0x00D8, 0x00D9, 0x00DA, 0x00DB, 0x00DC, 0x00DD, 0x00DE,
	0x00DF, 0x00E0, 0x00E1, 0x00E2, 0x00E3, 0x00E4, 0x00E5, 0x00E6, 0x00E7, 0x00E8, 0x00E9, 0x00EA,
	0x00EB, 0x00EC, 0x00ED, 0x00EE, 0x00EF, 0x00F0, 0x00F1, 0x00F2, 0x00F3, 0x00F4, 0x00F5, 0x00F6,
	0x00F8, 0x00F9, 0x00FA, 0x00FB, 0x00FC, 0x00FD, 0x00FE, 0x00FF, 0x0100, 0x012A, 0x016A, 0x0112,
	0x014C, 0x0101, 0x012B, 0x016B, 0x0113, 0x014D, 0x0104, 0x02D8, 0x0141, 0x013D, 0x015A, 0x0160,
	0x015E, 0x0164, 0x0179, 0x017D, 0x017B, 0x0105, 0x02DB, 0x0142, 0x013E, 0x015B, 0x02C7, 0x0161,
	0x015F, 0x0165, 0x017A, 0x02DD, 0x017E, 0x017C, 0x0154, 0x0102, 0x0139, 0x0106, 0x010C, 0x0118,
	0x011A, 0x010E, 0x0143, 0x0147, 0x0150, 0x0158, 0x016E, 0x0170, 0x0162, 0x0155, 0x0103, 0x013A,
	0x0107, 0x010D, 0x0119, 0x011B, 0x010F, 0x0111, 0x0144, 0x0148, 0x0151, 0x0159, 0x016F, 0x0171,
	0x0163, 0x02D9, 0x0108, 0x011C, 0x0124, 0x0134, 0x015C, 0x016C, 0x0109, 0x011D, 0x0125, 0x0135,
	0x015D, 0x016D, 0x0271, 0x028B, 0x027E, 0x0283, 0x0292, 0x026C, 0x026E, 0x0279, 0x0288, 0x0256,
	0x0273, 0x027D, 0x0282, 0x0290, 0x027B, 0x026D, 0x025F, 0x0272, 0x029D, 0x028E, 0x0261, 0x014B,
	0x0270, 0x0281, 0x0127, 0x0295, 0x0294, 0x0266, 0x0298, 0x01C2, 0x0253, 0x0257, 0x0284, 0x0260,
	0x0193, 0x0153, 0x0152, 0x0268, 0x0289, 0x0258, 0x0275, 0x0259, 0x025C, 0x025E, 0x0250, 0x026F,
	0x028A, 0x0264, 0x028C, 0x0254, 0x0251, 0x0252, 0x028D, 0x0265, 0x02A2, 0x02A1, 0x0255, 0x0291,
	0x027A, 0x0267, 0x025A, 0xD80E, 0x01FD, 0x1F70, 0x1F71, 0xD80F, 0xD810, 0xD811, 0xD812, 0xD813,
	0xD814, 0xD815, 0xD816, 0x1F72, 0x1F73, 0x0361, 0x02C8, 0x02CC, 0x02D0, 0x02D1, 0x0306, 0x203F,
	0x030B, 0x0301, 0x0304, 0x0300, 0x030F, 0x030C, 0x0302, 0x02E5, 0x02E6, 0x02E7, 0x02E8, 0x02E9,
	0xD817, 0xD818, 0x0325, 0x032C, 0x0339, 0x031C, 0x031F, 0x0320, 0x0308, 0x033D, 0x0329, 0x032F,
	0x02DE, 0x0324, 0x0330, 0x033C, 0x0334, 0x031D, 0x031E, 0x0318, 0x0319, 0x032A, 0x033A, 0x033B,
	0x0303, 0x031A, 0x2776, 0x2777, 0x2778, 0x2779, 0x277A, 0x277B, 0x277C, 0x277D, 0x277E, 0x277F,
	0x24EB, 0x24EC, 0x24ED, 0x24EE, 0x24EF, 0x24F0, 0x24F1, 0x24F2, 0x24F3, 0x24F4, 0x2170, 0x2171,
	0x2172, 0x2173, 0x2174, 0x2175, 0x2176, 0x2177, 0x2178, 0x2179, 0x217A, 0x217B, 0x24D0, 0x24D1,
	0x24D2, 0x24D3, 0x24D4, 0x24D5, 0x24D6, 0x24D7, 0x24D8, 0x24D9, 0x24DA, 0x24DB, 0x24DC, 0x24DD,
	0x24DE, 0x24DF, 0x24E0, 0x24E1, 0x24E2, 0x24E3, 0x24E4, 0x24E5, 0x24E6, 0x24E7, 0x24E8, 0x24E9,
	0x32D0, 0x32D1, 0x32D2, 0x32D3, 0x32D4, 0x32D5, 0x32D6, 0x32D7, 0x32D8, 0x32D9, 0x32DA, 0x32DB,
	0x32DC, 0x32DD, 0x32DE, 0x32DF, 0x32E0, 0x32E1, 0x32E2, 0x32E3, 0x32FA, 0x32E9, 0x32E5, 0x32ED,
	0x32EC, 0x0000, 0x0000, 0x0000, 0x0000, 0x0000, 0x0000, 0x0000, 0x0000, 0x0000, 0x2051, 0x2042,
	0x2460, 0x2461, 0x2462, 0x2463, 0x2464, 0x2465, 0x2466, 0x2467, 0x2468, 0x2469, 0x246A, 0x246B,
	0x246C, 0x246D, 0x246E, 0x246F, 0x2470, 0x2471, 0x2472, 0x2473, 0x2160, 0x2161, 0x2162, 0x2163,
	0x2164, 0x2165, 0x2166, 0x2167, 0x2168, 0x2169, 0x216A, 0x3349, 0x3314, 0x3322, 0x334D, 0x3318,
	0x3327, 0x3303, 0x3336, 0x3351, 0x3357, 0x330D, 0x3326, 0x3323, 0x332B, 0x334A, 0x333B, 0x339C,
	0x339D, 0x339E, 0x338E, 0x338F, 0x33C4, 0x33A1, 0x216B, 0x0000, 0x0000, 0x0000, 0x0000, 0x0000,
	0x0000, 0x0000, 0x337B, 0x301D, 0x301F, 0x2116, 0x33CD, 0x2121, 0x32A4, 0x32A5, 0x32A6, 0x32A7,
	0x32A8, 0x3231, 0x3232, 0x3239, 0x337E, 0x337D, 0x337C, 0x0000, 0x0000, 0x0000, 0x222E, 0x0000,
	0x0000, 0x0000, 0x0000, 0x221F, 0x22BF, 0x0000, 0x0000, 0x0000, 0x2756, 0x261E, 0x4FF1, 0xD819,
	0x3402, 0x4E28, 0x4E2F, 0x4E30, 0x4E8D, 0x4EE1, 0x4EFD, 0x4EFF, 0x4F03, 0x4F0B, 0x4F60, 0x4F48,
	0x4F49, 0x4F56, 0x4F5F, 0x4F6A, 0x4F6C, 0x4F7E, 0x4F8A, 0x4F94, 0x4F97, 0xFA30, 0x4FC9, 0x4FE0,
	0x5001, 0x5002, 0x500E, 0x5018, 0x5027, 0x502E, 0x5040, 0x503B, 0x5041, 0x5094, 0x50CC, 0x50F2,
	0x50D0, 0x50E6, 0xFA31, 0x5106, 0x5103, 0x510B, 0x511E, 0x5135, 0x514A, 0xFA32, 0x5155, 0x5157,
	0x34B5, 0x519D, 0x51C3, 0x51CA, 0x51DE, 0x51E2, 0x51EE, 0x5201, 0x34DB, 0x5213, 0x5215, 0x5249,
	0x5257, 0x5261, 0x5293, 0x52C8, 0xFA33, 0x52CC, 0x52D0, 0x52D6, 0x52DB, 0xFA34, 0x52F0, 0x52FB,
	0x5300, 0x5307, 0x531C, 0xFA35, 0x5361, 0x5363, 0x537D, 0x5393, 0x539D, 0x53B2, 0x5412, 0x5427,
	0x544D, 0x549C, 0x546B, 0x5474, 0x547F, 0x5488, 0x5496, 0x54A1, 0x54A9, 0x54C6, 0x54FF, 0x550E,
	0x552B, 0x5535, 0x5550, 0x555E, 0x5581, 0x5586, 0x558E, 0xFA36, 0x55AD, 0x55CE, 0xFA37, 0x5608,
	0x560E, 0x563B, 0x5649, 0x5676, 0x5666, 0xFA38, 0x566F, 0x5671, 0x5672, 0x5699, 0x569E, 0x56A9,
	0x56AC, 0x56B3, 0x56C9, 0x56CA, 0x570A, 0xD81A, 0x5721, 0x572F, 0x5733, 0x5734, 0x5770, 0x5777,
	0x577C, 0x579C, 0xFA0F, 0xD81B, 0x57B8, 0x57C7, 0x57C8, 0x57CF, 0x57E4, 0x57ED, 0x57F5, 0x57F6,
	0x57FF, 0x5809, 0xFA10, 0x5861, 0x5864, 0xFA39, 0x587C, 0x5889, 0x589E, 0xFA3A, 0x58A9, 0xD81C,
	0x58D2, 0x58CE, 0x58D4, 0x58DA, 0x58E0, 0x58E9, 0x590C, 0x8641, 0x595D, 0x596D, 0x598B, 0x5992,
	0x59A4, 0x59C3, 0x59D2, 0x59DD, 0x5A13, 0x5A23, 0x5A67, 0x5A6D, 0x5A77, 0x5A7E, 0x5A84, 0x5A9E,
	0x5AA7, 0x5AC4, 0xD81D, 0x5B19, 0x5B25, 0x525D, 0x4E9C, 0x5516, 0x5A03, 0x963F, 0x54C0, 0x611B,
	0x6328, 0x59F6, 0x9022, 0x8475, 0x831C, 0x7A50, 0x60AA, 0x63E1, 0x6E25, 0x65ED, 0x8466, 0x82A6,
	0x9BF5, 0x6893, 0x5727, 0x65A1, 0x6271, 0x5B9B, 0x59D0, 0x867B, 0x98F4, 0x7D62, 0x7DBE, 0x9B8E,
	0x6216, 0x7C9F, 0x88B7, 0x5B89, 0x5EB5, 0x6309, 0x6697, 0x6848, 0x95C7, 0x978D, 0x674F, 0x4EE5,
	0x4F0A, 0x4F4D, 0x4F9D, 0x5049, 0x56F2, 0x5937, 0x59D4, 0x5A01, 0x5C09, 0x60DF, 0x610F, 0x6170,
	0x6613, 0x6905, 0x70BA, 0x754F, 0x7570, 0x79FB, 0x7DAD, 0x7DEF, 0x80C3, 0x840E, 0x8863, 0x8B02,
	0x9055, 0x907A, 0x533B, 0x4E95, 0x4EA5, 0x57DF, 0x80B2, 0x90C1, 0x78EF, 0x4E00, 0x58F1, 0x6EA2,
	0x9038, 0x7A32, 0x8328, 0x828B, 0x9C2F, 0x5141, 0x5370, 0x54BD, 0x54E1, 0x56E0, 0x59FB, 0x5F15,
	0x98F2, 0x6DEB, 0x80E4, 0x852D, 0x9662, 0x9670, 0x96A0, 0x97FB, 0x540B, 0x53F3, 0x5B87, 0x70CF,
	0x7FBD, 0x8FC2, 0x96E8, 0x536F, 0x9D5C, 0x7ABA, 0x4E11, 0x7893, 0x81FC, 0x6E26, 0x5618, 0x5504,
	0x6B1D, 0x851A, 0x9C3B, 0x59E5, 0x53A9, 0x6D66, 0x74DC, 0x958F, 0x5642, 0x4E91, 0x904B, 0x96F2,
	0x834F, 0x990C, 0x53E1, 0x55B6, 0x5B30, 0x5F71, 0x6620, 0x66F3, 0x6804, 0x6C38, 0x6CF3, 0x6D29,
	0x745B, 0x76C8, 0x7A4E, 0x9834, 0x82F1, 0x885B, 0x8A60, 0x92ED, 0x6DB2, 0x75AB, 0x76CA, 0x99C5,
	0x60A6, 0x8B01, 0x8D8A, 0x95B2, 0x698E, 0x53AD, 0x5186, 0x5712, 0x5830, 0x5944, 0x5BB4, 0x5EF6,
	0x6028, 0x63A9, 0x63F4, 0x6CBF, 0x6F14, 0x708E, 0x7114, 0x7159, 0x71D5, 0x733F, 0x7E01, 0x8276,
	0x82D1, 0x8597, 0x9060, 0x925B, 0x9D1B, 0x5869, 0x65BC, 0x6C5A, 0x7525, 0x51F9, 0x592E, 0x5965,
	0x5F80, 0x5FDC, 0x62BC, 0x65FA, 0x6A2A, 0x6B27, 0x6BB4, 0x738B, 0x7FC1, 0x8956, 0x9D2C, 0x9D0E,
	0x9EC4, 0x5CA1, 0x6C96, 0x837B, 0x5104, 0x5C4B, 0x61B6, 0x81C6, 0x6876, 0x7261, 0x4E59, 0x4FFA,
	0x5378, 0x6069, 0x6E29, 0x7A4F, 0x97F3, 0x4E0B, 0x5316, 0x4EEE, 0x4F55, 0x4F3D, 0x4FA1, 0x4F73,
	0x52A0, 0x53EF, 0x5609, 0x590F, 0x5AC1, 0x5BB6, 0x5BE1, 0x79D1, 0x6687, 0x679C, 0x67B6, 0x6B4C,
	0x6CB3, 0x706B, 0x73C2, 0x798D, 0x79BE, 0x7A3C, 0x7B87, 0x82B1, 0x82DB, 0x8304, 0x8377, 0x83EF,
	0x83D3, 0x8766, 0x8AB2, 0x5629, 0x8CA8, 0x8FE6, 0x904E, 0x971E, 0x868A, 0x4FC4, 0x5CE8, 0x6211,
	0x7259, 0x753B, 0x81E5, 0x82BD, 0x86FE, 0x8CC0, 0x96C5, 0x9913, 0x99D5, 0x4ECB, 0x4F1A, 0x89E3,
	0x56DE, 0x584A, 0x58CA, 0x5EFB, 0x5FEB, 0x602A, 0x6094, 0x6062, 0x61D0, 0x6212, 0x62D0, 0x6539,
	0x9B41, 0x6666, 0x68B0, 0x6D77, 0x7070, 0x754C, 0x7686, 0x7D75, 0x82A5, 0x87F9, 0x958B, 0x968E,
	0x8C9D, 0x51F1, 0x52BE, 0x5916, 0x54B3, 0x5BB3, 0x5D16, 0x6168, 0x6982, 0x6DAF, 0x788D, 0x84CB,
	0x8857, 0x8A72, 0x93A7, 0x9AB8, 0x6D6C, 0x99A8, 0x86D9, 0x57A3, 0x67FF, 0x86CE, 0x920E, 0x5283,
	0x5687, 0x5404, 0x5ED3, 0x62E1, 0x64B9, 0x683C, 0x6838, 0x6BBB, 0x7372, 0x78BA, 0x7A6B, 0x899A,
	0x89D2, 0x8D6B, 0x8F03, 0x90ED, 0x95A3, 0x9694, 0x9769, 0x5B66, 0x5CB3, 0x697D, 0x984D, 0x984E,
	0x639B, 0x7B20, 0x6A2B, 0x6A7F, 0x68B6, 0x9C0D, 0x6F5F, 0x5272, 0x559D, 0x6070, 0x62EC, 0x6D3B,
	0x6E07, 0x6ED1, 0x845B, 0x8910, 0x8F44, 0x4E14, 0x9C39, 0x53F6, 0x691B, 0x6A3A, 0x9784, 0x682A,
	0x515C, 0x7AC3, 0x84B2, 0x91DC, 0x938C, 0x565B, 0x9D28, 0x6822, 0x8305, 0x8431, 0x7CA5, 0x5208,
	0x82C5, 0x74E6, 0x4E7E, 0x4F83, 0x51A0, 0x5BD2, 0x520A, 0x52D8, 0x52E7, 0x5DFB, 0x559A, 0x582A,
	0x59E6, 0x5B8C, 0x5B98, 0x5BDB, 0x5E72, 0x5E79, 0x60A3, 0x611F, 0x6163, 0x61BE, 0x63DB, 0x6562,
	0x67D1, 0x6853, 0x68FA, 0x6B3E, 0x6B53, 0x6C57, 0x6F22, 0x6F97, 0x6F45, 0x74B0, 0x7518, 0x76E3,
	0x770B, 0x7AFF, 0x7BA1, 0x7C21, 0x7DE9, 0x7F36, 0x7FF0, 0x809D, 0x8266, 0x839E, 0x89B3, 0x8ACC,
	0x8CAB, 0x9084, 0x9451, 0x9593, 0x9591, 0x95A2, 0x9665, 0x97D3, 0x9928, 0x8218, 0x4E38, 0x542B,
	0x5CB8, 0x5DCC, 0x73A9, 0x764C, 0x773C, 0x5CA9, 0x7FEB, 0x8D0B, 0x96C1, 0x9811, 0x9854, 0x9858,
	0x4F01, 0x4F0E, 0x5371, 0x559C, 0x5668, 0x57FA, 0x5947, 0x5B09, 0x5BC4, 0x5C90, 0x5E0C, 0x5E7E,
	0x5FCC, 0x63EE, 0x673A, 0x65D7, 0x65E2, 0x671F, 0x68CB, 0x68C4, 0x6A5F, 0x5E30, 0x6BC5, 0x6C17,
	0x6C7D, 0x757F, 0x7948, 0x5B63, 0x7A00, 0x7D00, 0x5FBD, 0x898F, 0x8A18, 0x8CB4, 0x8D77, 0x8ECC,
	0x8F1D, 0x98E2, 0x9A0E, 0x9B3C, 0x4E80, 0x507D, 0x5100, 0x5993, 0x5B9C, 0x622F, 0x6280, 0x64EC,
	0x6B3A, 0x72A0, 0x7591, 0x7947, 0x7FA9, 0x87FB, 0x8ABC, 0x8B70, 0x63AC, 0x83CA, 0x97A0, 0x5409,
	0x5403, 0x55AB, 0x6854, 0x6A58, 0x8A70, 0x7827, 0x6775, 0x9ECD, 0x5374, 0x5BA2, 0x811A, 0x8650,
	0x9006, 0x4E18, 0x4E45, 0x4EC7, 0x4F11, 0x53CA, 0x5438, 0x5BAE, 0x5F13, 0x6025, 0x6551, 0x673D,
	0x6C42, 0x6C72, 0x6CE3, 0x7078, 0x7403, 0x7A76, 0x7AAE, 0x7B08, 0x7D1A, 0x7CFE, 0x7D66, 0x65E7,
	0x725B, 0x53BB, 0x5C45, 0x5DE8, 0x62D2, 0x62E0, 0x6319, 0x6E20, 0x865A, 0x8A31, 0x8DDD, 0x92F8,
	0x6F01, 0x79A6, 0x9B5A, 0x4EA8, 0x4EAB, 0x4EAC, 0x4F9B, 0x4FA0, 0x50D1, 0x5147, 0x7AF6, 0x5171,
	0x51F6, 0x5354, 0x5321, 0x537F, 0x53EB, 0x55AC, 0x5883, 0x5CE1, 0x5F37, 0x5F4A, 0x602F, 0x6050,
	0x606D, 0x631F, 0x6559, 0x6A4B, 0x6CC1, 0x72C2, 0x72ED, 0x77EF, 0x80F8, 0x8105, 0x8208, 0x854E,
	0x90F7, 0x93E1, 0x97FF, 0x9957, 0x9A5A, 0x4EF0, 0x51DD, 0x5C2D, 0x6681, 0x696D, 0x5C40, 0x66F2,
	0x6975, 0x7389, 0x6850, 0x7C81, 0x50C5, 0x52E4, 0x5747, 0x5DFE, 0x9326, 0x65A4, 0x6B23, 0x6B3D,
	0x7434, 0x7981, 0x79BD, 0x7B4B, 0x7DCA, 0x82B9, 0x83CC, 0x887F, 0x895F, 0x8B39, 0x8FD1, 0x91D1,
	0x541F, 0x9280, 0x4E5D, 0x5036, 0x53E5, 0x533A, 0x72D7, 0x7396, 0x77E9, 0x82E6, 0x8EAF, 0x99C6,
	0x99C8, 0x99D2, 0x5177, 0x611A, 0x865E, 0x55B0, 0x7A7A, 0x5076, 0x5BD3, 0x9047, 0x9685, 0x4E32,
	0x6ADB, 0x91E7, 0x5C51, 0x5C48, 0x6398, 0x7A9F, 0x6C93, 0x9774, 0x8F61, 0x7AAA, 0x718A, 0x9688,
	0x7C82, 0x6817, 0x7E70, 0x6851, 0x936C, 0x52F2, 0x541B, 0x85AB, 0x8A13, 0x7FA4, 0x8ECD, 0x90E1,
	0x5366, 0x8888, 0x7941, 0x4FC2, 0x50BE, 0x5211, 0x5144, 0x5553, 0x572D, 0x73EA, 0x578B, 0x5951,
	0x5F62, 0x5F84, 0x6075, 0x6176, 0x6167, 0x61A9, 0x63B2, 0x643A, 0x656C, 0x666F, 0x6842, 0x6E13,
	0x7566, 0x7A3D, 0x7CFB, 0x7D4C, 0x7D99, 0x7E4B, 0x7F6B, 0x830E, 0x834A, 0x86CD, 0x8A08, 0x8A63,
	0x8B66, 0x8EFD, 0x981A, 0x9D8F, 0x82B8, 0x8FCE, 0x9BE8, 0x5287, 0x621F, 0x6483, 0x6FC0, 0x9699,
	0x6841, 0x5091, 0x6B20, 0x6C7A, 0x6F54, 0x7A74, 0x7D50, 0x8840, 0x8A23, 0x6708, 0x4EF6, 0x5039,
	0x5026, 0x5065, 0x517C, 0x5238, 0x5263, 0x55A7, 0x570F, 0x5805, 0x5ACC, 0x5EFA, 0x61B2, 0x61F8,
	0x62F3, 0x6372, 0x691C, 0x6A29, 0x727D, 0x72AC, 0x732E, 0x7814, 0x786F, 0x7D79, 0x770C, 0x80A9,
	0x898B, 0x8B19, 0x8CE2, 0x8ED2, 0x9063, 0x9375, 0x967A, 0x9855, 0x9A13, 0x9E78, 0x5143, 0x539F,
	0x53B3, 0x5E7B, 0x5F26, 0x6E1B, 0x6E90, 0x7384, 0x73FE, 0x7D43, 0x8237, 0x8A00, 0x8AFA, 0x9650,
	0x4E4E, 0x500B, 0x53E4, 0x547C, 0x56FA, 0x59D1, 0x5B64, 0x5DF1, 0x5EAB, 0x5F27, 0x6238, 0x6545,
	0x67AF, 0x6E56, 0x72D0, 0x7CCA, 0x88B4, 0x80A1, 0x80E1, 0x83F0, 0x864E, 0x8A87, 0x8DE8, 0x9237,
	0x96C7, 0x9867, 0x9F13, 0x4E94, 0x4E92, 0x4F0D, 0x5348, 0x5449, 0x543E, 0x5A2F, 0x5F8C, 0x5FA1,
	0x609F, 0x68A7, 0x6A8E, 0x745A, 0x7881, 0x8A9E, 0x8AA4, 0x8B77, 0x9190, 0x4E5E, 0x9BC9, 0x4EA4,
	0x4F7C, 0x4FAF, 0x5019, 0x5016, 0x5149, 0x516C, 0x529F, 0x52B9, 0x52FE, 0x539A, 0x53E3, 0x5411,
	0x540E, 0x5589, 0x5751, 0x57A2, 0x597D, 0x5B54, 0x5B5D, 0x5B8F, 0x5DE5, 0x5DE7, 0x5DF7, 0x5E78,
	0x5E83, 0x5E9A, 0x5EB7, 0x5F18, 0x6052, 0x614C, 0x6297, 0x62D8, 0x63A7, 0x653B, 0x6602, 0x6643,
	0x66F4, 0x676D, 0x6821, 0x6897, 0x69CB, 0x6C5F, 0x6D2A, 0x6D69, 0x6E2F, 0x6E9D, 0x7532, 0x7687,
	0x786C, 0x7A3F, 0x7CE0, 0x7D05, 0x7D18, 0x7D5E, 0x7DB1, 0x8015, 0x8003, 0x80AF, 0x80B1, 0x8154,
	0x818F, 0x822A, 0x8352, 0x884C, 0x8861, 0x8B1B, 0x8CA2, 0x8CFC, 0x90CA, 0x9175, 0x9271, 0x783F,
	0x92FC, 0x95A4, 0x964D, 0x9805, 0x9999, 0x9AD8, 0x9D3B, 0x525B, 0x52AB, 0x53F7, 0x5408, 0x58D5,
	0x62F7, 0x6FE0, 0x8C6A, 0x8F5F, 0x9EB9, 0x514B, 0x523B, 0x544A, 0x56FD, 0x7A40, 0x9177, 0x9D60,
	0x9ED2, 0x7344, 0x6F09, 0x8170, 0x7511, 0x5FFD, 0x60DA, 0x9AA8, 0x72DB, 0x8FBC, 0x6B64, 0x9803,
	0x4ECA, 0x56F0, 0x5764, 0x58BE, 0x5A5A, 0x6068, 0x61C7, 0x660F, 0x6606, 0x6839, 0x68B1, 0x6DF7,
	0x75D5, 0x7D3A, 0x826E, 0x9B42, 0x4E9B, 0x4F50, 0x53C9, 0x5506, 0x5D6F, 0x5DE6, 0x5DEE, 0x67FB,
	0x6C99, 0x7473, 0x7802, 0x8A50, 0x9396, 0x88DF, 0x5750, 0x5EA7, 0x632B, 0x50B5, 0x50AC, 0x518D,
	0x6700, 0x54C9, 0x585E, 0x59BB, 0x5BB0, 0x5F69, 0x624D, 0x63A1, 0x683D, 0x6B73, 0x6E08, 0x707D,
	0x91C7, 0x7280, 0x7815, 0x7826, 0x796D, 0x658E, 0x7D30, 0x83DC, 0x88C1, 0x8F09, 0x969B, 0x5264,
	0x5728, 0x6750, 0x7F6A, 0x8CA1, 0x51B4, 0x5742, 0x962A, 0x583A, 0x698A, 0x80B4, 0x54B2, 0x5D0E,
	0x57FC, 0x7895, 0x9DFA, 0x4F5C, 0x524A, 0x548B, 0x643E, 0x6628, 0x6714, 0x67F5, 0x7A84, 0x7B56,
	0x7D22, 0x932F, 0x685C, 0x9BAD, 0x7B39, 0x5319, 0x518A, 0x5237, 0x5BDF, 0x62F6, 0x64AE, 0x64E6,
	0x672D, 0x6BBA, 0x85A9, 0x96D1, 0x7690, 0x9BD6, 0x634C, 0x9306, 0x9BAB, 0x76BF, 0x6652, 0x4E09,
	0x5098, 0x53C2, 0x5C71, 0x60E8, 0x6492, 0x6563, 0x685F, 0x71E6, 0x73CA, 0x7523, 0x7B97, 0x7E82,
	0x8695, 0x8B83, 0x8CDB, 0x9178, 0x9910, 0x65AC, 0x66AB, 0x6B8B, 0x4ED5, 0x4ED4, 0x4F3A, 0x4F7F,
	0x523A, 0x53F8, 0x53F2, 0x55E3, 0x56DB, 0x58EB, 0x59CB, 0x59C9, 0x59FF, 0x5B50, 0x5C4D, 0x5E02,
	0x5E2B, 0x5FD7, 0x601D, 0x6307, 0x652F, 0x5B5C, 0x65AF, 0x65BD, 0x65E8, 0x679D, 0x6B62, 0x6B7B,
	0x6C0F, 0x7345, 0x7949, 0x79C1, 0x7CF8, 0x7D19, 0x7D2B, 0x80A2, 0x8102, 0x81F3, 0x8996, 0x8A5E,
	0x8A69, 0x8A66, 0x8A8C, 0x8AEE, 0x8CC7, 0x8CDC, 0x96CC, 0x98FC, 0x6B6F, 0x4E8B, 0x4F3C, 0x4F8D,
	0x5150, 0x5B57, 0x5BFA, 0x6148, 0x6301, 0x6642, 0x6B21, 0x6ECB, 0x6CBB, 0x723E, 0x74BD, 0x75D4,
	0x78C1, 0x793A, 0x800C, 0x8033, 0x81EA, 0x8494, 0x8F9E, 0x6C50, 0x9E7F, 0x5F0F, 0x8B58, 0x9D2B,
	0x7AFA, 0x8EF8, 0x5B8D, 0x96EB, 0x4E03, 0x53F1, 0x57F7, 0x5931, 0x5AC9, 0x5BA4, 0x6089, 0x6E7F,
	0x6F06, 0x75BE, 0x8CEA, 0x5B9F, 0x8500, 0x7BE0, 0x5072, 0x67F4, 0x829D, 0x5C61, 0x854A, 0x7E1E,
	0x820E, 0x5199, 0x5C04, 0x6368, 0x8D66, 0x659C, 0x716E, 0x793E, 0x7D17, 0x8005, 0x8B1D, 0x8ECA,
	0x906E, 0x86C7, 0x90AA, 0x501F, 0x52FA, 0x5C3A, 0x6753, 0x707C, 0x7235, 0x914C, 0x91C8, 0x932B,
	0x82E5, 0x5BC2, 0x5F31, 0x60F9, 0x4E3B, 0x53D6, 0x5B88, 0x624B, 0x6731, 0x6B8A, 0x72E9, 0x73E0,
	0x7A2E, 0x816B, 0x8DA3, 0x9152, 0x9996, 0x5112, 0x53D7, 0x546A, 0x5BFF, 0x6388, 0x6A39, 0x7DAC,
	0x9700, 0x56DA, 0x53CE, 0x5468, 0x5B97, 0x5C31, 0x5DDE, 0x4FEE, 0x6101, 0x62FE, 0x6D32, 0x79C0,
	0x79CB, 0x7D42, 0x7E4D, 0x7FD2, 0x81ED, 0x821F, 0x8490, 0x8846, 0x8972, 0x8B90, 0x8E74, 0x8F2F,
	0x9031, 0x914B, 0x916C, 0x96C6, 0x919C, 0x4EC0, 0x4F4F, 0x5145, 0x5341, 0x5F93, 0x620E, 0x67D4,
	0x6C41, 0x6E0B, 0x7363, 0x7E26, 0x91CD, 0x9283, 0x53D4, 0x5919, 0x5BBF, 0x6DD1, 0x795D, 0x7E2E,
	0x7C9B, 0x587E, 0x719F, 0x51FA, 0x8853, 0x8FF0, 0x4FCA, 0x5CFB, 0x6625, 0x77AC, 0x7AE3, 0x821C,
	0x99FF, 0x51C6, 0x5FAA, 0x65EC, 0x696F, 0x6B89, 0x6DF3, 0x6E96, 0x6F64, 0x76FE, 0x7D14, 0x5DE1,
	0x9075, 0x9187, 0x9806, 0x51E6, 0x521D, 0x6240, 0x6691, 0x66D9, 0x6E1A, 0x5EB6, 0x7DD2, 0x7F72,
	0x66F8, 0x85AF, 0x85F7, 0x8AF8, 0x52A9, 0x53D9, 0x5973, 0x5E8F, 0x5F90, 0x6055, 0x92E4, 0x9664,
	0x50B7, 0x511F, 0x52DD, 0x5320, 0x5347, 0x53EC, 0x54E8, 0x5546, 0x5531, 0x5617, 0x5968, 0x59BE,
	0x5A3C, 0x5BB5, 0x5C06, 0x5C0F, 0x5C11, 0x5C1A, 0x5E84, 0x5E8A, 0x5EE0, 0x5F70, 0x627F, 0x6284,
	0x62DB, 0x638C, 0x6377, 0x6607, 0x660C, 0x662D, 0x6676, 0x677E, 0x68A2, 0x6A1F, 0x6A35, 0x6CBC,
	0x6D88, 0x6E09, 0x6E58, 0x713C, 0x7126, 0x7167, 0x75C7, 0x7701, 0x785D, 0x7901, 0x7965, 0x79F0,
	0x7AE0, 0x7B11, 0x7CA7, 0x7D39, 0x8096, 0x83D6, 0x848B, 0x8549, 0x885D, 0x88F3, 0x8A1F, 0x8A3C,
	0x8A54, 0x8A73, 0x8C61, 0x8CDE, 0x91A4, 0x9266, 0x937E, 0x9418, 0x969C, 0x9798, 0x4E0A, 0x4E08,
	0x4E1E, 0x4E57, 0x5197, 0x5270, 0x57CE, 0x5834, 0x58CC, 0x5B22, 0x5E38, 0x60C5, 0x64FE, 0x6761,
	0x6756, 0x6D44, 0x72B6, 0x7573, 0x7A63, 0x84B8, 0x8B72, 0x91B8, 0x9320, 0x5631, 0x57F4, 0x98FE,
	0x62ED, 0x690D, 0x6B96, 0x71ED, 0x7E54, 0x8077, 0x8272, 0x89E6, 0x98DF, 0x8755, 0x8FB1, 0x5C3B,
	0x4F38, 0x4FE1, 0x4FB5, 0x5507, 0x5A20, 0x5BDD, 0x5BE9, 0x5FC3, 0x614E, 0x632F, 0x65B0, 0x664B,
	0x68EE, 0x699B, 0x6D78, 0x6DF1, 0x7533, 0x75B9, 0x771F, 0x795E, 0x79E6, 0x7D33, 0x81E3, 0x82AF,
	0x85AA, 0x89AA, 0x8A3A, 0x8EAB, 0x8F9B, 0x9032, 0x91DD, 0x9707, 0x4EBA, 0x4EC1, 0x5203, 0x5875,
	0x58EC, 0x5C0B, 0x751A, 0x5C3D, 0x814E, 0x8A0A, 0x8FC5, 0x9663, 0x976D, 0x7B25, 0x8ACF, 0x9808,
	0x9162, 0x56F3, 0x53A8, 0x9017, 0x5439, 0x5782, 0x5E25, 0x63A8, 0x6C34, 0x708A, 0x7761, 0x7C8B,
	0x7FE0, 0x8870, 0x9042, 0x9154, 0x9310, 0x9318, 0x968F, 0x745E, 0x9AC4, 0x5D07, 0x5D69, 0x6570,
	0x67A2, 0x8DA8, 0x96DB, 0x636E, 0x6749, 0x6919, 0x83C5, 0x9817, 0x96C0, 0x88FE, 0x6F84, 0x647A,
	0x5BF8, 0x4E16, 0x702C, 0x755D, 0x662F, 0x51C4, 0x5236, 0x52E2, 0x59D3, 0x5F81, 0x6027, 0x6210,
	0x653F, 0x6574, 0x661F, 0x6674, 0x68F2, 0x6816, 0x6B63, 0x6E05, 0x7272, 0x751F, 0x76DB, 0x7CBE,
	0x8056, 0x58F0, 0x88FD, 0x897F, 0x8AA0, 0x8A93, 0x8ACB, 0x901D, 0x9192, 0x9752, 0x9759, 0x6589,
	0x7A0E, 0x8106, 0x96BB, 0x5E2D, 0x60DC, 0x621A, 0x65A5, 0x6614, 0x6790, 0x77F3, 0x7A4D, 0x7C4D,
	0x7E3E, 0x810A, 0x8CAC, 0x8D64, 0x8DE1, 0x8E5F, 0x78A9, 0x5207, 0x62D9, 0x63A5, 0x6442, 0x6298,
	0x8A2D, 0x7A83, 0x7BC0, 0x8AAC, 0x96EA, 0x7D76, 0x820C, 0x8749, 0x4ED9, 0x5148, 0x5343, 0x5360,
	0x5BA3, 0x5C02, 0x5C16, 0x5DDD, 0x6226, 0x6247, 0x64B0, 0x6813, 0x6834, 0x6CC9, 0x6D45, 0x6D17,
	0x67D3, 0x6F5C, 0x714E, 0x717D, 0x65CB, 0x7A7F, 0x7BAD, 0x7DDA, 0x7E4A, 0x7FA8, 0x817A, 0x821B,
	0x8239, 0x85A6, 0x8A6E, 0x8CCE, 0x8DF5, 0x9078, 0x9077, 0x92AD, 0x9291, 0x9583, 0x9BAE, 0x524D,
	0x5584, 0x6F38, 0x7136, 0x5168, 0x7985, 0x7E55, 0x81B3, 0x7CCE, 0x564C, 0x5851, 0x5CA8, 0x63AA,
	0x66FE, 0x66FD, 0x695A, 0x72D9, 0x758F, 0x758E, 0x790E, 0x7956, 0x79DF, 0x7C97, 0x7D20, 0x7D44,
	0x8607, 0x8A34, 0x963B, 0x9061, 0x9F20, 0x50E7, 0x5275, 0x53CC, 0x53E2, 0x5009, 0x55AA, 0x58EE,
	0x594F, 0x723D, 0x5B8B, 0x5C64, 0x531D, 0x60E3, 0x60F3, 0x635C, 0x6383, 0x633F, 0x63BB, 0x64CD,
	0x65E9, 0x66F9, 0x5DE3, 0x69CD, 0x69FD, 0x6F15, 0x71E5, 0x4E89, 0x75E9, 0x76F8, 0x7A93, 0x7CDF,
	0x7DCF, 0x7D9C, 0x8061, 0x8349, 0x8358, 0x846C, 0x84BC, 0x85FB, 0x88C5, 0x8D70, 0x9001, 0x906D,
	0x9397, 0x971C, 0x9A12, 0x50CF, 0x5897, 0x618E, 0x81D3, 0x8535, 0x8D08, 0x9020, 0x4FC3, 0x5074,
	0x5247, 0x5373, 0x606F, 0x6349, 0x675F, 0x6E2C, 0x8DB3, 0x901F, 0x4FD7, 0x5C5E, 0x8CCA, 0x65CF,
	0x7D9A, 0x5352, 0x8896, 0x5176, 0x63C3, 0x5B58, 0x5B6B, 0x5C0A, 0x640D, 0x6751, 0x905C, 0x4ED6,
	0x591A, 0x592A, 0x6C70, 0x8A51, 0x553E, 0x5815, 0x59A5, 0x60F0, 0x6253, 0x67C1, 0x8235, 0x6955,
	0x9640, 0x99C4, 0x9A28, 0x4F53, 0x5806, 0x5BFE, 0x8010, 0x5CB1, 0x5E2F, 0x5F85, 0x6020, 0x614B,
	0x6234, 0x66FF, 0x6CF0, 0x6EDE, 0x80CE, 0x817F, 0x82D4, 0x888B, 0x8CB8, 0x9000, 0x902E, 0x968A,
	0x9EDB, 0x9BDB, 0x4EE3, 0x53F0, 0x5927, 0x7B2C, 0x918D, 0x984C, 0x9DF9, 0x6EDD, 0x7027, 0x5353,
	0x5544, 0x5B85, 0x6258, 0x629E, 0x62D3, 0x6CA2, 0x6FEF, 0x7422, 0x8A17, 0x9438, 0x6FC1, 0x8AFE,
	0x8338, 0x51E7, 0x86F8, 0x53EA, 0x53E9, 0x4F46, 0x9054, 0x8FB0, 0x596A, 0x8131, 0x5DFD, 0x7AEA,
	0x8FBF, 0x68DA, 0x8C37, 0x72F8, 0x9C48, 0x6A3D, 0x8AB0, 0x4E39, 0x5358, 0x5606, 0x5766, 0x62C5,
	0x63A2, 0x65E6, 0x6B4E, 0x6DE1, 0x6E5B, 0x70AD, 0x77ED, 0x7AEF, 0x7BAA, 0x7DBB, 0x803D, 0x80C6,
	0x86CB, 0x8A95, 0x935B, 0x56E3, 0x58C7, 0x5F3E, 0x65AD, 0x6696, 0x6A80, 0x6BB5, 0x7537, 0x8AC7,
	0x5024, 0x77E5, 0x5730, 0x5F1B, 0x6065, 0x667A, 0x6C60, 0x75F4, 0x7A1A, 0x7F6E, 0x81F4, 0x8718,
	0x9045, 0x99B3, 0x7BC9, 0x755C, 0x7AF9, 0x7B51, 0x84C4, 0x9010, 0x79E9, 0x7A92, 0x8336, 0x5AE1,
	0x7740, 0x4E2D, 0x4EF2, 0x5B99, 0x5FE0, 0x62BD, 0x663C, 0x67F1, 0x6CE8, 0x866B, 0x8877, 0x8A3B,
	0x914E, 0x92F3, 0x99D0, 0x6A17, 0x7026, 0x732A, 0x82E7, 0x8457, 0x8CAF, 0x4E01, 0x5146, 0x51CB,
	0x558B, 0x5BF5, 0x5E16, 0x5E33, 0x5E81, 0x5F14, 0x5F35, 0x5F6B, 0x5FB4, 0x61F2, 0x6311, 0x66A2,
	0x671D, 0x6F6E, 0x7252, 0x753A, 0x773A, 0x8074, 0x8139, 0x8178, 0x8776, 0x8ABF, 0x8ADC, 0x8D85,
	0x8DF3, 0x929A, 0x9577, 0x9802, 0x9CE5, 0x52C5, 0x6357, 0x76F4, 0x6715, 0x6C88, 0x73CD, 0x8CC3,
	0x93AE, 0x9673, 0x6D25, 0x589C, 0x690E, 0x69CC, 0x8FFD, 0x939A, 0x75DB, 0x901A, 0x585A, 0x6802,
	0x63B4, 0x69FB, 0x4F43, 0x6F2C, 0x67D8, 0x8FBB, 0x8526, 0x7DB4, 0x9354, 0x693F, 0x6F70, 0x576A,
	0x58F7, 0x5B2C, 0x7D2C, 0x722A, 0x540A, 0x91E3, 0x9DB4, 0x4EAD, 0x4F4E, 0x505C, 0x5075, 0x5243,
	0x8C9E, 0x5448, 0x5824, 0x5B9A, 0x5E1D, 0x5E95, 0x5EAD, 0x5EF7, 0x5F1F, 0x608C, 0x62B5, 0x633A,
	0x63D0, 0x68AF, 0x6C40, 0x7887, 0x798E, 0x7A0B, 0x7DE0, 0x8247, 0x8A02, 0x8AE6, 0x8E44, 0x9013,
	0x90B8, 0x912D, 0x91D8, 0x9F0E, 0x6CE5, 0x6458, 0x64E2, 0x6575, 0x6EF4, 0x7684, 0x7B1B, 0x9069,
	0x93D1, 0x6EBA, 0x54F2, 0x5FB9, 0x64A4, 0x8F4D, 0x8FED, 0x9244, 0x5178, 0x586B, 0x5929, 0x5C55,
	0x5E97, 0x6DFB, 0x7E8F, 0x751C, 0x8CBC, 0x8EE2, 0x985B, 0x70B9, 0x4F1D, 0x6BBF, 0x6FB1, 0x7530,
	0x96FB, 0x514E, 0x5410, 0x5835, 0x5857, 0x59AC, 0x5C60, 0x5F92, 0x6597, 0x675C, 0x6E21, 0x767B,
	0x83DF, 0x8CED, 0x9014, 0x90FD, 0x934D, 0x7825, 0x783A, 0x52AA, 0x5EA6, 0x571F, 0x5974, 0x6012,
	0x5012, 0x515A, 0x51AC, 0x51CD, 0x5200, 0x5510, 0x5854, 0x5858, 0x5957, 0x5B95, 0x5CF6, 0x5D8B,
	0x60BC, 0x6295, 0x642D, 0x6771, 0x6843, 0x68BC, 0x68DF, 0x76D7, 0x6DD8, 0x6E6F, 0x6D9B, 0x706F,
	0x71C8, 0x5F53, 0x75D8, 0x7977, 0x7B49, 0x7B54, 0x7B52, 0x7CD6, 0x7D71, 0x5230, 0x8463, 0x8569,
	0x85E4, 0x8A0E, 0x8B04, 0x8C46, 0x8E0F, 0x9003, 0x900F, 0x9419, 0x9676, 0x982D, 0x9A30, 0x95D8,
	0x50CD, 0x52D5, 0x540C, 0x5802, 0x5C0E, 0x61A7, 0x649E, 0x6D1E, 0x77B3, 0x7AE5, 0x80F4, 0x8404,
	0x9053, 0x9285, 0x5CE0, 0x9D07, 0x533F, 0x5F97, 0x5FB3, 0x6D9C, 0x7279, 0x7763, 0x79BF, 0x7BE4,
	0x6BD2, 0x72EC, 0x8AAD, 0x6803, 0x6A61, 0x51F8, 0x7A81, 0x6934, 0x5C4A, 0x9CF6, 0x82EB, 0x5BC5,
	0x9149, 0x701E, 0x5678, 0x5C6F, 0x60C7, 0x6566, 0x6C8C, 0x8C5A, 0x9041, 0x9813, 0x5451, 0x66C7,
	0x920D, 0x5948, 0x90A3, 0x5185, 0x4E4D, 0x51EA, 0x8599, 0x8B0E, 0x7058, 0x637A, 0x934B, 0x6962,
	0x99B4, 0x7E04, 0x7577, 0x5357, 0x6960, 0x8EDF, 0x96E3, 0x6C5D, 0x4E8C, 0x5C3C, 0x5F10, 0x8FE9,
	0x5302, 0x8CD1, 0x8089, 0x8679, 0x5EFF, 0x65E5, 0x4E73, 0x5165, 0x5982, 0x5C3F, 0x97EE, 0x4EFB,
	0x598A, 0x5FCD, 0x8A8D, 0x6FE1, 0x79B0, 0x7962, 0x5BE7, 0x8471, 0x732B, 0x71B1, 0x5E74, 0x5FF5,
	0x637B, 0x649A, 0x71C3, 0x7C98, 0x4E43, 0x5EFC, 0x4E4B, 0x57DC, 0x56A2, 0x60A9, 0x6FC3, 0x7D0D,
	0x80FD, 0x8133, 0x81BF, 0x8FB2, 0x8997, 0x86A4, 0x5DF4, 0x628A, 0x64AD, 0x8987, 0x6777, 0x6CE2,
	0x6D3E, 0x7436, 0x7834, 0x5A46, 0x7F75, 0x82AD, 0x99AC, 0x4FF3, 0x5EC3, 0x62DD, 0x6392, 0x6557,
	0x676F, 0x76C3, 0x724C, 0x80CC, 0x80BA, 0x8F29, 0x914D, 0x500D, 0x57F9, 0x5A92, 0x6885, 0x6973,
	0x7164, 0x72FD, 0x8CB7, 0x58F2, 0x8CE0, 0x966A, 0x9019, 0x877F, 0x79E4, 0x77E7, 0x8429, 0x4F2F,
	0x5265, 0x535A, 0x62CD, 0x67CF, 0x6CCA, 0x767D, 0x7B94, 0x7C95, 0x8236, 0x8584, 0x8FEB, 0x66DD,
	0x6F20, 0x7206, 0x7E1B, 0x83AB, 0x99C1, 0x9EA6, 0x51FD, 0x7BB1, 0x7872, 0x7BB8, 0x8087, 0x7B48,
	0x6AE8, 0x5E61, 0x808C, 0x7551, 0x7560, 0x516B, 0x9262, 0x6E8C, 0x767A, 0x9197, 0x9AEA, 0x4F10,
	0x7F70, 0x629C, 0x7B4F, 0x95A5, 0x9CE9, 0x567A, 0x5859, 0x86E4, 0x96BC, 0x4F34, 0x5224, 0x534A,
	0x53CD, 0x53DB, 0x5E06, 0x642C, 0x6591, 0x677F, 0x6C3E, 0x6C4E, 0x7248, 0x72AF, 0x73ED, 0x7554,
	0x7E41, 0x822C, 0x85E9, 0x8CA9, 0x7BC4, 0x91C6, 0x7169, 0x9812, 0x98EF, 0x633D, 0x6669, 0x756A,
	0x76E4, 0x78D0, 0x8543, 0x86EE, 0x532A, 0x5351, 0x5426, 0x5983, 0x5E87, 0x5F7C, 0x60B2, 0x6249,
	0x6279, 0x62AB, 0x6590, 0x6BD4, 0x6CCC, 0x75B2, 0x76AE, 0x7891, 0x79D8, 0x7DCB, 0x7F77, 0x80A5,
	0x88AB, 0x8AB9, 0x8CBB, 0x907F, 0x975E, 0x98DB, 0x6A0B, 0x7C38, 0x5099, 0x5C3E, 0x5FAE, 0x6787,
	0x6BD8, 0x7435, 0x7709, 0x7F8E, 0x9F3B, 0x67CA, 0x7A17, 0x5339, 0x758B, 0x9AED, 0x5F66, 0x819D,
	0x83F1, 0x8098, 0x5F3C, 0x5FC5, 0x7562, 0x7B46, 0x903C, 0x6867, 0x59EB, 0x5A9B, 0x7D10, 0x767E,
	0x8B2C, 0x4FF5, 0x5F6A, 0x6A19, 0x6C37, 0x6F02, 0x74E2, 0x7968, 0x8868, 0x8A55, 0x8C79, 0x5EDF,
	0x63CF, 0x75C5, 0x79D2, 0x82D7, 0x9328, 0x92F2, 0x849C, 0x86ED, 0x9C2D, 0x54C1, 0x5F6C, 0x658C,
	0x6D5C, 0x7015, 0x8CA7, 0x8CD3, 0x983B, 0x654F, 0x74F6, 0x4E0D, 0x4ED8, 0x57E0, 0x592B, 0x5A66,
	0x5BCC, 0x51A8, 0x5E03, 0x5E9C, 0x6016, 0x6276, 0x6577, 0x65A7, 0x666E, 0x6D6E, 0x7236, 0x7B26,
	0x8150, 0x819A, 0x8299, 0x8B5C, 0x8CA0, 0x8CE6, 0x8D74, 0x961C, 0x9644, 0x4FAE, 0x64AB, 0x6B66,
	0x821E, 0x8461, 0x856A, 0x90E8, 0x5C01, 0x6953, 0x98A8, 0x847A, 0x8557, 0x4F0F, 0x526F, 0x5FA9,
	0x5E45, 0x670D, 0x798F, 0x8179, 0x8907, 0x8986, 0x6DF5, 0x5F17, 0x6255, 0x6CB8, 0x4ECF, 0x7269,
	0x9B92, 0x5206, 0x543B, 0x5674, 0x58B3, 0x61A4, 0x626E, 0x711A, 0x596E, 0x7C89, 0x7CDE, 0x7D1B,
	0x96F0, 0x6587, 0x805E, 0x4E19, 0x4F75, 0x5175, 0x5840, 0x5E63, 0x5E73, 0x5F0A, 0x67C4, 0x4E26,
	0x853D, 0x9589, 0x965B, 0x7C73, 0x9801, 0x50FB, 0x58C1, 0x7656, 0x78A7, 0x5225, 0x77A5, 0x8511,
	0x7B86, 0x504F, 0x5909, 0x7247, 0x7BC7, 0x7DE8, 0x8FBA, 0x8FD4, 0x904D, 0x4FBF, 0x52C9, 0x5A29,
	0x5F01, 0x97AD, 0x4FDD, 0x8217, 0x92EA, 0x5703, 0x6355, 0x6B69, 0x752B, 0x88DC, 0x8F14, 0x7A42,
	0x52DF, 0x5893, 0x6155, 0x620A, 0x66AE, 0x6BCD, 0x7C3F, 0x83E9, 0x5023, 0x4FF8, 0x5305, 0x5446,
	0x5831, 0x5949, 0x5B9D, 0x5CF0, 0x5CEF, 0x5D29, 0x5E96, 0x62B1, 0x6367, 0x653E, 0x65B9, 0x670B,
	0x6CD5, 0x6CE1, 0x70F9, 0x7832, 0x7E2B, 0x80DE, 0x82B3, 0x840C, 0x84EC, 0x8702, 0x8912, 0x8A2A,
	0x8C4A, 0x90A6, 0x92D2, 0x98FD, 0x9CF3, 0x9D6C, 0x4E4F, 0x4EA1, 0x508D, 0x5256, 0x574A, 0x59A8,
	0x5E3D, 0x5FD8, 0x5FD9, 0x623F, 0x66B4, 0x671B, 0x67D0, 0x68D2, 0x5192, 0x7D21, 0x80AA, 0x81A8,
	0x8B00, 0x8C8C, 0x8CBF, 0x927E, 0x9632, 0x5420, 0x982C, 0x5317, 0x50D5, 0x535C, 0x58A8, 0x64B2,
	0x6734, 0x7267, 0x7766, 0x7A46, 0x91E6, 0x52C3, 0x6CA1, 0x6B86, 0x5800, 0x5E4C, 0x5954, 0x672C,
	0x7FFB, 0x51E1, 0x76C6, 0x6469, 0x78E8, 0x9B54, 0x9EBB, 0x57CB, 0x59B9, 0x6627, 0x679A, 0x6BCE,
	0x54E9, 0x69D9, 0x5E55, 0x819C, 0x6795, 0x9BAA, 0x67FE, 0x9C52, 0x685D, 0x4EA6, 0x4FE3, 0x53C8,
	0x62B9, 0x672B, 0x6CAB, 0x8FC4, 0x4FAD, 0x7E6D, 0x9EBF, 0x4E07, 0x6162, 0x6E80, 0x6F2B, 0x8513,
	0x5473, 0x672A, 0x9B45, 0x5DF3, 0x7B95, 0x5CAC, 0x5BC6, 0x871C, 0x6E4A, 0x84D1, 0x7A14, 0x8108,
	0x5999, 0x7C8D, 0x6C11, 0x7720, 0x52D9, 0x5922, 0x7121, 0x725F, 0x77DB, 0x9727, 0x9D61, 0x690B,
	0x5A7F, 0x5A18, 0x51A5, 0x540D, 0x547D, 0x660E, 0x76DF, 0x8FF7, 0x9298, 0x9CF4, 0x59EA, 0x725D,
	0x6EC5, 0x514D, 0x68C9, 0x7DBF, 0x7DEC, 0x9762, 0x9EBA, 0x6478, 0x6A21, 0x8302, 0x5984, 0x5B5F,
	0x6BDB, 0x731B, 0x76F2, 0x7DB2, 0x8017, 0x8499, 0x5132, 0x6728, 0x9ED9, 0x76EE, 0x6762, 0x52FF,
	0x9905, 0x5C24, 0x623B, 0x7C7E, 0x8CB0, 0x554F, 0x60B6, 0x7D0B, 0x9580, 0x5301, 0x4E5F, 0x51B6,
	0x591C, 0x723A, 0x8036, 0x91CE, 0x5F25, 0x77E2, 0x5384, 0x5F79, 0x7D04, 0x85AC, 0x8A33, 0x8E8D,
	0x9756, 0x67F3, 0x85AE, 0x9453, 0x6109, 0x6108, 0x6CB9, 0x7652, 0x8AED, 0x8F38, 0x552F, 0x4F51,
	0x512A, 0x52C7, 0x53CB, 0x5BA5, 0x5E7D, 0x60A0, 0x6182, 0x63D6, 0x6709, 0x67DA, 0x6E67, 0x6D8C,
	0x7336, 0x7337, 0x7531, 0x7950, 0x88D5, 0x8A98, 0x904A, 0x9091, 0x90F5, 0x96C4, 0x878D, 0x5915,
	0x4E88, 0x4F59, 0x4E0E, 0x8A89, 0x8F3F, 0x9810, 0x50AD, 0x5E7C, 0x5996, 0x5BB9, 0x5EB8, 0x63DA,
	0x63FA, 0x64C1, 0x66DC, 0x694A, 0x69D8, 0x6D0B, 0x6EB6, 0x7194, 0x7528, 0x7AAF, 0x7F8A, 0x8000,
	0x8449, 0x84C9, 0x8981, 0x8B21, 0x8E0A, 0x9065, 0x967D, 0x990A, 0x617E, 0x6291, 0x6B32, 0x6C83,
	0x6D74, 0x7FCC, 0x7FFC, 0x6DC0, 0x7F85, 0x87BA, 0x88F8, 0x6765, 0x83B1, 0x983C, 0x96F7, 0x6D1B,
	0x7D61, 0x843D, 0x916A, 0x4E71, 0x5375, 0x5D50, 0x6B04, 0x6FEB, 0x85CD, 0x862D, 0x89A7, 0x5229,
	0x540F, 0x5C65, 0x674E, 0x68A8, 0x7406, 0x7483, 0x75E2, 0x88CF, 0x88E1, 0x91CC, 0x96E2, 0x9678,
	0x5F8B, 0x7387, 0x7ACB, 0x844E, 0x63A0, 0x7565, 0x5289, 0x6D41, 0x6E9C, 0x7409, 0x7559, 0x786B,
	0x7C92, 0x9686, 0x7ADC, 0x9F8D, 0x4FB6, 0x616E, 0x65C5, 0x865C, 0x4E86, 0x4EAE, 0x50DA, 0x4E21,
	0x51CC, 0x5BEE, 0x6599, 0x6881, 0x6DBC, 0x731F, 0x7642, 0x77AD, 0x7A1C, 0x7CE7, 0x826F, 0x8AD2,
	0x907C, 0x91CF, 0x9675, 0x9818, 0x529B, 0x7DD1, 0x502B, 0x5398, 0x6797, 0x6DCB, 0x71D0, 0x7433,
	0x81E8, 0x8F2A, 0x96A3, 0x9C57, 0x9E9F, 0x7460, 0x5841, 0x6D99, 0x7D2F, 0x985E, 0x4EE4, 0x4F36,
	0x4F8B, 0x51B7, 0x52B1, 0x5DBA, 0x601C, 0x73B2, 0x793C, 0x82D3, 0x9234, 0x96B7, 0x96F6, 0x970A,
	0x9E97, 0x9F62, 0x66A6, 0x6B74, 0x5217, 0x52A3, 0x70C8, 0x88C2, 0x5EC9, 0x604B, 0x6190, 0x6F23,
	0x7149, 0x7C3E, 0x7DF4, 0x806F, 0x84EE, 0x9023, 0x932C, 0x5442, 0x9B6F, 0x6AD3, 0x7089, 0x8CC2,
	0x8DEF, 0x9732, 0x52B4, 0x5A41, 0x5ECA, 0x5F04, 0x6717, 0x697C, 0x6994, 0x6D6A, 0x6F0F, 0x7262,
	0x72FC, 0x7BED, 0x8001, 0x807E, 0x874B, 0x90CE, 0x516D, 0x9E93, 0x7984, 0x808B, 0x9332, 0x8AD6,
	0x502D, 0x548C, 0x8A71, 0x6B6A, 0x8CC4, 0x8107, 0x60D1, 0x67A0, 0x9DF2, 0x4E99, 0x4E98, 0x9C10,
	0x8A6B, 0x85C1, 0x8568, 0x6900, 0x6E7E, 0x7897, 0x8155, 0xD81E, 0x5B41, 0x5B56, 0x5B7D, 0x5B93,
	0x5BD8, 0x5BEC, 0x5C12, 0x5C1E, 0x5C23, 0x5C2B, 0x378D, 0x5C62, 0xFA3B, 0xFA3C, 0xD81F, 0x5C7A,
	0x5C8F, 0x5C9F, 0x5CA3, 0x5CAA, 0x5CBA, 0x5CCB, 0x5CD0, 0x5CD2, 0x5CF4, 0xD820, 0x37E2, 0x5D0D,
	0x5D27, 0xFA11, 0x5D46, 0x5D47, 0x5D53, 0x5D4A, 0x5D6D, 0x5D81, 0x5DA0, 0x5DA4, 0x5DA7, 0x5DB8,
	0x5DCB, 0x541E, 0x5F0C, 0x4E10, 0x4E15, 0x4E2A, 0x4E31, 0x4E36, 0x4E3C, 0x4E3F, 0x4E42, 0x4E56,
	0x4E58, 0x4E82, 0x4E85, 0x8C6B, 0x4E8A, 0x8212, 0x5F0D, 0x4E8E, 0x4E9E, 0x4E9F, 0x4EA0, 0x4EA2,
	0x4EB0, 0x4EB3, 0x4EB6, 0x4ECE, 0x4ECD, 0x4EC4, 0x4EC6, 0x4EC2, 0x4ED7, 0x4EDE, 0x4EED, 0x4EDF,
	0x4EF7, 0x4F09, 0x4F5A, 0x4F30, 0x4F5B, 0x4F5D, 0x4F57, 0x4F47, 0x4F76, 0x4F88, 0x4F8F, 0x4F98,
	0x4F7B, 0x4F69, 0x4F70, 0x4F91, 0x4F6F, 0x4F86, 0x4F96, 0x5118, 0x4FD4, 0x4FDF, 0x4FCE, 0x4FD8,
	0x4FDB, 0x4FD1, 0x4FDA, 0x4FD0, 0x4FE4, 0x4FE5, 0x501A, 0x5028, 0x5014, 0x502A, 0x5025, 0x5005,
	0x4F1C, 0x4FF6, 0x5021, 0x5029, 0x502C, 0x4FFE, 0x4FEF, 0x5011, 0x5006, 0x5043, 0x5047, 0x6703,
	0x5055, 0x5050, 0x5048, 0x505A, 0x5056, 0x506C, 0x5078, 0x5080, 0x509A, 0x5085, 0x50B4, 0x50B2,
	0x50C9, 0x50CA, 0x50B3, 0x50C2, 0x50D6, 0x50DE, 0x50E5, 0x50ED, 0x50E3, 0x50EE, 0x50F9, 0x50F5,
	0x5109, 0x5101, 0x5102, 0x5116, 0x5115, 0x5114, 0x511A, 0x5121, 0x513A, 0x5137, 0x513C, 0x513B,
	0x513F, 0x5140, 0x5152, 0x514C, 0x5154, 0x5162, 0x7AF8, 0x5169, 0x516A, 0x516E, 0x5180, 0x5182,
	0x56D8, 0x518C, 0x5189, 0x518F, 0x5191, 0x5193, 0x5195, 0x5196, 0x51A4, 0x51A6, 0x51A2, 0x51A9,
	0x51AA, 0x51AB, 0x51B3, 0x51B1, 0x51B2, 0x51B0, 0x51B5, 0x51BD, 0x51C5, 0x51C9, 0x51DB, 0x51E0,
	0x8655, 0x51E9, 0x51ED, 0x51F0, 0x51F5, 0x51FE, 0x5204, 0x520B, 0x5214, 0x520E, 0x5227, 0x522A,
	0x522E, 0x5233, 0x5239, 0x524F, 0x5244, 0x524B, 0x524C, 0x525E, 0x5254, 0x526A, 0x5274, 0x5269,
	0x5273, 0x527F, 0x527D, 0x528D, 0x5294, 0x5292, 0x5271, 0x5288, 0x5291, 0x8FA8, 0x8FA7, 0x52AC,
	0x52AD, 0x52BC, 0x52B5, 0x52C1, 0x52CD, 0x52D7, 0x52DE, 0x52E3, 0x52E6, 0x98ED, 0x52E0, 0x52F3,
	0x52F5, 0x52F8, 0x52F9, 0x5306, 0x5308, 0x7538, 0x530D, 0x5310, 0x530F, 0x5315, 0x531A, 0x5323,
	0x532F, 0x5331, 0x5333, 0x5338, 0x5340, 0x5346, 0x5345, 0x4E17, 0x5349, 0x534D, 0x51D6, 0x535E,
	0x5369, 0x536E, 0x5918, 0x537B, 0x5377, 0x5382, 0x5396, 0x53A0, 0x53A6, 0x53A5, 0x53AE, 0x53B0,
	0x53B6, 0x53C3, 0x7C12, 0x96D9, 0x53DF, 0x66FC, 0x71EE, 0x53EE, 0x53E8, 0x53ED, 0x53FA, 0x5401,
	0x543D, 0x5440, 0x542C, 0x542D, 0x543C, 0x542E, 0x5436, 0x5429, 0x541D, 0x544E, 0x548F, 0x5475,
	0x548E, 0x545F, 0x5471, 0x5477, 0x5470, 0x5492, 0x547B, 0x5480, 0x5476, 0x5484, 0x5490, 0x5486,
	0x54C7, 0x54A2, 0x54B8, 0x54A5, 0x54AC, 0x54C4, 0x54C8, 0x54A8, 0x54AB, 0x54C2, 0x54A4, 0x54BE,
	0x54BC, 0x54D8, 0x54E5, 0x54E6, 0x550F, 0x5514, 0x54FD, 0x54EE, 0x54ED, 0x54FA, 0x54E2, 0x5539,
	0x5540, 0x5563, 0x554C, 0x552E, 0x555C, 0x5545, 0x5556, 0x5557, 0x5538, 0x5533, 0x555D, 0x5599,
	0x5580, 0x54AF, 0x558A, 0x559F, 0x557B, 0x557E, 0x5598, 0x559E, 0x55AE, 0x557C, 0x5583, 0x55A9,
	0x5587, 0x55A8, 0x55DA, 0x55C5, 0x55DF, 0x55C4, 0x55DC, 0x55E4, 0x55D4, 0x5614, 0x55F7, 0x5616,
	0x55FE, 0x55FD, 0x561B, 0x55F9, 0x564E, 0x5650, 0x71DF, 0x5634, 0x5636, 0x5632, 0x5638, 0x566B,
	0x5664, 0x562F, 0x566C, 0x566A, 0x5686, 0x5680, 0x568A, 0x56A0, 0x5694, 0x568F, 0x56A5, 0x56AE,
	0x56B6, 0x56B4, 0x56C2, 0x56BC, 0x56C1, 0x56C3, 0x56C0, 0x56C8, 0x56CE, 0x56D1, 0x56D3, 0x56D7,
	0x56EE, 0x56F9, 0x5700, 0x56FF, 0x5704, 0x5709, 0x5708, 0x570B, 0x570D, 0x5713, 0x5718, 0x5716,
	0x55C7, 0x571C, 0x5726, 0x5737, 0x5738, 0x574E, 0x573B, 0x5740, 0x574F, 0x5769, 0x57C0, 0x5788,
	0x5761, 0x577F, 0x5789, 0x5793, 0x57A0, 0x57B3, 0x57A4, 0x57AA, 0x57B0, 0x57C3, 0x57C6, 0x57D4,
	0x57D2, 0x57D3, 0x580A, 0x57D6, 0x57E3, 0x580B, 0x5819, 0x581D, 0x5872, 0x5821, 0x5862, 0x584B,
	0x5870, 0x6BC0, 0x5852, 0x583D, 0x5879, 0x5885, 0x58B9, 0x589F, 0x58AB, 0x58BA, 0x58DE, 0x58BB,
	0x58B8, 0x58AE, 0x58C5, 0x58D3, 0x58D1, 0x58D7, 0x58D9, 0x58D8, 0x58E5, 0x58DC, 0x58E4, 0x58DF,
	0x58EF, 0x58FA, 0x58F9, 0x58FB, 0x58FC, 0x58FD, 0x5902, 0x590A, 0x5910, 0x591B, 0x68A6, 0x5925,
	0x592C, 0x592D, 0x5932, 0x5938, 0x593E, 0x7AD2, 0x5955, 0x5950, 0x594E, 0x595A, 0x5958, 0x5962,
	0x5960, 0x5967, 0x596C, 0x5969, 0x5978, 0x5981, 0x599D, 0x4F5E, 0x4FAB, 0x59A3, 0x59B2, 0x59C6,
	0x59E8, 0x59DC, 0x598D, 0x59D9, 0x59DA, 0x5A25, 0x5A1F, 0x5A11, 0x5A1C, 0x5A09, 0x5A1A, 0x5A40,
	0x5A6C, 0x5A49, 0x5A35, 0x5A36, 0x5A62, 0x5A6A, 0x5A9A, 0x5ABC, 0x5ABE, 0x5ACB, 0x5AC2, 0x5ABD,
	0x5AE3, 0x5AD7, 0x5AE6, 0x5AE9, 0x5AD6, 0x5AFA, 0x5AFB, 0x5B0C, 0x5B0B, 0x5B16, 0x5B32, 0x5AD0,
	0x5B2A, 0x5B36, 0x5B3E, 0x5B43, 0x5B45, 0x5B40, 0x5B51, 0x5B55, 0x5B5A, 0x5B5B, 0x5B65, 0x5B69,
	0x5B70, 0x5B73, 0x5B75, 0x5B78, 0x6588, 0x5B7A, 0x5B80, 0x5B83, 0x5BA6, 0x5BB8, 0x5BC3, 0x5BC7,
	0x5BC9, 0x5BD4, 0x5BD0, 0x5BE4, 0x5BE6, 0x5BE2, 0x5BDE, 0x5BE5, 0x5BEB, 0x5BF0, 0x5BF6, 0x5BF3,
	0x5C05, 0x5C07, 0x5C08, 0x5C0D, 0x5C13, 0x5C20, 0x5C22, 0x5C28, 0x5C38, 0x5C39, 0x5C41, 0x5C46,
	0x5C4E, 0x5C53, 0x5C50, 0x5C4F, 0x5B71, 0x5C6C, 0x5C6E, 0x4E62, 0x5C76, 0x5C79, 0x5C8C, 0x5C91,
	0x5C94, 0x599B, 0x5CAB, 0x5CBB, 0x5CB6, 0x5CBC, 0x5CB7, 0x5CC5, 0x5CBE, 0x5CC7, 0x5CD9, 0x5CE9,
	0x5CFD, 0x5CFA, 0x5CED, 0x5D8C, 0x5CEA, 0x5D0B, 0x5D15, 0x5D17, 0x5D5C, 0x5D1F, 0x5D1B, 0x5D11,
	0x5D14, 0x5D22, 0x5D1A, 0x5D19, 0x5D18, 0x5D4C, 0x5D52, 0x5D4E, 0x5D4B, 0x5D6C, 0x5D73, 0x5D76,
	0x5D87, 0x5D84, 0x5D82, 0x5DA2, 0x5D9D, 0x5DAC, 0x5DAE, 0x5DBD, 0x5D90, 0x5DB7, 0x5DBC, 0x5DC9,
	0x5DCD, 0x5DD3, 0x5DD2, 0x5DD6, 0x5DDB, 0x5DEB, 0x5DF2, 0x5DF5, 0x5E0B, 0x5E1A, 0x5E19, 0x5E11,
	0x5E1B, 0x5E36, 0x5E37, 0x5E44, 0x5E43, 0x5E40, 0x5E4E, 0x5E57, 0x5E54, 0x5E5F, 0x5E62, 0x5E64,
	0x5E47, 0x5E75, 0x5E76, 0x5E7A, 0x9EBC, 0x5E7F, 0x5EA0, 0x5EC1, 0x5EC2, 0x5EC8, 0x5ED0, 0x5ECF,
	0x5ED6, 0x5EE3, 0x5EDD, 0x5EDA, 0x5EDB, 0x5EE2, 0x5EE1, 0x5EE8, 0x5EE9, 0x5EEC, 0x5EF1, 0x5EF3,
	0x5EF0, 0x5EF4, 0x5EF8, 0x5EFE, 0x5F03, 0x5F09, 0x5F5D, 0x5F5C, 0x5F0B, 0x5F11, 0x5F16, 0x5F29,
	0x5F2D, 0x5F38, 0x5F41, 0x5F48, 0x5F4C, 0x5F4E, 0x5F2F, 0x5F51, 0x5F56, 0x5F57, 0x5F59, 0x5F61,
	0x5F6D, 0x5F73, 0x5F77, 0x5F83, 0x5F82, 0x5F7F, 0x5F8A, 0x5F88, 0x5F91, 0x5F87, 0x5F9E, 0x5F99,
	0x5F98, 0x5FA0, 0x5FA8, 0x5FAD, 0x5FBC, 0x5FD6, 0x5FFB, 0x5FE4, 0x5FF8, 0x5FF1, 0x5FDD, 0x60B3,
	0x5FFF, 0x6021, 0x6060, 0x6019, 0x6010, 0x6029, 0x600E, 0x6031, 0x601B, 0x6015, 0x602B, 0x6026,
	0x600F, 0x603A, 0x605A, 0x6041, 0x606A, 0x6077, 0x605F, 0x604A, 0x6046, 0x604D, 0x6063, 0x6043,
	0x6064, 0x6042, 0x606C, 0x606B, 0x6059, 0x6081, 0x608D, 0x60E7, 0x6083, 0x609A, 0x6084, 0x609B,
	0x6096, 0x6097, 0x6092, 0x60A7, 0x608B, 0x60E1, 0x60B8, 0x60E0, 0x60D3, 0x60B4, 0x5FF0, 0x60BD,
	0x60C6, 0x60B5, 0x60D8, 0x614D, 0x6115, 0x6106, 0x60F6, 0x60F7, 0x6100, 0x60F4, 0x60FA, 0x6103,
	0x6121, 0x60FB, 0x60F1, 0x610D, 0x610E, 0x6147, 0x613E, 0x6128, 0x6127, 0x614A, 0x613F, 0x613C,
	0x612C, 0x6134, 0x613D, 0x6142, 0x6144, 0x6173, 0x6177, 0x6158, 0x6159, 0x615A, 0x616B, 0x6174,
	0x616F, 0x6165, 0x6171, 0x615F, 0x615D, 0x6153, 0x6175, 0x6199, 0x6196, 0x6187, 0x61AC, 0x6194,
	0x619A, 0x618A, 0x6191, 0x61AB, 0x61AE, 0x61CC, 0x61CA, 0x61C9, 0x61F7, 0x61C8, 0x61C3, 0x61C6,
	0x61BA, 0x61CB, 0x7F79, 0x61CD, 0x61E6, 0x61E3, 0x61F6, 0x61FA, 0x61F4, 0x61FF, 0x61FD, 0x61FC,
	0x61FE, 0x6200, 0x6208, 0x6209, 0x620D, 0x620C, 0x6214, 0x621B, 0x621E, 0x6221, 0x622A, 0x622E,
	0x6230, 0x6232, 0x6233, 0x6241, 0x624E, 0x625E, 0x6263, 0x625B, 0x6260, 0x6268, 0x627C, 0x6282,
	0x6289, 0x627E, 0x6292, 0x6293, 0x6296, 0x62D4, 0x6283, 0x6294, 0x62D7, 0x62D1, 0x62BB, 0x62CF,
	0x62FF, 0x62C6, 0x64D4, 0x62C8, 0x62DC, 0x62CC, 0x62CA, 0x62C2, 0x62C7, 0x629B, 0x62C9, 0x630C,
	0x62EE, 0x62F1, 0x6327, 0x6302, 0x6308, 0x62EF, 0x62F5, 0x6350, 0x633E, 0x634D, 0x641C, 0x634F,
	0x6396, 0x638E, 0x6380, 0x63AB, 0x6376, 0x63A3, 0x638F, 0x6389, 0x639F, 0x63B5, 0x636B, 0x6369,
	0x63BE, 0x63E9, 0x63C0, 0x63C6, 0x63E3, 0x63C9, 0x63D2, 0x63F6, 0x63C4, 0x6416, 0x6434, 0x6406,
	0x6413, 0x6426, 0x6436, 0x651D, 0x6417, 0x6428, 0x640F, 0x6467, 0x646F, 0x6476, 0x644E, 0x652A,
	0x6495, 0x6493, 0x64A5, 0x64A9, 0x6488, 0x64BC, 0x64DA, 0x64D2, 0x64C5, 0x64C7, 0x64BB, 0x64D8,
	0x64C2, 0x64F1, 0x64E7, 0x8209, 0x64E0, 0x64E1, 0x62AC, 0x64E3, 0x64EF, 0x652C, 0x64F6, 0x64F4,
	0x64F2, 0x64FA, 0x6500, 0x64FD, 0x6518, 0x651C, 0x6505, 0x6524, 0x6523, 0x652B, 0x6534, 0x6535,
	0x6537, 0x6536, 0x6538, 0x754B, 0x6548, 0x6556, 0x6555, 0x654D, 0x6558, 0x655E, 0x655D, 0x6572,
	0x6578, 0x6582, 0x6583, 0x8B8A, 0x659B, 0x659F, 0x65AB, 0x65B7, 0x65C3, 0x65C6, 0x65C1, 0x65C4,
	0x65CC, 0x65D2, 0x65DB, 0x65D9, 0x65E0, 0x65E1, 0x65F1, 0x6772, 0x660A, 0x6603, 0x65FB, 0x6773,
	0x6635, 0x6636, 0x6634, 0x661C, 0x664F, 0x6644, 0x6649, 0x6641, 0x665E, 0x665D, 0x6664, 0x6667,
	0x6668, 0x665F, 0x6662, 0x6670, 0x6683, 0x6688, 0x668E, 0x6689, 0x6684, 0x6698, 0x669D, 0x66C1,
	0x66B9, 0x66C9, 0x66BE, 0x66BC, 0x66C4, 0x66B8, 0x66D6, 0x66DA, 0x66E0, 0x663F, 0x66E6, 0x66E9,
	0x66F0, 0x66F5, 0x66F7, 0x670F, 0x6716, 0x671E, 0x6726, 0x6727, 0x9738, 0x672E, 0x673F, 0x6736,
	0x6741, 0x6738, 0x6737, 0x6746, 0x675E, 0x6760, 0x6759, 0x6763, 0x6764, 0x6789, 0x6770, 0x67A9,
	0x677C, 0x676A, 0x678C, 0x678B, 0x67A6, 0x67A1, 0x6785, 0x67B7, 0x67EF, 0x67B4, 0x67EC, 0x67B3,
	0x67E9, 0x67B8, 0x67E4, 0x67DE, 0x67DD, 0x67E2, 0x67EE, 0x67B9, 0x67CE, 0x67C6, 0x67E7, 0x6A9C,
	0x681E, 0x6846, 0x6829, 0x6840, 0x684D, 0x6832, 0x684E, 0x68B3, 0x682B, 0x6859, 0x6863, 0x6877,
	0x687F, 0x689F, 0x688F, 0x68AD, 0x6894, 0x689D, 0x689B, 0x6883, 0x6AAE, 0x68B9, 0x6874, 0x68B5,
	0x68A0, 0x68BA, 0x690F, 0x688D, 0x687E, 0x6901, 0x68CA, 0x6908, 0x68D8, 0x6922, 0x6926, 0x68E1,
	0x690C, 0x68CD, 0x68D4, 0x68E7, 0x68D5, 0x6936, 0x6912, 0x6904, 0x68D7, 0x68E3, 0x6925, 0x68F9,
	0x68E0, 0x68EF, 0x6928, 0x692A, 0x691A, 0x6923, 0x6921, 0x68C6, 0x6979, 0x6977, 0x695C, 0x6978,
	0x696B, 0x6954, 0x697E, 0x696E, 0x6939, 0x6974, 0x693D, 0x6959, 0x6930, 0x6961, 0x695E, 0x695D,
	0x6981, 0x696A, 0x69B2, 0x69AE, 0x69D0, 0x69BF, 0x69C1, 0x69D3, 0x69BE, 0x69CE, 0x5BE8, 0x69CA,
	0x69DD, 0x69BB, 0x69C3, 0x69A7, 0x6A2E, 0x6991, 0x69A0, 0x699C, 0x6995, 0x69B4, 0x69DE, 0x69E8,
	0x6A02, 0x6A1B, 0x69FF, 0x6B0A, 0x69F9, 0x69F2, 0x69E7, 0x6A05, 0x69B1, 0x6A1E, 0x69ED, 0x6A14,
	0x69EB, 0x6A0A, 0x6A12, 0x6AC1, 0x6A23, 0x6A13, 0x6A44, 0x6A0C, 0x6A72, 0x6A36, 0x6A78, 0x6A47,
	0x6A62, 0x6A59, 0x6A66, 0x6A48, 0x6A38, 0x6A22, 0x6A90, 0x6A8D, 0x6AA0, 0x6A84, 0x6AA2, 0x6AA3,
	0x6A97, 0x8617, 0x6ABB, 0x6AC3, 0x6AC2, 0x6AB8, 0x6AB3, 0x6AAC, 0x6ADE, 0x6AD1, 0x6ADF, 0x6AAA,
	0x6ADA, 0x6AEA, 0x6AFB, 0x6B05, 0x8616, 0x6AFA, 0x6B12, 0x6B16, 0x9B31, 0x6B1F, 0x6B38, 0x6B37,
	0x76DC, 0x6B39, 0x98EE, 0x6B47, 0x6B43, 0x6B49, 0x6B50, 0x6B59, 0x6B54, 0x6B5B, 0x6B5F, 0x6B61,
	0x6B78, 0x6B79, 0x6B7F, 0x6B80, 0x6B84, 0x6B83, 0x6B8D, 0x6B98, 0x6B95, 0x6B9E, 0x6BA4, 0x6BAA,
	0x6BAB, 0x6BAF, 0x6BB2, 0x6BB1, 0x6BB3, 0x6BB7, 0x6BBC, 0x6BC6, 0x6BCB, 0x6BD3, 0x6BDF, 0x6BEC,
	0x6BEB, 0x6BF3, 0x6BEF, 0x9EBE, 0x6C08, 0x6C13, 0x6C14, 0x6C1B, 0x6C24, 0x6C23, 0x6C5E, 0x6C55,
	0x6C62, 0x6C6A, 0x6C82, 0x6C8D, 0x6C9A, 0x6C81, 0x6C9B, 0x6C7E, 0x6C68, 0x6C73, 0x6C92, 0x6C90,
	0x6CC4, 0x6CF1, 0x6CD3, 0x6CBD, 0x6CD7, 0x6CC5, 0x6CDD, 0x6CAE, 0x6CB1, 0x6CBE, 0x6CBA, 0x6CDB,
	0x6CEF, 0x6CD9, 0x6CEA, 0x6D1F, 0x884D, 0x6D36, 0x6D2B, 0x6D3D, 0x6D38, 0x6D19, 0x6D35, 0x6D33,
	0x6D12, 0x6D0C, 0x6D63, 0x6D93, 0x6D64, 0x6D5A, 0x6D79, 0x6D59, 0x6D8E, 0x6D95, 0x6FE4, 0x6D85,
	0x6DF9, 0x6E15, 0x6E0A, 0x6DB5, 0x6DC7, 0x6DE6, 0x6DB8, 0x6DC6, 0x6DEC, 0x6DDE, 0x6DCC, 0x6DE8,
	0x6DD2, 0x6DC5, 0x6DFA, 0x6DD9, 0x6DE4, 0x6DD5, 0x6DEA, 0x6DEE, 0x6E2D, 0x6E6E, 0x6E2E, 0x6E19,
	0x6E72, 0x6E5F, 0x6E3E, 0x6E23, 0x6E6B, 0x6E2B, 0x6E76, 0x6E4D, 0x6E1F, 0x6E43, 0x6E3A, 0x6E4E,
	0x6E24, 0x6EFF, 0x6E1D, 0x6E38, 0x6E82, 0x6EAA, 0x6E98, 0x6EC9, 0x6EB7, 0x6ED3, 0x6EBD, 0x6EAF,
	0x6EC4, 0x6EB2, 0x6ED4, 0x6ED5, 0x6E8F, 0x6EA5, 0x6EC2, 0x6E9F, 0x6F41, 0x6F11, 0x704C, 0x6EEC,
	0x6EF8, 0x6EFE, 0x6F3F, 0x6EF2, 0x6F31, 0x6EEF, 0x6F32, 0x6ECC, 0x6F3E, 0x6F13, 0x6EF7, 0x6F86,
	0x6F7A, 0x6F78, 0x6F81, 0x6F80, 0x6F6F, 0x6F5B, 0x6FF3, 0x6F6D, 0x6F82, 0x6F7C, 0x6F58, 0x6F8E,
	0x6F91, 0x6FC2, 0x6F66, 0x6FB3, 0x6FA3, 0x6FA1, 0x6FA4, 0x6FB9, 0x6FC6, 0x6FAA, 0x6FDF, 0x6FD5,
	0x6FEC, 0x6FD4, 0x6FD8, 0x6FF1, 0x6FEE, 0x6FDB, 0x7009, 0x700B, 0x6FFA, 0x7011, 0x7001, 0x700F,
	0x6FFE, 0x701B, 0x701A, 0x6F74, 0x701D, 0x7018, 0x701F, 0x7030, 0x703E, 0x7032, 0x7051, 0x7063,
	0x7099, 0x7092, 0x70AF, 0x70F1, 0x70AC, 0x70B8, 0x70B3, 0x70AE, 0x70DF, 0x70CB, 0x70DD, 0x70D9,
	0x7109, 0x70FD, 0x711C, 0x7119, 0x7165, 0x7155, 0x7188, 0x7166, 0x7162, 0x714C, 0x7156, 0x716C,
	0x718F, 0x71FB, 0x7184, 0x7195, 0x71A8, 0x71AC, 0x71D7, 0x71B9, 0x71BE, 0x71D2, 0x71C9, 0x71D4,
	0x71CE, 0x71E0, 0x71EC, 0x71E7, 0x71F5, 0x71FC, 0x71F9, 0x71FF, 0x720D, 0x7210, 0x721B, 0x7228,
	0x722D, 0x722C, 0x7230, 0x7232, 0x723B, 0x723C, 0x723F, 0x7240, 0x7246, 0x724B, 0x7258, 0x7274,
	0x727E, 0x7282, 0x7281, 0x7287, 0x7292, 0x7296, 0x72A2, 0x72A7, 0x72B9, 0x72B2, 0x72C3, 0x72C6,
	0x72C4, 0x72CE, 0x72D2, 0x72E2, 0x72E0, 0x72E1, 0x72F9, 0x72F7, 0x500F, 0x7317, 0x730A, 0x731C,
	0x7316, 0x731D, 0x7334, 0x732F, 0x7329, 0x7325, 0x733E, 0x734E, 0x734F, 0x9ED8, 0x7357, 0x736A,
	0x7368, 0x7370, 0x7378, 0x7375, 0x737B, 0x737A, 0x73C8, 0x73B3, 0x73CE, 0x73BB, 0x73C0, 0x73E5,
	0x73EE, 0x73DE, 0x74A2, 0x7405, 0x746F, 0x7425, 0x73F8, 0x7432, 0x743A, 0x7455, 0x743F, 0x745F,
	0x7459, 0x7441, 0x745C, 0x7469, 0x7470, 0x7463, 0x746A, 0x7476, 0x747E, 0x748B, 0x749E, 0x74A7,
	0x74CA, 0x74CF, 0x74D4, 0x73F1, 0x74E0, 0x74E3, 0x74E7, 0x74E9, 0x74EE, 0x74F2, 0x74F0, 0x74F1,
	0x74F8, 0x74F7, 0x7504, 0x7503, 0x7505, 0x750C, 0x750E, 0x750D, 0x7515, 0x7513, 0x751E, 0x7526,
	0x752C, 0x753C, 0x7544, 0x754D, 0x754A, 0x7549, 0x755B, 0x7546, 0x755A, 0x7569, 0x7564, 0x7567,
	0x756B, 0x756D, 0x7578, 0x7576, 0x7586, 0x7587, 0x7574, 0x758A, 0x7589, 0x7582, 0x7594, 0x759A,
	0x759D, 0x75A5, 0x75A3, 0x75C2, 0x75B3, 0x75C3, 0x75B5, 0x75BD, 0x75B8, 0x75BC, 0x75B1, 0x75CD,
	0x75CA, 0x75D2, 0x75D9, 0x75E3, 0x75DE, 0x75FE, 0x75FF, 0x75FC, 0x7601, 0x75F0, 0x75FA, 0x75F2,
	0x75F3, 0x760B, 0x760D, 0x7609, 0x761F, 0x7627, 0x7620, 0x7621, 0x7622, 0x7624, 0x7634, 0x7630,
	0x763B, 0x7647, 0x7648, 0x7646, 0x765C, 0x7658, 0x7661, 0x7662, 0x7668, 0x7669, 0x766A, 0x7667,
	0x766C, 0x7670, 0x7672, 0x7676, 0x7678, 0x767C, 0x7680, 0x7683, 0x7688, 0x768B, 0x768E, 0x7696,
	0x7693, 0x7699, 0x769A, 0x76B0, 0x76B4, 0x76B8, 0x76B9, 0x76BA, 0x76C2, 0x76CD, 0x76D6, 0x76D2,
	0x76DE, 0x76E1, 0x76E5, 0x76E7, 0x76EA, 0x862F, 0x76FB, 0x7708, 0x7707, 0x7704, 0x7729, 0x7724,
	0x771E, 0x7725, 0x7726, 0x771B, 0x7737, 0x7738, 0x7747, 0x775A, 0x7768, 0x776B, 0x775B, 0x7765,
	0x777F, 0x777E, 0x7779, 0x778E, 0x778B, 0x7791, 0x77A0, 0x779E, 0x77B0, 0x77B6, 0x77B9, 0x77BF,
	0x77BC, 0x77BD, 0x77BB, 0x77C7, 0x77CD, 0x77D7, 0x77DA, 0x77DC, 0x77E3, 0x77EE, 0x77FC, 0x780C,
	0x7812, 0x7926, 0x7820, 0x792A, 0x7845, 0x788E, 0x7874, 0x7886, 0x787C, 0x789A, 0x788C, 0x78A3,
	0x78B5, 0x78AA, 0x78AF, 0x78D1, 0x78C6, 0x78CB, 0x78D4, 0x78BE, 0x78BC, 0x78C5, 0x78CA, 0x78EC,
	0x78E7, 0x78DA, 0x78FD, 0x78F4, 0x7907, 0x7912, 0x7911, 0x7919, 0x792C, 0x792B, 0x7940, 0x7960,
	0x7957, 0x795F, 0x795A, 0x7955, 0x7953, 0x797A, 0x797F, 0x798A, 0x799D, 0x79A7, 0x9F4B, 0x79AA,
	0x79AE, 0x79B3, 0x79B9, 0x79BA, 0x79C9, 0x79D5, 0x79E7, 0x79EC, 0x79E1, 0x79E3, 0x7A08, 0x7A0D,
	0x7A18, 0x7A19, 0x7A20, 0x7A1F, 0x7980, 0x7A31, 0x7A3B, 0x7A3E, 0x7A37, 0x7A43, 0x7A57, 0x7A49,
	0x7A61, 0x7A62, 0x7A69, 0x9F9D, 0x7A70, 0x7A79, 0x7A7D, 0x7A88, 0x7A97, 0x7A95, 0x7A98, 0x7A96,
	0x7AA9, 0x7AC8, 0x7AB0, 0x7AB6, 0x7AC5, 0x7AC4, 0x7ABF, 0x9083, 0x7AC7, 0x7ACA, 0x7ACD, 0x7ACF,
	0x7AD5, 0x7AD3, 0x7AD9, 0x7ADA, 0x7ADD, 0x7AE1, 0x7AE2, 0x7AE6, 0x7AED, 0x7AF0, 0x7B02, 0x7B0F,
	0x7B0A, 0x7B06, 0x7B33, 0x7B18, 0x7B19, 0x7B1E, 0x7B35, 0x7B28, 0x7B36, 0x7B50, 0x7B7A, 0x7B04,
	0x7B4D, 0x7B0B, 0x7B4C, 0x7B45, 0x7B75, 0x7B65, 0x7B74, 0x7B67, 0x7B70, 0x7B71, 0x7B6C, 0x7B6E,
	0x7B9D, 0x7B98, 0x7B9F, 0x7B8D, 0x7B9C, 0x7B9A, 0x7B8B, 0x7B92, 0x7B8F, 0x7B5D, 0x7B99, 0x7BCB,
	0x7BC1, 0x7BCC, 0x7BCF, 0x7BB4, 0x7BC6, 0x7BDD, 0x7BE9, 0x7C11, 0x7C14, 0x7BE6, 0x7BE5, 0x7C60,
	0x7C00, 0x7C07, 0x7C13, 0x7BF3, 0x7BF7, 0x7C17, 0x7C0D, 0x7BF6, 0x7C23, 0x7C27, 0x7C2A, 0x7C1F,
	0x7C37, 0x7C2B, 0x7C3D, 0x7C4C, 0x7C43, 0x7C54, 0x7C4F, 0x7C40, 0x7C50, 0x7C58, 0x7C5F, 0x7C64,
	0x7C56, 0x7C65, 0x7C6C, 0x7C75, 0x7C83, 0x7C90, 0x7CA4, 0x7CAD, 0x7CA2, 0x7CAB, 0x7CA1, 0x7CA8,
	0x7CB3, 0x7CB2, 0x7CB1, 0x7CAE, 0x7CB9, 0x7CBD, 0x7CC0, 0x7CC5, 0x7CC2, 0x7CD8, 0x7CD2, 0x7CDC,
	0x7CE2, 0x9B3B, 0x7CEF, 0x7CF2, 0x7CF4, 0x7CF6, 0x7CFA, 0x7D06, 0x7D02, 0x7D1C, 0x7D15, 0x7D0A,
	0x7D45, 0x7D4B, 0x7D2E, 0x7D32, 0x7D3F, 0x7D35, 0x7D46, 0x7D73, 0x7D56, 0x7D4E, 0x7D72, 0x7D68,
	0x7D6E, 0x7D4F, 0x7D63, 0x7D93, 0x7D89, 0x7D5B, 0x7D8F, 0x7D7D, 0x7D9B, 0x7DBA, 0x7DAE, 0x7DA3,
	0x7DB5, 0x7DC7, 0x7DBD, 0x7DAB, 0x7E3D, 0x7DA2, 0x7DAF, 0x7DDC, 0x7DB8, 0x7D9F, 0x7DB0, 0x7DD8,
	0x7DDD, 0x7DE4, 0x7DDE, 0x7DFB, 0x7DF2, 0x7DE1, 0x7E05, 0x7E0A, 0x7E23, 0x7E21, 0x7E12, 0x7E31,
	0x7E1F, 0x7E09, 0x7E0B, 0x7E22, 0x7E46, 0x7E66, 0x7E3B, 0x7E35, 0x7E39, 0x7E43, 0x7E37, 0x7E32,
	0x7E3A, 0x7E67, 0x7E5D, 0x7E56, 0x7E5E, 0x7E59, 0x7E5A, 0x7E79, 0x7E6A, 0x7E69, 0x7E7C, 0x7E7B,
	0x7E83, 0x7DD5, 0x7E7D, 0x8FAE, 0x7E7F, 0x7E88, 0x7E89, 0x7E8C, 0x7E92, 0x7E90, 0x7E93, 0x7E94,
	0x7E96, 0x7E8E, 0x7E9B, 0x7E9C, 0x7F38, 0x7F3A, 0x7F45, 0x7F4C, 0x7F4D, 0x7F4E, 0x7F50, 0x7F51,
	0x7F55, 0x7F54, 0x7F58, 0x7F5F, 0x7F60, 0x7F68, 0x7F69, 0x7F67, 0x7F78, 0x7F82, 0x7F86, 0x7F83,
	0x7F88, 0x7F87, 0x7F8C, 0x7F94, 0x7F9E, 0x7F9D, 0x7F9A, 0x7FA3, 0x7FAF, 0x7FB2, 0x7FB9, 0x7FAE,
	0x7FB6, 0x7FB8, 0x8B71, 0x7FC5, 0x7FC6, 0x7FCA, 0x7FD5, 0x7FD4, 0x7FE1, 0x7FE6, 0x7FE9, 0x7FF3,
	0x7FF9, 0x98DC, 0x8006, 0x8004, 0x800B, 0x8012, 0x8018, 0x8019, 0x801C, 0x8021, 0x8028, 0x803F,
	0x803B, 0x804A, 0x8046, 0x8052, 0x8058, 0x805A, 0x805F, 0x8062, 0x8068, 0x8073, 0x8072, 0x8070,
	0x8076, 0x8079, 0x807D, 0x807F, 0x8084, 0x8086, 0x8085, 0x809B, 0x8093, 0x809A, 0x80AD, 0x5190,
	0x80AC, 0x80DB, 0x80E5, 0x80D9, 0x80DD, 0x80C4, 0x80DA, 0x80D6, 0x8109, 0x80EF, 0x80F1, 0x811B,
	0x8129, 0x8123, 0x812F, 0x814B, 0x968B, 0x8146, 0x813E, 0x8153, 0x8151, 0x80FC, 0x8171, 0x816E,
	0x8165, 0x8166, 0x8174, 0x8183, 0x8188, 0x818A, 0x8180, 0x8182, 0x81A0, 0x8195, 0x81A4, 0x81A3,
	0x815F, 0x8193, 0x81A9, 0x81B0, 0x81B5, 0x81BE, 0x81B8, 0x81BD, 0x81C0, 0x81C2, 0x81BA, 0x81C9,
	0x81CD, 0x81D1, 0x81D9, 0x81D8, 0x81C8, 0x81DA, 0x81DF, 0x81E0, 0x81E7, 0x81FA, 0x81FB, 0x81FE,
	0x8201, 0x8202, 0x8205, 0x8207, 0x820A, 0x820D, 0x8210, 0x8216, 0x8229, 0x822B, 0x8238, 0x8233,
	0x8240, 0x8259, 0x8258, 0x825D, 0x825A, 0x825F, 0x8264, 0x8262, 0x8268, 0x826A, 0x826B, 0x822E,
	0x8271, 0x8277, 0x8278, 0x827E, 0x828D, 0x8292, 0x82AB, 0x829F, 0x82BB, 0x82AC, 0x82E1, 0x82E3,
	0x82DF, 0x82D2, 0x82F4, 0x82F3, 0x82FA, 0x8393, 0x8303, 0x82FB, 0x82F9, 0x82DE, 0x8306, 0x82DC,
	0x8309, 0x82D9, 0x8335, 0x8334, 0x8316, 0x8332, 0x8331, 0x8340, 0x8339, 0x8350, 0x8345, 0x832F,
	0x832B, 0x8317, 0x8318, 0x8385, 0x839A, 0x83AA, 0x839F, 0x83A2, 0x8396, 0x8323, 0x838E, 0x8387,
	0x838A, 0x837C, 0x83B5, 0x8373, 0x8375, 0x83A0, 0x8389, 0x83A8, 0x83F4, 0x8413, 0x83EB, 0x83CE,
	0x83FD, 0x8403, 0x83D8, 0x840B, 0x83C1, 0x83F7, 0x8407, 0x83E0, 0x83F2, 0x840D, 0x8422, 0x8420,
	0x83BD, 0x8438, 0x8506, 0x83FB, 0x846D, 0x842A, 0x843C, 0x855A, 0x8484, 0x8477, 0x846B, 0x84AD,
	0x846E, 0x8482, 0x8469, 0x8446, 0x842C, 0x846F, 0x8479, 0x8435, 0x84CA, 0x8462, 0x84B9, 0x84BF,
	0x849F, 0x84D9, 0x84CD, 0x84BB, 0x84DA, 0x84D0, 0x84C1, 0x84C6, 0x84D6, 0x84A1, 0x8521, 0x84FF,
	0x84F4, 0x8517, 0x8518, 0x852C, 0x851F, 0x8515, 0x8514, 0x84FC, 0x8540, 0x8563, 0x8558, 0x8548,
	0x8541, 0x8602, 0x854B, 0x8555, 0x8580, 0x85A4, 0x8588, 0x8591, 0x858A, 0x85A8, 0x856D, 0x8594,
	0x859B, 0x85EA, 0x8587, 0x859C, 0x8577, 0x857E, 0x8590, 0x85C9, 0x85BA, 0x85CF, 0x85B9, 0x85D0,
	0x85D5, 0x85DD, 0x85E5, 0x85DC, 0x85F9, 0x860A, 0x8613, 0x860B, 0x85FE, 0x85FA, 0x8606, 0x8622,
	0x861A, 0x8630, 0x863F, 0x864D, 0x4E55, 0x8654, 0x865F, 0x8667, 0x8671, 0x8693, 0x86A3, 0x86A9,
	0x86AA, 0x868B, 0x868C, 0x86B6, 0x86AF, 0x86C4, 0x86C6, 0x86B0, 0x86C9, 0x8823, 0x86AB, 0x86D4,
	0x86DE, 0x86E9, 0x86EC, 0x86DF, 0x86DB, 0x86EF, 0x8712, 0x8706, 0x8708, 0x8700, 0x8703, 0x86FB,
	0x8711, 0x8709, 0x870D, 0x86F9, 0x870A, 0x8734, 0x873F, 0x8737, 0x873B, 0x8725, 0x8729, 0x871A,
	0x8760, 0x875F, 0x8778, 0x874C, 0x874E, 0x8774, 0x8757, 0x8768, 0x876E, 0x8759, 0x8753, 0x8763,
	0x876A, 0x8805, 0x87A2, 0x879F, 0x8782, 0x87AF, 0x87CB, 0x87BD, 0x87C0, 0x87D0, 0x96D6, 0x87AB,
	0x87C4, 0x87B3, 0x87C7, 0x87C6, 0x87BB, 0x87EF, 0x87F2, 0x87E0, 0x880F, 0x880D, 0x87FE, 0x87F6,
	0x87F7, 0x880E, 0x87D2, 0x8811, 0x8816, 0x8815, 0x8822, 0x8821, 0x8831, 0x8836, 0x8839, 0x8827,
	0x883B, 0x8844, 0x8842, 0x8852, 0x8859, 0x885E, 0x8862, 0x886B, 0x8881, 0x887E, 0x889E, 0x8875,
	0x887D, 0x88B5, 0x8872, 0x8882, 0x8897, 0x8892, 0x88AE, 0x8899, 0x88A2, 0x888D, 0x88A4, 0x88B0,
	0x88BF, 0x88B1, 0x88C3, 0x88C4, 0x88D4, 0x88D8, 0x88D9, 0x88DD, 0x88F9, 0x8902, 0x88FC, 0x88F4,
	0x88E8, 0x88F2, 0x8904, 0x890C, 0x890A, 0x8913, 0x8943, 0x891E, 0x8925, 0x892A, 0x892B, 0x8941,
	0x8944, 0x893B, 0x8936, 0x8938, 0x894C, 0x891D, 0x8960, 0x895E, 0x8966, 0x8964, 0x896D, 0x896A,
	0x896F, 0x8974, 0x8977, 0x897E, 0x8983, 0x8988, 0x898A, 0x8993, 0x8998, 0x89A1, 0x89A9, 0x89A6,
	0x89AC, 0x89AF, 0x89B2, 0x89BA, 0x89BD, 0x89BF, 0x89C0, 0x89DA, 0x89DC, 0x89DD, 0x89E7, 0x89F4,
	0x89F8, 0x8A03, 0x8A16, 0x8A10, 0x8A0C, 0x8A1B, 0x8A1D, 0x8A25, 0x8A36, 0x8A41, 0x8A5B, 0x8A52,
	0x8A46, 0x8A48, 0x8A7C, 0x8A6D, 0x8A6C, 0x8A62, 0x8A85, 0x8A82, 0x8A84, 0x8AA8, 0x8AA1, 0x8A91,
	0x8AA5, 0x8AA6, 0x8A9A, 0x8AA3, 0x8AC4, 0x8ACD, 0x8AC2, 0x8ADA, 0x8AEB, 0x8AF3, 0x8AE7, 0x8AE4,
	0x8AF1, 0x8B14, 0x8AE0, 0x8AE2, 0x8AF7, 0x8ADE, 0x8ADB, 0x8B0C, 0x8B07, 0x8B1A, 0x8AE1, 0x8B16,
	0x8B10, 0x8B17, 0x8B20, 0x8B33, 0x97AB, 0x8B26, 0x8B2B, 0x8B3E, 0x8B28, 0x8B41, 0x8B4C, 0x8B4F,
	0x8B4E, 0x8B49, 0x8B56, 0x8B5B, 0x8B5A, 0x8B6B, 0x8B5F, 0x8B6C, 0x8B6F, 0x8B74, 0x8B7D, 0x8B80,
	0x8B8C, 0x8B8E, 0x8B92, 0x8B93, 0x8B96, 0x8B99, 0x8B9A, 0x8C3A, 0x8C41, 0x8C3F, 0x8C48, 0x8C4C,
	0x8C4E, 0x8C50, 0x8C55, 0x8C62, 0x8C6C, 0x8C78, 0x8C7A, 0x8C82, 0x8C89, 0x8C85, 0x8C8A, 0x8C8D,
	0x8C8E, 0x8C94, 0x8C7C, 0x8C98, 0x621D, 0x8CAD, 0x8CAA, 0x8CBD, 0x8CB2, 0x8CB3, 0x8CAE, 0x8CB6,
	0x8CC8, 0x8CC1, 0x8CE4, 0x8CE3, 0x8CDA, 0x8CFD, 0x8CFA, 0x8CFB, 0x8D04, 0x8D05, 0x8D0A, 0x8D07,
	0x8D0F, 0x8D0D, 0x8D10, 0x9F4E, 0x8D13, 0x8CCD, 0x8D14, 0x8D16, 0x8D67, 0x8D6D, 0x8D71, 0x8D73,
	0x8D81, 0x8D99, 0x8DC2, 0x8DBE, 0x8DBA, 0x8DCF, 0x8DDA, 0x8DD6, 0x8DCC, 0x8DDB, 0x8DCB, 0x8DEA,
	0x8DEB, 0x8DDF, 0x8DE3, 0x8DFC, 0x8E08, 0x8E09, 0x8DFF, 0x8E1D, 0x8E1E, 0x8E10, 0x8E1F, 0x8E42,
	0x8E35, 0x8E30, 0x8E34, 0x8E4A, 0x8E47, 0x8E49, 0x8E4C, 0x8E50, 0x8E48, 0x8E59, 0x8E64, 0x8E60,
	0x8E2A, 0x8E63, 0x8E55, 0x8E76, 0x8E72, 0x8E7C, 0x8E81, 0x8E87, 0x8E85, 0x8E84, 0x8E8B, 0x8E8A,
	0x8E93, 0x8E91, 0x8E94, 0x8E99, 0x8EAA, 0x8EA1, 0x8EAC, 0x8EB0, 0x8EC6, 0x8EB1, 0x8EBE, 0x8EC5,
	0x8EC8, 0x8ECB, 0x8EDB, 0x8EE3, 0x8EFC, 0x8EFB, 0x8EEB, 0x8EFE, 0x8F0A, 0x8F05, 0x8F15, 0x8F12,
	0x8F19, 0x8F13, 0x8F1C, 0x8F1F, 0x8F1B, 0x8F0C, 0x8F26, 0x8F33, 0x8F3B, 0x8F39, 0x8F45, 0x8F42,
	0x8F3E, 0x8F4C, 0x8F49, 0x8F46, 0x8F4E, 0x8F57, 0x8F5C, 0x8F62, 0x8F63, 0x8F64, 0x8F9C, 0x8F9F,
	0x8FA3, 0x8FAD, 0x8FAF, 0x8FB7, 0x8FDA, 0x8FE5, 0x8FE2, 0x8FEA, 0x8FEF, 0x9087, 0x8FF4, 0x9005,
	0x8FF9, 0x8FFA, 0x9011, 0x9015, 0x9021, 0x900D, 0x901E, 0x9016, 0x900B, 0x9027, 0x9036, 0x9035,
	0x9039, 0x8FF8, 0x904F, 0x9050, 0x9051, 0x9052, 0x900E, 0x9049, 0x903E, 0x9056, 0x9058, 0x905E,
	0x9068, 0x906F, 0x9076, 0x96A8, 0x9072, 0x9082, 0x907D, 0x9081, 0x9080, 0x908A, 0x9089, 0x908F,
	0x90A8, 0x90AF, 0x90B1, 0x90B5, 0x90E2, 0x90E4, 0x6248, 0x90DB, 0x9102, 0x9112, 0x9119, 0x9132,
	0x9130, 0x914A, 0x9156, 0x9158, 0x9163, 0x9165, 0x9169, 0x9173, 0x9172, 0x918B, 0x9189, 0x9182,
	0x91A2, 0x91AB, 0x91AF, 0x91AA, 0x91B5, 0x91B4, 0x91BA, 0x91C0, 0x91C1, 0x91C9, 0x91CB, 0x91D0,
	0x91D6, 0x91DF, 0x91E1, 0x91DB, 0x91FC, 0x91F5, 0x91F6, 0x921E, 0x91FF, 0x9214, 0x922C, 0x9215,
	0x9211, 0x925E, 0x9257, 0x9245, 0x9249, 0x9264, 0x9248, 0x9295, 0x923F, 0x924B, 0x9250, 0x929C,
	0x9296, 0x9293, 0x929B, 0x925A, 0x92CF, 0x92B9, 0x92B7, 0x92E9, 0x930F, 0x92FA, 0x9344, 0x932E,
	0x9319, 0x9322, 0x931A, 0x9323, 0x933A, 0x9335, 0x933B, 0x935C, 0x9360, 0x937C, 0x936E, 0x9356,
	0x93B0, 0x93AC, 0x93AD, 0x9394, 0x93B9, 0x93D6, 0x93D7, 0x93E8, 0x93E5, 0x93D8, 0x93C3, 0x93DD,
	0x93D0, 0x93C8, 0x93E4, 0x941A, 0x9414, 0x9413, 0x9403, 0x9407, 0x9410, 0x9436, 0x942B, 0x9435,
	0x9421, 0x943A, 0x9441, 0x9452, 0x9444, 0x945B, 0x9460, 0x9462, 0x945E, 0x946A, 0x9229, 0x9470,
	0x9475, 0x9477, 0x947D, 0x945A, 0x947C, 0x947E, 0x9481, 0x947F, 0x9582, 0x9587, 0x958A, 0x9594,
	0x9596, 0x9598, 0x9599, 0x95A0, 0x95A8, 0x95A7, 0x95AD, 0x95BC, 0x95BB, 0x95B9, 0x95BE, 0x95CA,
	0x6FF6, 0x95C3, 0x95CD, 0x95CC, 0x95D5, 0x95D4, 0x95D6, 0x95DC, 0x95E1, 0x95E5, 0x95E2, 0x9621,
	0x9628, 0x962E, 0x962F, 0x9642, 0x964C, 0x964F, 0x964B, 0x9677, 0x965C, 0x965E, 0x965D, 0x965F,
	0x9666, 0x9672, 0x966C, 0x968D, 0x9698, 0x9695, 0x9697, 0x96AA, 0x96A7, 0x96B1, 0x96B2, 0x96B0,
	0x96B4, 0x96B6, 0x96B8, 0x96B9, 0x96CE, 0x96CB, 0x96C9, 0x96CD, 0x894D, 0x96DC, 0x970D, 0x96D5,
	0x96F9, 0x9704, 0x9706, 0x9708, 0x9713, 0x970E, 0x9711, 0x970F, 0x9716, 0x9719, 0x9724, 0x972A,
	0x9730, 0x9739, 0x973D, 0x973E, 0x9744, 0x9746, 0x9748, 0x9742, 0x9749, 0x975C, 0x9760, 0x9764,
	0x9766, 0x9768, 0x52D2, 0x976B, 0x9771, 0x9779, 0x9785, 0x977C, 0x9781, 0x977A, 0x9786, 0x978B,
	0x978F, 0x9790, 0x979C, 0x97A8, 0x97A6, 0x97A3, 0x97B3, 0x97B4, 0x97C3, 0x97C6, 0x97C8, 0x97CB,
	0x97DC, 0x97ED, 0x9F4F, 0x97F2, 0x7ADF, 0x97F6, 0x97F5, 0x980F, 0x980C, 0x9838, 0x9824, 0x9821,
	0x9837, 0x983D, 0x9846, 0x984F, 0x984B, 0x986B, 0x986F, 0x9870, 0x9871, 0x9874, 0x9873, 0x98AA,
	0x98AF, 0x98B1, 0x98B6, 0x98C4, 0x98C3, 0x98C6, 0x98E9, 0x98EB, 0x9903, 0x9909, 0x9912, 0x9914,
	0x9918, 0x9921, 0x991D, 0x991E, 0x9924, 0x9920, 0x992C, 0x992E, 0x993D, 0x993E, 0x9942, 0x9949,
	0x9945, 0x9950, 0x994B, 0x9951, 0x9952, 0x994C, 0x9955, 0x9997, 0x9998, 0x99A5, 0x99AD, 0x99AE,
	0x99BC, 0x99DF, 0x99DB, 0x99DD, 0x99D8, 0x99D1, 0x99ED, 0x99EE, 0x99F1, 0x99F2, 0x99FB, 0x99F8,
	0x9A01, 0x9A0F, 0x9A05, 0x99E2, 0x9A19, 0x9A2B, 0x9A37, 0x9A45, 0x9A42, 0x9A40, 0x9A43, 0x9A3E,
	0x9A55, 0x9A4D, 0x9A5B, 0x9A57, 0x9A5F, 0x9A62, 0x9A65, 0x9A64, 0x9A69, 0x9A6B, 0x9A6A, 0x9AAD,
	0x9AB0, 0x9ABC, 0x9AC0, 0x9ACF, 0x9AD1, 0x9AD3, 0x9AD4, 0x9ADE, 0x9ADF, 0x9AE2, 0x9AE3, 0x9AE6,
	0x9AEF, 0x9AEB, 0x9AEE, 0x9AF4, 0x9AF1, 0x9AF7, 0x9AFB, 0x9B06, 0x9B18, 0x9B1A, 0x9B1F, 0x9B22,
	0x9B23, 0x9B25, 0x9B27, 0x9B28, 0x9B29, 0x9B2A, 0x9B2E, 0x9B2F, 0x9B32, 0x9B44, 0x9B43, 0x9B4F,
	0x9B4D, 0x9B4E, 0x9B51, 0x9B58, 0x9B74, 0x9B93, 0x9B83, 0x9B91, 0x9B96, 0x9B97, 0x9B9F, 0x9BA0,
	0x9BA8, 0x9BB4, 0x9BC0, 0x9BCA, 0x9BB9, 0x9BC6, 0x9BCF, 0x9BD1, 0x9BD2, 0x9BE3, 0x9BE2, 0x9BE4,
	0x9BD4, 0x9BE1, 0x9C3A, 0x9BF2, 0x9BF1, 0x9BF0, 0x9C15, 0x9C14, 0x9C09, 0x9C13, 0x9C0C, 0x9C06,
	0x9C08, 0x9C12, 0x9C0A, 0x9C04, 0x9C2E, 0x9C1B, 0x9C25, 0x9C24, 0x9C21, 0x9C30, 0x9C47, 0x9C32,
	0x9C46, 0x9C3E, 0x9C5A, 0x9C60, 0x9C67, 0x9C76, 0x9C78, 0x9CE7, 0x9CEC, 0x9CF0, 0x9D09, 0x9D08,
	0x9CEB, 0x9D03, 0x9D06, 0x9D2A, 0x9D26, 0x9DAF, 0x9D23, 0x9D1F, 0x9D44, 0x9D15, 0x9D12, 0x9D41,
	0x9D3F, 0x9D3E, 0x9D46, 0x9D48, 0x9D5D, 0x9D5E, 0x9D64, 0x9D51, 0x9D50, 0x9D59, 0x9D72, 0x9D89,
	0x9D87, 0x9DAB, 0x9D6F, 0x9D7A, 0x9D9A, 0x9DA4, 0x9DA9, 0x9DB2, 0x9DC4, 0x9DC1, 0x9DBB, 0x9DB8,
	0x9DBA, 0x9DC6, 0x9DCF, 0x9DC2, 0x9DD9, 0x9DD3, 0x9DF8, 0x9DE6, 0x9DED, 0x9DEF, 0x9DFD, 0x9E1A,
	0x9E1B, 0x9E1E, 0x9E75, 0x9E79, 0x9E7D, 0x9E81, 0x9E88, 0x9E8B, 0x9E8C, 0x9E92, 0x9E95, 0x9E91,
	0x9E9D, 0x9EA5, 0x9EA9, 0x9EB8, 0x9EAA, 0x9EAD, 0x9761, 0x9ECC, 0x9ECE, 0x9ECF, 0x9ED0, 0x9ED4,
	0x9EDC, 0x9EDE, 0x9EDD, 0x9EE0, 0x9EE5, 0x9EE8, 0x9EEF, 0x9EF4, 0x9EF6, 0x9EF7, 0x9EF9, 0x9EFB,
	0x9EFC, 0x9EFD, 0x9F07, 0x9F08, 0x76B7, 0x9F15, 0x9F21, 0x9F2C, 0x9F3E, 0x9F4A, 0x9F52, 0x9F54,
	0x9F63, 0x9F5F, 0x9F60, 0x9F61, 0x9F66, 0x9F67, 0x9F6C, 0x9F6A, 0x9F77, 0x9F72, 0x9F76, 0x9F95,
	0x9F9C, 0x9FA0, 0x582F, 0x69C7, 0x9059, 0x7464, 0x51DC, 0x7199, 0x5653, 0x5DE2, 0x5E14, 0x5E18,
	0x5E58, 0x5E5E, 0x5EBE, 0xF928, 0x5ECB, 0x5EF9, 0x5F00, 0x5F02, 0x5F07, 0x5F1D, 0x5F23, 0x5F34,
	0x5F36, 0x5F3D, 0x5F40, 0x5F45, 0x5F54, 0x5F58, 0x5F64, 0x5F67, 0x5F7D, 0x5F89, 0x5F9C, 0x5FA7,
	0x5FAF, 0x5FB5, 0x5FB7, 0x5FC9, 0x5FDE, 0x5FE1, 0x5FE9, 0x600D, 0x6014, 0x6018, 0x6033, 0x6035,
	0x6047, 0xFA3D, 0x609D, 0x609E, 0x60CB, 0x60D4, 0x60D5, 0x60DD, 0x60F8, 0x611C, 0x612B, 0x6130,
	0x6137, 0xFA3E, 0x618D, 0xFA3F, 0x61BC, 0x61B9, 0xFA40, 0x6222, 0x623E, 0x6243, 0x6256, 0x625A,
	0x626F, 0x6285, 0x62C4, 0x62D6, 0x62FC, 0x630A, 0x6318, 0x6339, 0x6343, 0x6365, 0x637C, 0x63E5,
	0x63ED, 0x63F5, 0x6410, 0x6414, 0x6422, 0x6479, 0x6451, 0x6460, 0x646D, 0x64CE, 0x64BE, 0x64BF,
	0x64C4, 0x64CA, 0x64D0, 0x64F7, 0x64FB, 0x6522, 0x6529, 0xFA41, 0x6567, 0x659D, 0xFA42, 0x6600,
	0x6609, 0x6615, 0x661E, 0x663A, 0x6622, 0x6624, 0x662B, 0x6630, 0x6631, 0x6633, 0x66FB, 0x6648,
	0x664C, 0xD821, 0x6659, 0x665A, 0x6661, 0x6665, 0x6673, 0x6677, 0x6678, 0x668D, 0xFA43, 0x66A0,
	0x66B2, 0x66BB, 0x66C6, 0x66C8, 0x3B22, 0x66DB, 0x66E8, 0x66FA, 0x6713, 0xF929, 0x6733, 0x6766,
	0x6747, 0x6748, 0x677B, 0x6781, 0x6793, 0x6798, 0x679B, 0x67BB, 0x67F9, 0x67C0, 0x67D7, 0x67FC,
	0x6801, 0x6852, 0x681D, 0x682C, 0x6831, 0x685B, 0x6872, 0x6875, 0xFA44, 0x68A3, 0x68A5, 0x68B2,
	0x68C8, 0x68D0, 0x68E8, 0x68ED, 0x68F0, 0x68F1, 0x68FC, 0x690A, 0x6949, 0xD822, 0x6935, 0x6942,
	0x6957, 0x6963, 0x6964, 0x6968, 0x6980, 0xFA14, 0x69A5, 0x69AD, 0x69CF, 0x3BB6, 0x3BC3, 0x69E2,
	0x69E9, 0x69EA, 0x69F5, 0x69F6, 0x6A0F, 0x6A15, 0xD823, 0x6A3B, 0x6A3E, 0x6A45, 0x6A50, 0x6A56,
	0x6A5B, 0x6A6B, 0x6A73, 0xD824, 0x6A89, 0x6A94, 0x6A9D, 0x6A9E, 0x6AA5, 0x6AE4, 0x6AE7, 0x3C0F,
	0xF91D, 0x6B1B, 0x6B1E, 0x6B2C, 0x6B35, 0x6B46, 0x6B56, 0x6B60, 0x6B65, 0x6B67, 0x6B77, 0x6B82,
	0x6BA9, 0x6BAD, 0xF970, 0x6BCF, 0x6BD6, 0x6BD7, 0x6BFF, 0x6C05, 0x6C10, 0x6C33, 0x6C59, 0x6C5C,
	0x6CAA, 0x6C74, 0x6C76, 0x6C85, 0x6C86, 0x6C98, 0x6C9C, 0x6CFB, 0x6CC6, 0x6CD4, 0x6CE0, 0x6CEB,
	0x6CEE, 0xD825, 0x6D04, 0x6D0E, 0x6D2E, 0x6D31, 0x6D39, 0x6D3F, 0x6D58, 0x6D65, 0xFA45, 0x6D82,
	0x6D87, 0x6D89, 0x6D94, 0x6DAA, 0x6DAC, 0x6DBF, 0x6DC4, 0x6DD6, 0x6DDA, 0x6DDB, 0x6DDD, 0x6DFC,
	0xFA46, 0x6E34, 0x6E44, 0x6E5C, 0x6E5E, 0x6EAB, 0x6EB1, 0x6EC1, 0x6EC7, 0x6ECE, 0x6F10, 0x6F1A,
	0xFA47, 0x6F2A, 0x6F2F, 0x6F33, 0x6F51, 0x6F59, 0x6F5E, 0x6F61, 0x6F62, 0x6F7E, 0x6F88, 0x6F8C,
	0x6F8D, 0x6F94, 0x6FA0, 0x6FA7, 0x6FB6, 0x6FBC, 0x6FC7, 0x6FCA, 0x6FF9, 0x6FF0, 0x6FF5, 0x7005,
	0x7006, 0x7028, 0x704A, 0x705D, 0x705E, 0x704E, 0x7064, 0x7075, 0x7085, 0x70A4, 0x70AB, 0x70B7,
	0x70D4, 0x70D8, 0x70E4, 0x710F, 0x712B, 0x711E, 0x7120, 0x712E, 0x7130, 0x7146, 0x7147, 0x7151,
	0xFA48, 0x7152, 0x715C, 0x7160, 0x7168, 0xFA15, 0x7185, 0x7187, 0x7192, 0x71C1, 0x71BA, 0x71C4,
	0x71FE, 0x7200, 0x7215, 0x7255, 0x7256, 0x3E3F, 0x728D, 0x729B, 0x72BE, 0x72C0, 0x72FB, 0xD826,
	0x7327, 0x7328, 0xFA16, 0x7350, 0x7366, 0x737C, 0x7395, 0x739F, 0x73A0, 0x73A2, 0x73A6, 0x73AB,
	0x73C9, 0x73CF, 0x73D6, 0x73D9, 0x73E3, 0x73E9, 0x7407, 0x740A, 0x741A, 0x741B, 0xFA4A, 0x7426,
	0x7428, 0x742A, 0x742B, 0x742C, 0x742E, 0x742F, 0x7430, 0x7444, 0x7446, 0x7447, 0x744B, 0x7457,
	0x7462, 0x746B, 0x746D, 0x7486, 0x7487, 0x7489, 0x7498, 0x749C, 0x749F, 0x74A3, 0x7490, 0x74A6,
	0x74A8, 0x74A9, 0x74B5, 0x74BF, 0x74C8, 0x74C9, 0x74DA, 0x74FF, 0x7501, 0x7517, 0x752F, 0x756F,
	0x7579, 0x7592, 0x3F72, 0x75CE, 0x75E4, 0x7600, 0x7602, 0x7608, 0x7615, 0x7616, 0x7619, 0x761E,
	0x762D, 0x7635, 0x7643, 0x764B, 0x7664, 0x7665, 0x766D, 0x766F, 0x7671, 0x7681, 0x769B, 0x769D,
	0x769E, 0x76A6, 0x76AA, 0x76B6, 0x76C5, 0x76CC, 0x76CE, 0x76D4, 0x76E6, 0x76F1, 0x76FC, 0x770A,
	0x7719, 0x7734, 0x7736, 0x7746, 0x774D, 0x774E, 0x775C, 0x775F, 0x7762, 0x777A, 0x7780, 0x7794,
	0x77AA, 0x77E0, 0x782D, 0xD827, 0x7843, 0x784E, 0x784F, 0x7851, 0x7868, 0x786E, 0xFA4B, 0x78B0,
	0xD828, 0x78AD, 0x78E4, 0x78F2, 0x7900, 0x78F7, 0x791C, 0x792E, 0x7931, 0x7934, 0xFA4C, 0xFA4D,
	0x7945, 0x7946, 0xFA4E, 0xFA4F, 0xFA50, 0x795C, 0xFA51, 0xFA19, 0xFA1A, 0x7979, 0xFA52, 0xFA53,
	0xFA1B, 0x7998, 0x79B1, 0x79B8, 0x79C8, 0x79CA, 0xD829, 0x79D4, 0x79DE, 0x79EB, 0x79ED, 0x7A03,
	0xFA54, 0x7A39, 0x7A5D, 0x7A6D, 0xFA55, 0x7A85, 0x7AA0, 0xD82A, 0x7AB3, 0x7ABB, 0x7ACE, 0x7AEB,
	0x7AFD, 0x7B12, 0x7B2D, 0x7B3B, 0x7B47, 0x7B4E, 0x7B60, 0x7B6D, 0x7B6F, 0x7B72, 0x7B9E, 0xFA56,
	0x7BD7, 0x7BD9, 0x7C01, 0x7C31, 0x7C1E, 0x7C20, 0x7C33, 0x7C36, 0x4264, 0xD82B, 0x7C59, 0x7C6D,
	0x7C79, 0x7C8F, 0x7C94, 0x7CA0, 0x7CBC, 0x7CD5, 0x7CD9, 0x7CDD, 0x7D07, 0x7D08, 0x7D13, 0x7D1D,
	0x7D23, 0x7D31, 0x7D41, 0x7D48, 0x7D53, 0x7D5C, 0x7D7A, 0x7D83, 0x7D8B, 0x7DA0, 0x7DA6, 0x7DC2,
	0x7DCC, 0x7DD6, 0x7DE3, 0xFA57, 0x7E28, 0x7E08, 0x7E11, 0x7E15, 0xFA59, 0x7E47, 0x7E52, 0x7E61,
	0x7E8A, 0x7E8D, 0x7F47, 0xFA5A, 0x7F91, 0x7F97, 0x7FBF, 0x7FCE, 0x7FDB, 0x7FDF, 0x7FEC, 0x7FEE,
	0x7FFA, 0xFA5B, 0x8014, 0x8026, 0x8035, 0x8037, 0x803C, 0x80CA, 0x80D7, 0x80E0, 0x80F3, 0x8118,
	0x814A, 0x8160, 0x8167, 0x8168, 0x816D, 0x81BB, 0x81CA, 0x81CF, 0x81D7, 0xFA5C, 0x4453, 0x445B,
	0x8260, 0x8274, 0xD82C, 0x828E, 0x82A1, 0x82A3, 0x82A4, 0x82A9, 0x82AE, 0x82B7, 0x82BE, 0x82BF,
	0x82C6, 0x82D5, 0x82FD, 0x82FE, 0x8300, 0x8301, 0x8362, 0x8322, 0x832D, 0x833A, 0x8343, 0x8347,
	0x8351, 0x8355, 0x837D, 0x8386, 0x8392, 0x8398, 0x83A7, 0x83A9, 0x83BF, 0x83C0, 0x83C7, 0x83CF,
	0x83D1, 0x83E1, 0x83EA, 0x8401, 0x8406, 0x840A, 0xFA5F, 0x8448, 0x845F, 0x8470, 0x8473, 0x8485,
	0x849E, 0x84AF, 0x84B4, 0x84BA, 0x84C0, 0x84C2, 0xD82D, 0x8532, 0x851E, 0x8523, 0x852F, 0x8559,
	0x8564, 0xFA1F, 0x85AD, 0x857A, 0x858C, 0x858F, 0x85A2, 0x85B0, 0x85CB, 0x85CE, 0x85ED, 0x8612,
	0x85FF, 0x8604, 0x8605, 0x8610, 0xD82E, 0x8618, 0x8629, 0x8638, 0x8657, 0x865B, 0xF936, 0x8662,
	0x459D, 0x866C, 0x8675, 0x8698, 0x86B8, 0x86FA, 0x86FC, 0x86FD, 0x870B, 0x8771, 0x8787, 0x8788,
	0x87AC, 0x87AD, 0x87B5, 0x45EA, 0x87D6, 0x87EC, 0x8806, 0x880A, 0x8810, 0x8814, 0x881F, 0x8898,
	0x88AA, 0x88CA, 0x88CE, 0xD82F, 0x88F5, 0x891C, 0xFA60, 0x8918, 0x8919, 0x891A, 0x8927, 0x8930,
	0x8932, 0x8939, 0x8940, 0x8994, 0xFA61, 0x89D4, 0x89E5, 0x89F6, 0x8A12, 0x8A15, 0x8A22, 0x8A37,
	0x8A47, 0x8A4E, 0x8A5D, 0x8A61, 0x8A75, 0x8A79, 0x8AA7, 0x8AD0, 0x8ADF, 0x8AF4, 0x8AF6, 0xFA22,
	0xFA62, 0xFA63, 0x8B46, 0x8B54, 0x8B59, 0x8B69, 0x8B9D, 0x8C49, 0x8C68, 0xFA64, 0x8CE1, 0x8CF4,
	0x8CF8, 0x8CFE, 0xFA65, 0x8D12, 0x8D1B, 0x8DAF, 0x8DCE, 0x8DD1, 0x8DD7, 0x8E20, 0x8E23, 0x8E3D,
	0x8E70, 0x8E7B, 0xD830, 0x8EC0, 0x4844, 0x8EFA, 0x8F1E, 0x8F2D, 0x8F36, 0x8F54, 0xD831, 0x8FA6,
	0x8FB5, 0x8FE4, 0x8FE8, 0x8FEE, 0x9008, 0x902D, 0xFA67, 0x9088, 0x9095, 0x9097, 0x9099, 0x909B,
	0x90A2, 0x90B3, 0x90BE, 0x90C4, 0x90C5, 0x90C7, 0x90D7, 0x90DD, 0x90DE, 0x90EF, 0x90F4, 0xFA26,
	0x9114, 0x9115, 0x9116, 0x9122, 0x9123, 0x9127, 0x912F, 0x9131, 0x9134, 0x913D, 0x9148, 0x915B,
	0x9183, 0x919E, 0x91AC, 0x91B1, 0x91BC, 0x91D7, 0x91FB, 0x91E4, 0x91E5, 0x91ED, 0x91F1, 0x9207,
	0x9210, 0x9238, 0x9239, 0x923A, 0x923C, 0x9240, 0x9243, 0x924F, 0x9278, 0x9288, 0x92C2, 0x92CB,
	0x92CC, 0x92D3, 0x92E0, 0x92FF, 0x9304, 0x931F, 0x9321, 0x9325, 0x9348, 0x9349, 0x934A, 0x9364,
	0x9365, 0x936A, 0x9370, 0x939B, 0x93A3, 0x93BA, 0x93C6, 0x93DE, 0x93DF, 0x9404, 0x93FD, 0x9433,
	0x944A, 0x9463, 0x946B, 0x9471, 0x9472, 0x958E, 0x959F, 0x95A6, 0x95A9, 0x95AC, 0x95B6, 0x95BD,
	0x95CB, 0x95D0, 0x95D3, 0x49B0, 0x95DA, 0x95DE, 0x9658, 0x9684, 0xF9DC, 0x969D, 0x96A4, 0x96A5,
	0x96D2, 0x96DE, 0xFA68, 0x96E9, 0x96EF, 0x9733, 0x973B, 0x974D, 0x974E, 0x974F, 0x975A, 0x976E,
	0x9773, 0x9795, 0x97AE, 0x97BA, 0x97C1, 0x97C9, 0x97DE, 0x97DB, 0x97F4, 0xFA69, 0x980A, 0x981E,
	0x982B, 0x9830, 0xFA6A, 0x9852, 0x9853, 0x9856, 0x9857, 0x9859, 0x985A, 0xF9D0, 0x9865, 0x986C,
	0x98BA, 0x98C8, 0x98E7, 0x9958, 0x999E, 0x9A02, 0x9A03, 0x9A24, 0x9A2D, 0x9A2E, 0x9A38, 0x9A4A,
	0x9A4E, 0x9A52, 0x9AB6, 0x9AC1, 0x9AC3, 0x9ACE, 0x9AD6, 0x9AF9, 0x9B02, 0x9B08, 0x9B20, 0x4C17,
	0x9B2D, 0x9B5E, 0x9B79, 0x9B66, 0x9B72, 0x9B75, 0x9B84, 0x9B8A, 0x9B8F, 0x9B9E, 0x9BA7, 0x9BC1,
	0x9BCE, 0x9BE5, 0x9BF8, 0x9BFD, 0x9C00, 0x9C23, 0x9C41, 0x9C4F, 0x9C50, 0x9C53, 0x9C63, 0x9C65,
	0x9C77, 0x9D1D, 0x9D1E, 0x9D43, 0x9D47, 0x9D52, 0x9D63, 0x9D70, 0x9D7C, 0x9D8A, 0x9D96, 0x9DC0,
	0x9DAC, 0x9DBC, 0x9DD7, 0xD832, 0x9DE7, 0x9E07, 0x9E15, 0x9E7C, 0x9E9E, 0x9EA4, 0x9EAC, 0x9EAF,
	0x9EB4, 0x9EB5, 0x9EC3, 0x9ED1, 0x9F10, 0x9F39, 0x9F57, 0x9F90, 0x9F94, 0x9F97, 0x9FA2, 0x59F8,
	0x5C5B, 0x5E77, 0x7626, 0x7E6B,
};

/* zone A's characters of the BMP in order, each with its row and cell (row << 8 | cell) */
const UINT bpk_jis_rev[8749] = {
	0x00A00902, 0x00A10903, 0x00A20151, 0x00A30152, 0x00A40904, 0x00A60905, 0x00A70158, 0x00A8010F,
	0x00A90906, 0x00AA0907, 0x00AB0908, 0x00AC022C, 0x00AD0909, 0x00AE090A, 0x00AF090B, 0x00B0014B,
	0x00B1013E, 0x00B2090C, 0x00B3090D, 0x00B4010D, 0x00B60259, 0x00B7090E, 0x00B8090F, 0x00B90910,
	0x00BA0911, 0x00BB0912, 0x00BC0913, 0x00BD0914, 0x00BE0915, 0x00BF0916, 0x00C00917, 0x00C10918,
	0x00C20919, 0x00C3091A, 0x00C4091B, 0x00C5091C, 0x00C6091D, 0x00C7091E, 0x00C8091F, 0x00C90920,
	0x00CA0921, 0x00CB0922, 0x00CC0923, 0x00CD0924, 0x00CE0925, 0x00CF0926, 0x00D00927, 0x00D10928,
	0x00D20929, 0x00D3092A, 0x00D4092B, 0x00D5092C, 0x00D6092D, 0x00D7013F, 0x00D8092E, 0x00D9092F,
	0x00DA0930, 0x00DB0931, 0x00DC0932, 0x00DD0933, 0x00DE0934, 0x00DF0935, 0x00E00936, 0x00E10937,
	0x00E20938, 0x00E30939, 0x00E4093A, 0x00E5093B, 0x00E6093C, 0x00E7093D, 0x00E8093E, 0x00E9093F,
	0x00EA0940, 0x00EB0941, 0x00EC0942, 0x00ED0943, 0x00EE0944, 0x00EF0945, 0x00F00946, 0x00F10947,
	0x00F20948, 0x00F30949, 0x00F4094A, 0x00F5094B, 0x00F6094C, 0x00F70140, 0x00F8094D, 0x00F9094E,
	0x00FA094F, 0x00FB0950, 0x00FC0951, 0x00FD0952, 0x00FE0953, 0x00FF0954, 0x01000955, 0x0101095A,
	0x01020A1A, 0x01030A29, 0x01040A01, 0x01050A0C, 0x01060A1C, 0x01070A2B, 0x01080A39, 0x01090A3F,
	0x010C0A1D, 0x010D0A2C, 0x010E0A20, 0x010F0A2F, 0x01110A30, 0x01120958, 0x0113095D, 0x01180A1E,
	0x01190A2D, 0x011A0A1F, 0x011B0A2E, 0x011C0A3A, 0x011D0A40, 0x01240A3B, 0x01250A41, 0x01270A5D,
	0x012A0956, 0x012B095B, 0x01340A3C, 0x01350A42, 0x01390A1B, 0x013A0A2A, 0x013D0A04, 0x013E0A0F,
	0x01410A03, 0x01420A0E, 0x01430A21, 0x01440A31, 0x01470A22, 0x01480A32, 0x014B0A5A, 0x014C0959,
	0x014D095E, 0x01500A23, 0x01510A33, 0x01520B0B, 0x01530B0A, 0x01540A19, 0x01550A28, 0x01580A24,
	0x01590A34, 0x015A0A05, 0x015B0A10, 0x015C0A3D, 0x015D0A43, 0x015E0A07, 0x015F0A13, 0x01600A06,
	0x01610A12, 0x01620A27, 0x01630A37, 0x01640A08, 0x01650A14, 0x016A0957, 0x016B095C, 0x016C0A3E,
	0x016D0A44, 0x016E0A25, 0x016F0A35, 0x01700A26, 0x01710A36, 0x01790A09, 0x017A0A15, 0x017B0A0B,
	0x017C0A18, 0x017D0A0A, 0x017E0A17, 0x01930B09, 0x01C20B04, 0x01CD084F, 0x01CE0850, 0x01D00851,
	0x01D10856, 0x01D20857, 0x01D40858, 0x01D60859, 0x01D8085A, 0x01DA085B, 0x01DC085C, 0x01F80854,
	0x01F90855, 0x01FD0B25, 0x02500B13, 0x02510B19, 0x02520B1A, 0x02530B05, 0x02540B18, 0x02550B1F,
	0x02560A4E, 0x02570B06, 0x02580B0E, 0x02590B10, 0x025A0B23, 0x025C0B11, 0x025E0B12, 0x025F0A55,
	0x02600B08, 0x02610A59, 0x02640B16, 0x02650B1C, 0x02660B02, 0x02670B22, 0x02680B0C, 0x026C0A4A,
	0x026D0A54, 0x026E0A4B, 0x026F0B14, 0x02700A5B, 0x02710A45, 0x02720A56, 0x02730A4F, 0x02750B0F,
	0x02790A4C, 0x027A0B21, 0x027B0A53, 0x027D0A50, 0x027E0A47, 0x02810A5C, 0x02820A51, 0x02830A48,
	0x02840B07, 0x02880A4D, 0x02890B0D, 0x028A0B15, 0x028B0A46, 0x028C0B17, 0x028D0B1B, 0x028E0A58,
	0x02900A52, 0x02910B20, 0x02920A49, 0x02940B01, 0x02950A5E, 0x02980B03, 0x029D0A57, 0x02A10B1E,
	0x02A20B1D, 0x02C70A11, 0x02C80B33, 0x02CC0B34, 0x02D00B35, 0x02D10B36, 0x02D80A02, 0x02D90A38,
	0x02DB0A0D, 0x02DD0A16, 0x02DE0B51, 0x02E50B40, 0x02E60B41, 0x02E70B42, 0x02E80B43, 0x02E90B44,
	0x03000B3C, 0x03010B3A, 0x03020B3F, 0x03030B5D, 0x03040B3B, 0x03060B37, 0x03080B4D, 0x030B0B39,
	0x030C0B3E, 0x030F0B3D, 0x03180B58, 0x03190B59, 0x031A0B5E, 0x031C0B4A, 0x031D0B56, 0x031E0B57,
	0x031F0B4B, 0x03200B4C, 0x03240B52, 0x03250B47, 0x03290B4F, 0x032A0B5A, 0x032C0B48, 0x032F0B50,
	0x03300B53, 0x03340B55, 0x03390B49, 0x033A0B5B, 0x033B0B5C, 0x033C0B54, 0x033D0B4E, 0x03610B32,
	0x03910601, 0x03920602, 0x03930603, 0x03940604, 0x03950605, 0x03960606, 0x03970607, 0x03980608,
	0x03990609, 0x039A060A, 0x039B060B, 0x039C060C, 0x039D060D, 0x039E060E, 0x039F060F, 0x03A00610,
	0x03A10611, 0x03A30612, 0x03A40613, 0x03A50614, 0x03A60615, 0x03A70616, 0x03A80617, 0x03A90618,
	0x03B10621, 0x03B20622, 0x03B30623, 0x03B40624, 0x03B50625, 0x03B60626, 0x03B70627, 0x03B80628,
	0x03B90629, 0x03BA062A, 0x03BB062B, 0x03BC062C, 0x03BD062D, 0x03BE062E, 0x03BF062F, 0x03C00630,
	0x03C10631, 0x03C20639, 0x03C30632, 0x03C40633, 0x03C50634, 0x03C60635, 0x03C70636, 0x03C80637,
	0x03C90638, 0x04010707, 0x04100701, 0x04110702, 0x04120703, 0x04130704, 0x04140705, 0x04150706,
	0x04160708, 0x04170709, 0x0418070A, 0x0419070B, 0x041A070C, 0x041B070D, 0x041C070E, 0x041D070F,
	0x041E0710, 0x041F0711, 0x04200712, 0x04210713, 0x04220714, 0x04230715, 0x04240716, 0x04250717,
	0x04260718, 0x04270719, 0x0428071A, 0x0429071B, 0x042A071C, 0x042B071D, 0x042C071E, 0x042D071F,
	0x042E0720, 0x042F0721, 0x04300731, 0x04310732, 0x04320733, 0x04330734, 0x04340735, 0x04350736,
	0x04360738, 0x04370739, 0x0438073A, 0x0439073B, 0x043A073C, 0x043B073D, 0x043C073E, 0x043D073F,
	0x043E0740, 0x043F0741, 0x04400742, 0x04410743, 0x04420744, 0x04430745, 0x04440746, 0x04450747,
	0x04460748, 0x04470749, 0x0448074A, 0x0449074B, 0x044A074C, 0x044B074D, 0x044C074E, 0x044D074F,
	0x044E0750, 0x044F0751, 0x04510737, 0x1E3E0852, 0x1E3F0853, 0x1F700B26, 0x1F710B27, 0x1F720B30,
	0x1F730B31, 0x2010011E, 0x2013035C, 0x2015011D, 0x20160122, 0x20180126, 0x20190127, 0x201C0128,
	0x201D0129, 0x20200257, 0x20210258, 0x20220320, 0x20250125, 0x20260124, 0x20300253, 0x2032014C,
	0x2033014D, 0x203B0208, 0x203C084B, 0x203F0B38, 0x20420C5E, 0x2047084C, 0x2048084D, 0x2049084E,
	0x20510C5D, 0x20AC0901, 0x2103014E, 0x210F033D, 0x2113033F, 0x21160D42, 0x21210D44, 0x21270340,
	0x212B0252, 0x2135033C, 0x21530758, 0x21540759, 0x2155075A, 0x21600D15, 0x21610D16, 0x21620D17,
	0x21630D18, 0x21640D19, 0x21650D1A, 0x21660D1B, 0x21670D1C, 0x21680D1D, 0x21690D1E, 0x216A0D1F,
	0x216B0D37, 0x21700C15, 0x21710C16, 0x21720C17, 0x21730C18, 0x21740C19, 0x21750C1A, 0x21760C1B,
	0x21770C1C, 0x21780C1D, 0x21790C1E, 0x217A0C1F, 0x217B0C20, 0x2190020B, 0x2191020C, 0x2192020A,
	0x2193020D, 0x21940251, 0x21960307, 0x21970305, 0x21980306, 0x21990308, 0x21C40309, 0x21D2022D,
	0x21D4022E, 0x21E6030B, 0x21E7030C, 0x21E8030A, 0x21E9030D, 0x2200022F, 0x2202023F, 0x22030230,
	0x22050227, 0x22070240, 0x2208021A, 0x22090226, 0x220B021B, 0x2212013D, 0x2213033B, 0x221A0245,
	0x221D0247, 0x221E0147, 0x221F0D58, 0x2220023C, 0x22250122, 0x22260235, 0x2227022A, 0x2228022B,
	0x22290221, 0x222A0220, 0x222B0249, 0x222C024A, 0x222E0D53, 0x22340148, 0x22350248, 0x223D0246,
	0x2243024C, 0x2245024D, 0x2248024E, 0x22520242, 0x22600142, 0x22610241, 0x2262024B, 0x22660145,
	0x22670146, 0x226A0243, 0x226B0244, 0x2276024F, 0x22770250, 0x2282021E, 0x2283021F, 0x22840222,
	0x22850223, 0x2286021C, 0x2287021D, 0x228A0224, 0x228B0225, 0x22950231, 0x22960232, 0x22970233,
	0x22A5023D, 0x22BF0D59, 0x22DA0756, 0x22DB0757, 0x23050228, 0x23060229, 0x2312023E, 0x2318075C,
	0x23BE0722, 0x23BF0723, 0x23C00724, 0x23C10725, 0x23C20726, 0x23C30727, 0x23C40728, 0x23C50729,
	0x23C6072A, 0x23C7072B, 0x23C8072C, 0x23C9072D, 0x23CA072E, 0x23CB072F, 0x23CC0730, 0x23CE075E,
	0x2423075D, 0x24600D01, 0x24610D02, 0x24620D03, 0x24630D04, 0x24640D05, 0x24650D06, 0x24660D07,
	0x24670D08, 0x24680D09, 0x24690D0A, 0x246A0D0B, 0x246B0D0C, 0x246C0D0D, 0x246D0D0E, 0x246E0D0F,
	0x246F0D10, 0x24700D11, 0x24710D12, 0x24720D13, 0x24730D14, 0x24D00C21, 0x24D10C22, 0x24D20C23,
	0x24D30C24, 0x24D40C25, 0x24D50C26, 0x24D60C27, 0x24D70C28, 0x24D80C29, 0x24D90C2A, 0x24DA0C2B,
	0x24DB0C2C, 0x24DC0C2D, 0x24DD0C2E, 0x24DE0C2F, 0x24DF0C30, 0x24E00C31, 0x24E10C32, 0x24E20C33,
	0x24E30C34, 0x24E40C35, 0x24E50C36, 0x24E60C37, 0x24E70C38, 0x24E80C39, 0x24E90C3A, 0x24EB0C0B,
	0x24EC0C0C, 0x24ED0C0D, 0x24EE0C0E, 0x24EF0C0F, 0x24F00C10, 0x24F10C11, 0x24F20C12, 0x24F30C13,
	0x24F40C14, 0x24F5063A, 0x24F6063B, 0x24F7063C, 0x24F8063D, 0x24F9063E, 0x24FA063F, 0x24FB0640,
	0x24FC0641, 0x24FD0642, 0x24FE0643, 0x25000801, 0x2501080C, 0x25020802, 0x2503080D, 0x250C0803,
	0x250F080E, 0x25100804, 0x2513080F, 0x25140806, 0x25170811, 0x25180805, 0x251B0810, 0x251C0807,
	0x251D081C, 0x25200817, 0x25230812, 0x25240809, 0x2525081E, 0x25280819, 0x252B0814, 0x252C0808,
	0x252F0818, 0x2530081D, 0x25330813, 0x2534080A, 0x2537081A, 0x2538081F, 0x253B0815, 0x253C080B,
	0x253F081B, 0x25420820, 0x254B0816, 0x25A00203, 0x25A10202, 0x25B1064D, 0x25B20205, 0x25B30204,
	0x25B60302, 0x25B70301, 0x25BC0207, 0x25BD0206, 0x25C00304, 0x25C10303, 0x25C60201, 0x25C7015E,
	0x25C9031B, 0x25CB015B, 0x25CE015D, 0x25CF015C, 0x25D00847, 0x25D10848, 0x25D20849, 0x25D3084A,
	0x25E6031F, 0x25EF025E, 0x26000648, 0x26010649, 0x2602064A, 0x2603064B, 0x2605015A, 0x26060159,
	0x260E0647, 0x26160644, 0x26170645, 0x261E0D5E, 0x2640014A, 0x26420149, 0x2660061A, 0x2661061D,
	0x2662061B, 0x26630620, 0x26640619, 0x2665061E, 0x2666061C, 0x2667061F, 0x2668064C, 0x2669025D,
	0x266A0256, 0x266B025B, 0x266C025C, 0x266D0255, 0x266E025A, 0x266F0254, 0x2713075B, 0x27560D5D,
	0x27760C01, 0x27770C02, 0x27780C03, 0x27790C04, 0x277A0C05, 0x277B0C06, 0x277C0C07, 0x277D0C08,
	0x277E0C09, 0x277F0C0A, 0x2934030E, 0x2935030F, 0x29850236, 0x29860237, 0x29BF031A, 0x29FA035D,
	0x29FB035E, 0x30000101, 0x30010102, 0x30020103, 0x30030117, 0x30050119, 0x3006011A, 0x3007011B,
	0x30080132, 0x30090133, 0x300A0134, 0x300B0135, 0x300C0136, 0x300D0137, 0x300E0138, 0x300F0139,
	0x3010013A, 0x3011013B, 0x30120209, 0x3013020E, 0x3014012C, 0x3015012D, 0x3016023A, 0x3017023B,
	0x30180238, 0x30190239, 0x301C0121, 0x301D0D40, 0x301F0D41, 0x30200646, 0x30330213, 0x30340214,
	0x30350215, 0x303B0216, 0x303C0217, 0x303D031C, 0x30410401, 0x30420402, 0x30430403, 0x30440404,
	0x30450405, 0x30460406, 0x30470407, 0x30480408, 0x30490409, 0x304A040A, 0x304B040B, 0x304C040C,
	0x304D040D, 0x304E040E, 0x304F040F, 0x30500410, 0x30510411, 0x30520412, 0x30530413, 0x30540414,
	0x30550415, 0x30560416, 0x30570417, 0x30580418, 0x30590419, 0x305A041A, 0x305B041B, 0x305C041C,
	0x305D041D, 0x305E041E, 0x305F041F, 0x30600420, 0x30610421, 0x30620422, 0x30630423, 0x30640424,
	0x30650425, 0x30660426, 0x30670427, 0x30680428, 0x30690429, 0x306A042A, 0x306B042B, 0x306C042C,
	0x306D042D, 0x306E042E, 0x306F042F, 0x30700430, 0x30710431, 0x30720432, 0x30730433, 0x30740434,
	0x30750435, 0x30760436, 0x30770437, 0x30780438, 0x30790439, 0x307A043A, 0x307B043B, 0x307C043C,
	0x307D043D, 0x307E043E, 0x307F043F, 0x30800440, 0x30810441, 0x30820442, 0x30830443, 0x30840444,
	0x30850445, 0x30860446, 0x30870447, 0x30880448, 0x30890449, 0x308A044A, 0x308B044B, 0x308C044C,
	0x308D044D, 0x308E044E, 0x308F044F, 0x30900450, 0x30910451, 0x30920452, 0x30930453, 0x30940454,
	0x30950455, 0x30960456, 0x309B010B, 0x309C010C, 0x309D0115, 0x309E0116, 0x309F0219, 0x30A0035B,
	0x30A10501, 0x30A20502, 0x30A30503, 0x30A40504, 0x30A50505, 0x30A60506, 0x30A70507, 0x30A80508,
	0x30A90509, 0x30AA050A, 0x30AB050B, 0x30AC050C, 0x30AD050D, 0x30AE050E, 0x30AF050F, 0x30B00510,
	0x30B10511, 0x30B20512, 0x30B30513, 0x30B40514, 0x30B50515, 0x30B60516, 0x30B70517, 0x30B80518,
	0x30B90519, 0x30BA051A, 0x30BB051B, 0x30BC051C, 0x30BD051D, 0x30BE051E, 0x30BF051F, 0x30C00520,
	0x30C10521, 0x30C20522, 0x30C30523, 0x30C40524, 0x30C50525, 0x30C60526, 0x30C70527, 0x30C80528,
	0x30C90529, 0x30CA052A, 0x30CB052B, 0x30CC052C, 0x30CD052D, 0x30CE052E, 0x30CF052F, 0x30D00530,
	0x30D10531, 0x30D20532, 0x30D30533, 0x30D40534, 0x30D50535, 0x30D60536, 0x30D70537, 0x30D80538,
	0x30D90539, 0x30DA053A, 0x30DB053B, 0x30DC053C, 0x30DD053D, 0x30DE053E, 0x30DF053F, 0x30E00540,
	0x30E10541, 0x30E20542, 0x30E30543, 0x30E40544, 0x30E50545, 0x30E60546, 0x30E70547, 0x30E80548,
	0x30E90549, 0x30EA054A, 0x30EB054B, 0x30EC054C, 0x30ED054D, 0x30EE054E, 0x30EF054F, 0x30F00550,
	0x30F10551, 0x30F20552, 0x30F30553, 0x30F40554, 0x30F50555, 0x30F60556, 0x30F70752, 0x30F80753,
	0x30F90754, 0x30FA0755, 0x30FB0106, 0x30FC011C, 0x30FD0113, 0x30FE0114, 0x30FF0218, 0x31F0064E,
	0x31F1064F, 0x31F20650, 0x31F30651, 0x31F40652, 0x31F50653, 0x31F60654, 0x31F70655, 0x31F80656,
	0x31F90657, 0x31FA0659, 0x31FB065A, 0x31FC065B, 0x31FD065C, 0x31FE065D, 0x31FF065E, 0x32310D4A,
	0x32320D4B, 0x32390D4C, 0x32510821, 0x32520822, 0x32530823, 0x32540824, 0x32550825, 0x32560826,
	0x32570827, 0x32580828, 0x32590829, 0x325A082A, 0x325B082B, 0x325C082C, 0x325D082D, 0x325E082E,
	0x325F082F, 0x32A40D45, 0x32A50D46, 0x32A60D47, 0x32A70D48, 0x32A80D49, 0x32B10830, 0x32B20831,
	0x32B30832, 0x32B40833, 0x32B50834, 0x32B60835, 0x32B70836, 0x32B80837, 0x32B90838, 0x32BA0839,
	0x32BB083A, 0x32BC083B, 0x32BD083C, 0x32BE083D, 0x32BF083E, 0x32D00C3B, 0x32D10C3C, 0x32D20C3D,
	0x32D30C3E, 0x32D40C3F, 0x32D50C40, 0x32D60C41, 0x32D70C42, 0x32D80C43, 0x32D90C44, 0x32DA0C45,
	0x32DB0C46, 0x32DC0C47, 0x32DD0C48, 0x32DE0C49, 0x32DF0C4A, 0x32E00C4B, 0x32E10C4C, 0x32E20C4D,
	0x32E30C4E, 0x32E50C51, 0x32E90C50, 0x32EC0C53, 0x32ED0C52, 0x32FA0C4F, 0x33030D26, 0x330D0D2A,
	0x33140D21, 0x33180D24, 0x33220D22, 0x33230D2C, 0x33260D2B, 0x33270D25, 0x332B0D2D, 0x33360D27,
	0x333B0D2F, 0x33490D20, 0x334A0D2E, 0x334D0D23, 0x33510D28, 0x33570D29, 0x337B0D3F, 0x337C0D4F,
	0x337D0D4E, 0x337E0D4D, 0x338E0D33, 0x338F0D34, 0x339C0D30, 0x339D0D31, 0x339E0D32, 0x33A10D36,
	0x33C40D35, 0x33CB033E, 0x33CD0D43, 0x34020E03, 0x34B50E33, 0x34DB0E3B, 0x378D2F3F, 0x37E22F4F,
	0x3B225529, 0x3BB6555E, 0x3BC35601, 0x3C0F561A, 0x3E3F5746, 0x3F72582D, 0x4264594D, 0x44535A39,
	0x445B5A3A, 0x459D5B31, 0x45EA5B40, 0x48445C2B, 0x49B05D38, 0x4C175E1E, 0x4E00104C, 0x4E01235A,
	0x4E031C17, 0x4E072B5C, 0x4E081E46, 0x4E091B10, 0x4E0A1E45, 0x4E0B121C, 0x4E0D2934, 0x4E0E2D1F,
	0x4E103002, 0x4E11110F, 0x4E14134E, 0x4E153003, 0x4E162004, 0x4E173222, 0x4E181536, 0x4E192A1A,
	0x4E1E1E47, 0x4E212E1E, 0x4E262A22, 0x4E280E04, 0x4E2A3004, 0x4E2D2346, 0x4E2F0E05, 0x4E300E06,
	0x4E313005, 0x4E32165A, 0x4E363006, 0x4E38143D, 0x4E392310, 0x4E3B1C47, 0x4E3C3007, 0x4E3F3008,
	0x4E423009, 0x4E432715, 0x4E451537, 0x4E4B2717, 0x4E4D2643, 0x4E4E1823, 0x4E4F2B13, 0x4E554929,
	0x4E56300A, 0x4E571E48, 0x4E58300B, 0x4E591215, 0x4E5D1645, 0x4E5E1850, 0x4E5F2C49, 0x4E623606,
	0x4E712D50, 0x4E73265D, 0x4E7E1405, 0x4E801515, 0x4E82300C, 0x4E85300D, 0x4E862E1B, 0x4E882D1D,
	0x4E892148, 0x4E8A300F, 0x4E8B1B56, 0x4E8C2653, 0x4E8D0E07, 0x4E8E3012, 0x4E91111E, 0x4E92183F,
	0x4E94183E, 0x4E951046, 0x4E982F2B, 0x4E992F2A, 0x4E9B1A13, 0x4E9C1001, 0x4E9E3013, 0x4E9F3014,
	0x4EA03015, 0x4EA12B14, 0x4EA23016, 0x4EA41852, 0x4EA51047, 0x4EA62B52, 0x4EA8155C, 0x4EAB155D,
	0x4EAC155E, 0x4EAD2442, 0x4EAE2E1C, 0x4EB03017, 0x4EB33018, 0x4EB63019, 0x4EBA1F2D, 0x4EC01D1A,
	0x4EC11F2E, 0x4EC2301E, 0x4EC4301C, 0x4EC6301D, 0x4EC71538, 0x4ECA1A03, 0x4ECB1250, 0x4ECD301B,
	0x4ECE301A, 0x4ECF2A09, 0x4ED41B26, 0x4ED51B25, 0x4ED6221E, 0x4ED7301F, 0x4ED82935, 0x4ED92047,
	0x4EDD0118, 0x4EDE3020, 0x4EDF3022, 0x4EE10E08, 0x4EE32245, 0x4EE42E41, 0x4EE5102A, 0x4EED3021,
	0x4EEE121E, 0x4EF01624, 0x4EF22347, 0x4EF6174F, 0x4EF73023, 0x4EFB2704, 0x4EFD0E09, 0x4EFF0E0A,
	0x4F01144B, 0x4F030E0B, 0x4F093024, 0x4F0A102B, 0x4F0B0E0C, 0x4F0D1840, 0x4F0E144C, 0x4F0F295A,
	0x4F102812, 0x4F111539, 0x4F1A1251, 0x4F1C3047, 0x4F1D2521, 0x4F2F274C, 0x4F303026, 0x4F34281C,
	0x4F362E42, 0x4F381F0D, 0x4F3A1B27, 0x4F3C1B57, 0x4F3D1220, 0x4F432431, 0x4F462302, 0x4F47302A,
	0x4F480E0E, 0x4F490E0F, 0x4F4D102C, 0x4F4E2443, 0x4F4F1D1B, 0x4F501A14, 0x4F512D04, 0x4F53222E,
	0x4F55121F, 0x4F560E10, 0x4F573029, 0x4F592D1E, 0x4F5A3025, 0x4F5B3027, 0x4F5C1A4E, 0x4F5D3028,
	0x4F5E3504, 0x4F5F0E11, 0x4F600E0D, 0x4F693030, 0x4F6A0E12, 0x4F6C0E13, 0x4F6F3033, 0x4F703031,
	0x4F731222, 0x4F752A1B, 0x4F76302B, 0x4F7B302F, 0x4F7C1853, 0x4F7E0E14, 0x4F7F1B28, 0x4F831406,
	0x4F863034, 0x4F88302C, 0x4F8A0E15, 0x4F8B2E43, 0x4F8D1B58, 0x4F8F302D, 0x4F913032, 0x4F940E16,
	0x4F963035, 0x4F970E17, 0x4F98302E, 0x4F9B1601, 0x4F9D102D, 0x4FA01602, 0x4FA11221, 0x4FAB3505,
	0x4FAD2B59, 0x4FAE294E, 0x4FAF1854, 0x4FB51F0F, 0x4FB62E17, 0x4FBF2A38, 0x4FC21718, 0x4FC32205,
	0x4FC41244, 0x4FC90E19, 0x4FCA1D33, 0x4FCE3039, 0x4FD0303E, 0x4FD1303C, 0x4FD43037, 0x4FD7220F,
	0x4FD8303A, 0x4FDA303D, 0x4FDB303B, 0x4FDD2A3D, 0x4FDF3038, 0x4FE00E1A, 0x4FE11F0E, 0x4FE32B53,
	0x4FE4303F, 0x4FE53040, 0x4FEE1D04, 0x4FEF304D, 0x4FF10E01, 0x4FF32730, 0x4FF52916, 0x4FF63048,
	0x4FF82A50, 0x4FFA1216, 0x4FFE304C, 0x50010E1B, 0x50020E1C, 0x50053046, 0x5006304F, 0x50092132,
	0x500B1824, 0x500D273C, 0x500E0E1D, 0x500F4027, 0x5011304E, 0x5012253D, 0x50143043, 0x50161856,
	0x50180E1E, 0x50191855, 0x501A3041, 0x501F1C3A, 0x50213049, 0x50232A4F, 0x5024232D, 0x50253045,
	0x50261751, 0x50270E1F, 0x50283042, 0x5029304A, 0x502A3044, 0x502B2E31, 0x502C304B, 0x502D2F21,
	0x502E0E20, 0x50361646, 0x50391750, 0x503B0E22, 0x50400E21, 0x50410E23, 0x50433050, 0x50473051,
	0x50483055, 0x5049102E, 0x504F2A30, 0x50503054, 0x50553053, 0x50563057, 0x505A3056, 0x505C2444,
	0x50651752, 0x506C3058, 0x50721C25, 0x50742206, 0x50752445, 0x50761656, 0x50783059, 0x507D1516,
	0x5080305A, 0x5085305C, 0x508D2B15, 0x50911746, 0x50940E24, 0x50981B11, 0x50992857, 0x509A305B,
	0x50AC1A25, 0x50AD2D23, 0x50B2305E, 0x50B33103, 0x50B4305D, 0x50B51A24, 0x50B71D5D, 0x50BE1719,
	0x50C23104, 0x50C5162F, 0x50C93101, 0x50CA3102, 0x50CC0E25, 0x50CD260F, 0x50CF215C, 0x50D00E27,
	0x50D11603, 0x50D52B2D, 0x50D63105, 0x50DA2E1D, 0x50DE3106, 0x50E33109, 0x50E53107, 0x50E60E28,
	0x50E7212E, 0x50ED3108, 0x50EE310A, 0x50F20E26, 0x50F5310C, 0x50F9310B, 0x50FB2A28, 0x51001517,
	0x5101310E, 0x5102310F, 0x51030E2B, 0x5104120F, 0x51060E2A, 0x5109310D, 0x510B0E2C, 0x51121C54,
	0x51143112, 0x51153111, 0x51163110, 0x51183036, 0x511A3113, 0x511E0E2D, 0x511F1D5E, 0x51213114,
	0x512A2D05, 0x51322C39, 0x51350E2E, 0x51373116, 0x513A3115, 0x513B3118, 0x513C3117, 0x513F3119,
	0x5140311A, 0x51411054, 0x51431815, 0x5144171B, 0x51451D1C, 0x5146235B, 0x51471604, 0x51482048,
	0x51491857, 0x514A0E2F, 0x514B194E, 0x514C311C, 0x514D2C28, 0x514E2526, 0x51501B59, 0x5152311B,
	0x5154311D, 0x51550E31, 0x51570E32, 0x515A253E, 0x515C1355, 0x5162311E, 0x5165265E, 0x51682114,
	0x51693120, 0x516A3121, 0x516B280C, 0x516C1858, 0x516D2F1B, 0x516E3122, 0x51711606, 0x51752A1C,
	0x51762216, 0x51771651, 0x51782515, 0x517C1753, 0x51803123, 0x51823124, 0x51852642, 0x5186113F,
	0x51893127, 0x518A1A5D, 0x518C3126, 0x518D1A26, 0x518F3128, 0x5190464E, 0x51913129, 0x51922B21,
	0x5193312A, 0x5195312B, 0x5196312C, 0x51971E49, 0x51991C2C, 0x519D0E34, 0x51A01407, 0x51A2312F,
	0x51A4312D, 0x51A52C1D, 0x51A6312E, 0x51A8293A, 0x51A93130, 0x51AA3131, 0x51AB3132, 0x51AC253F,
	0x51B03136, 0x51B13134, 0x51B23135, 0x51B33133, 0x51B41A43, 0x51B53137, 0x51B62C4A, 0x51B72E44,
	0x51BD3138, 0x51C30E35, 0x51C42008, 0x51C53139, 0x51C61D3A, 0x51C9313A, 0x51CA0E36, 0x51CB235C,
	0x51CC2E1F, 0x51CD2540, 0x51D63225, 0x51DB313B, 0x51DC5405, 0x51DD1625, 0x51DE0E37, 0x51E0313C,
	0x51E12B3E, 0x51E20E38, 0x51E61D48, 0x51E7225C, 0x51E9313E, 0x51EA2644, 0x51ED313F, 0x51EE0E39,
	0x51F03140, 0x51F1130E, 0x51F53141, 0x51F61607, 0x51F8262C, 0x51F9115A, 0x51FA1D30, 0x51FD2801,
	0x51FE3142, 0x52002541, 0x52010E3A, 0x52031F2F, 0x52043143, 0x52062A0C, 0x5207203A, 0x52081402,
	0x520A1409, 0x520B3144, 0x520E3146, 0x5211171A, 0x52130E3C, 0x52143145, 0x52150E3D, 0x52172E53,
	0x521D1D49, 0x5224281D, 0x52252A2C, 0x52273147, 0x52292D58, 0x522A3148, 0x522E3149, 0x5230255E,
	0x5233314A, 0x52362009, 0x52371A5E, 0x52381754, 0x5239314B, 0x523A1B29, 0x523B194F, 0x52432446,
	0x5244314D, 0x52472207, 0x52490E3E, 0x524A1A4F, 0x524B314E, 0x524C314F, 0x524D2110, 0x524F314C,
	0x52543151, 0x52562B16, 0x52570E3F, 0x525B1944, 0x525D0F5E, 0x525E3150, 0x52610E40, 0x52631755,
	0x52641A3E, 0x5265274D, 0x52693154, 0x526A3152, 0x526F295B, 0x52701E4A, 0x5271315B, 0x52721344,
	0x52733155, 0x52743153, 0x5275212F, 0x527D3157, 0x527F3156, 0x52831324, 0x52871740, 0x5288315C,
	0x52892E0D, 0x528D3158, 0x5291315D, 0x5292315A, 0x52930E41, 0x52943159, 0x529B2E2F, 0x529F1859,
	0x52A01223, 0x52A32E54, 0x52A91D55, 0x52AA2538, 0x52AB1945, 0x52AC3202, 0x52AD3203, 0x52B12E45,
	0x52B42F0B, 0x52B53205, 0x52B9185A, 0x52BC3204, 0x52BE130F, 0x52C13206, 0x52C32B36, 0x52C5241C,
	0x52C72D06, 0x52C80E42, 0x52C92A39, 0x52CC0E44, 0x52CD3207, 0x52D00E45, 0x52D25035, 0x52D52610,
	0x52D60E46, 0x52D73208, 0x52D8140A, 0x52D92C13, 0x52DB0E47, 0x52DD1E01, 0x52DE3209, 0x52DF2A47,
	0x52E0320D, 0x52E2200A, 0x52E3320A, 0x52E41630, 0x52E6320B, 0x52E7140B, 0x52F00E49, 0x52F2170E,
	0x52F3320E, 0x52F5320F, 0x52F83210, 0x52F93211, 0x52FA1C3B, 0x52FB0E4A, 0x52FE185B, 0x52FF2C3E,
	0x53000E4B, 0x53012C48, 0x53022657, 0x53052A51, 0x53063212, 0x53070E4C, 0x53083213, 0x530D3215,
	0x530F3217, 0x53103216, 0x53153218, 0x5316121D, 0x53172B2C, 0x53191A5C, 0x531A3219, 0x531C0E4D,
	0x531D2139, 0x53201E02, 0x53211609, 0x5323321A, 0x532A283B, 0x532F321B, 0x5331321C, 0x5333321D,
	0x5338321E, 0x53392904, 0x533A1648, 0x533B1045, 0x533F261F, 0x5340321F, 0x53411D1D, 0x53432049,
	0x53453221, 0x53463220, 0x53471E03, 0x53481841, 0x53493223, 0x534A281E, 0x534D3224, 0x5351283C,
	0x53522214, 0x5353224E, 0x53541608, 0x5357264E, 0x53582311, 0x535A274E, 0x535C2B2E, 0x535E3226,
	0x5360204A, 0x53610E4F, 0x53630E50, 0x53661715, 0x53693227, 0x536E3228, 0x536F110C, 0x53701055,
	0x5371144D, 0x53732208, 0x53741531, 0x53752D51, 0x5377322B, 0x53781217, 0x537B322A, 0x537D0E51,
	0x537F160A, 0x5382322C, 0x53842C51, 0x53930E52, 0x5396322D, 0x53982E32, 0x539A185C, 0x539D0E53,
	0x539F1816, 0x53A0322E, 0x53A53230, 0x53A6322F, 0x53A81F3F, 0x53A91119, 0x53AD113E, 0x53AE3231,
	0x53B03232, 0x53B20E54, 0x53B31817, 0x53B63233, 0x53BB154E, 0x53C21B12, 0x53C33234, 0x53C82B54,
	0x53C91A15, 0x53CA153A, 0x53CB2D07, 0x53CC2130, 0x53CD281F, 0x53CE1C5D, 0x53D41D27, 0x53D61C48,
	0x53D71C55, 0x53D91D56, 0x53DB2820, 0x53DF3237, 0x53E11123, 0x53E22131, 0x53E3185D, 0x53E41825,
	0x53E51647, 0x53E8323B, 0x53E92301, 0x53EA225E, 0x53EB160B, 0x53EC1E04, 0x53ED323C, 0x53EE323A,
	0x53EF1224, 0x53F02246, 0x53F11C18, 0x53F21B2B, 0x53F31106, 0x53F61350, 0x53F71946, 0x53F81B2A,
	0x53FA323D, 0x5401323E, 0x54031529, 0x54041326, 0x54081947, 0x54091528, 0x540A243F, 0x540B1105,
	0x540C2611, 0x540D2C1E, 0x540E1901, 0x540F2D59, 0x54102527, 0x5411185E, 0x54120E55, 0x541B170F,
	0x541D3247, 0x541E2F5E, 0x541F1643, 0x54202B2A, 0x5426283D, 0x54270E56, 0x54293246, 0x542B143E,
	0x542C3241, 0x542D3242, 0x542E3244, 0x54363245, 0x5438153B, 0x54391F41, 0x543B2A0D, 0x543C3243,
	0x543D323F, 0x543E1843, 0x54403240, 0x54422F04, 0x54462A52, 0x54482448, 0x54491842, 0x544A1950,
	0x544D0E57, 0x544E3248, 0x5451263D, 0x545F324C, 0x54681C5E, 0x546A1C56, 0x546B0E59, 0x5470324F,
	0x5471324D, 0x54732C03, 0x54740E5A, 0x5475324A, 0x54763253, 0x5477324E, 0x547B3251, 0x547C1826,
	0x547D2C1F, 0x547F0E5B, 0x54803252, 0x54843254, 0x54863256, 0x54880E5C, 0x548B1A50, 0x548C2F22,
	0x548E324B, 0x548F3249, 0x54903255, 0x54923250, 0x54960E5D, 0x549C0E58, 0x54A10E5E, 0x54A23258,
	0x54A43303, 0x54A5325A, 0x54A8325E, 0x54A90F01, 0x54AB3301, 0x54AC325B, 0x54AF331E, 0x54B21A49,
	0x54B31311, 0x54B83259, 0x54BC3305, 0x54BD1056, 0x54BE3304, 0x54C01005, 0x54C1292A, 0x54C23302,
	0x54C4325C, 0x54C60F02, 0x54C73257, 0x54C8325D, 0x54C91A28, 0x54D83306, 0x54E11057, 0x54E2330F,
	0x54E53307, 0x54E63308, 0x54E81E05, 0x54E92B49, 0x54ED330D, 0x54EE330C, 0x54F2250F, 0x54FA330E,
	0x54FD330B, 0x54FF0F03, 0x55041114, 0x55061A16, 0x55071F10, 0x550E0F04, 0x550F3309, 0x55102542,
	0x5514330A, 0x55161002, 0x552B0F05, 0x552E3314, 0x552F2D03, 0x55311E07, 0x5533331A, 0x55350F06,
	0x55383319, 0x55393310, 0x553E2223, 0x55403311, 0x5544224F, 0x55453316, 0x55461E06, 0x554C3313,
	0x554F2C44, 0x55500F07, 0x5553171C, 0x55563317, 0x55573318, 0x555C3315, 0x555D331B, 0x555E0F08,
	0x55633312, 0x557B3321, 0x557C3326, 0x557E3322, 0x5580331D, 0x55810F09, 0x55833327, 0x55842111,
	0x55860F0A, 0x55873329, 0x55891902, 0x558A331F, 0x558B235D, 0x558E0F0B, 0x55983323, 0x5599331C,
	0x559A140D, 0x559C144E, 0x559D1345, 0x559E3324, 0x559F3320, 0x55A71756, 0x55A8332A, 0x55A93328,
	0x55AA2133, 0x55AB152A, 0x55AC160C, 0x55AD0F0D, 0x55AE3325, 0x55B01654, 0x55B61124, 0x55C4332E,
	0x55C5332C, 0x55C73407, 0x55CE0F0E, 0x55D43331, 0x55DA332B, 0x55DC332F, 0x55DF332D, 0x55E31B2C,
	0x55E43330, 0x55F73333, 0x55F93338, 0x55FD3336, 0x55FE3335, 0x56062312, 0x56080F10, 0x56091225,
	0x560E0F11, 0x56143332, 0x56163334, 0x56171E08, 0x56181113, 0x561B3337, 0x5629123E, 0x562F3342,
	0x56311E5C, 0x5632333E, 0x5634333C, 0x5636333D, 0x5638333F, 0x563B0F12, 0x5642111D, 0x56490F13,
	0x564C2119, 0x564E3339, 0x5650333A, 0x56535407, 0x565B135A, 0x56643341, 0x56660F15, 0x5668144F,
	0x566A3344, 0x566B3340, 0x566C3343, 0x566F0F17, 0x56710F18, 0x56720F19, 0x56742A0E, 0x56760F14,
	0x56782635, 0x567A2818, 0x56803346, 0x56863345, 0x56871325, 0x568A3347, 0x568F334A, 0x56943349,
	0x56990F1A, 0x569E0F1B, 0x56A03348, 0x56A22719, 0x56A5334B, 0x56A90F1C, 0x56AC0F1D, 0x56AE334C,
	0x56B30F1E, 0x56B4334E, 0x56B6334D, 0x56BC3350, 0x56C03353, 0x56C13351, 0x56C2334F, 0x56C33352,
	0x56C83354, 0x56C90F1F, 0x56CA0F20, 0x56CE3355, 0x56D13356, 0x56D33357, 0x56D73358, 0x56D83125,
	0x56DA1C5C, 0x56DB1B2D, 0x56DE1253, 0x56E01058, 0x56E32324, 0x56EE3359, 0x56F01A04, 0x56F2102F,
	0x56F31F3E, 0x56F9335A, 0x56FA1827, 0x56FD1951, 0x56FF335C, 0x5700335B, 0x57032A40, 0x5704335D,
	0x57083401, 0x5709335E, 0x570A0F21, 0x570B3402, 0x570D3403, 0x570F1757, 0x57121140, 0x57133404,
	0x57163406, 0x57183405, 0x571C3408, 0x571F253A, 0x57210F23, 0x57263409, 0x57271015, 0x57281A3F,
	0x572D171D, 0x572F0F24, 0x5730232F, 0x57330F25, 0x57340F26, 0x5737340A, 0x5738340B, 0x573B340D,
	0x5740340E, 0x57421A44, 0x57471631, 0x574A2B17, 0x574E340C, 0x574F340F, 0x57501A21, 0x57511903,
	0x57613413, 0x57641A05, 0x57662313, 0x57693410, 0x576A243A, 0x57700F27, 0x57770F28, 0x577C0F29,
	0x577F3414, 0x57821F42, 0x57883412, 0x57893415, 0x578B171F, 0x57933416, 0x579C0F2A, 0x57A03417,
	0x57A21904, 0x57A31320, 0x57A43419, 0x57AA341A, 0x57B0341B, 0x57B33418, 0x57B80F2D, 0x57C03411,
	0x57C3341C, 0x57C6341D, 0x57C70F2E, 0x57C80F2F, 0x57CB2B44, 0x57CE1E4B, 0x57CF0F30, 0x57D2341F,
	0x57D33420, 0x57D4341E, 0x57D63422, 0x57DC2718, 0x57DF1048, 0x57E02936, 0x57E33423, 0x57E40F31,
	0x57ED0F32, 0x57F41E5D, 0x57F50F33, 0x57F60F34, 0x57F71C19, 0x57F9273D, 0x57FA1450, 0x57FC1A4B,
	0x57FF0F35, 0x58002B39, 0x58022612, 0x58051758, 0x5806222F, 0x58090F36, 0x580A3421, 0x580B3424,
	0x58152224, 0x58193425, 0x581D3426, 0x58213428, 0x58242449, 0x582A140E, 0x582F5401, 0x58301141,
	0x58312A53, 0x58341E4C, 0x58352528, 0x583A1A46, 0x583D342E, 0x58402A1D, 0x58412E3D, 0x584A1254,
	0x584B342A, 0x5851211A, 0x5852342D, 0x58542543, 0x58572529, 0x58582544, 0x58592819, 0x585A242D,
	0x585E1A29, 0x58610F38, 0x58623429, 0x58640F39, 0x58691156, 0x586B2516, 0x5870342B, 0x58723427,
	0x58751F30, 0x5879342F, 0x587C0F3B, 0x587E1D2E, 0x5883160D, 0x58853430, 0x58890F3C, 0x58932A48,
	0x5897215D, 0x589C2426, 0x589E0F3D, 0x589F3432, 0x58A82B2F, 0x58A90F3F, 0x58AB3433, 0x58AE3438,
	0x58B32A0F, 0x58B83437, 0x58B93431, 0x58BA3434, 0x58BB3436, 0x58BE1A06, 0x58C12A29, 0x58C53439,
	0x58C72325, 0x58CA1255, 0x58CC1E4D, 0x58CE0F42, 0x58D1343B, 0x58D20F41, 0x58D3343A, 0x58D40F43,
	0x58D51948, 0x58D7343C, 0x58D8343E, 0x58D9343D, 0x58DA0F44, 0x58DC3440, 0x58DE3435, 0x58DF3442,
	0x58E00F45, 0x58E43441, 0x58E5343F, 0x58E90F46, 0x58EB1B2E, 0x58EC1F31, 0x58EE2134, 0x58EF3443,
	0x58F0201C, 0x58F1104D, 0x58F22744, 0x58F7243B, 0x58F93445, 0x58FA3444, 0x58FB3446, 0x58FC3447,
	0x58FD3448, 0x59023449, 0x59092A31, 0x590A344A, 0x590C0F47, 0x590F1226, 0x5910344B, 0x59152D1C,
	0x59161310, 0x59183229, 0x59191D28, 0x591A221F, 0x591B344C, 0x591C2C4B, 0x59222C14, 0x5925344E,
	0x59272247, 0x59292517, 0x592A2220, 0x592B2937, 0x592C344F, 0x592D3450, 0x592E115B, 0x59311C1A,
	0x59323451, 0x59371030, 0x59383452, 0x593E3453, 0x59441142, 0x59471451, 0x59482640, 0x59492A54,
	0x594E3457, 0x594F2135, 0x59503456, 0x59511720, 0x59542B3B, 0x59553455, 0x59572545, 0x59583459,
	0x595A3458, 0x595D0F49, 0x5960345B, 0x5962345A, 0x5965115C, 0x5967345C, 0x59681E09, 0x5969345E,
	0x596A2305, 0x596C345D, 0x596D0F4A, 0x596E2A13, 0x59731D57, 0x5974253B, 0x59783501, 0x597D1905,
	0x59813502, 0x59822701, 0x5983283E, 0x59842C31, 0x598A2705, 0x598B0F4B, 0x598D350B, 0x59920F4C,
	0x59931518, 0x59962D25, 0x59992C0F, 0x599B360C, 0x599D3503, 0x59A33506, 0x59A40F4D, 0x59A52225,
	0x59A82B18, 0x59AC252A, 0x59B23507, 0x59B92B45, 0x59BB1A2A, 0x59BE1E0A, 0x59C30F4E, 0x59C63508,
	0x59C91B30, 0x59CB1B2F, 0x59D01019, 0x59D11828, 0x59D20F4F, 0x59D3200B, 0x59D41031, 0x59D9350C,
	0x59DA350D, 0x59DC350A, 0x59DD0F50, 0x59E51118, 0x59E6140F, 0x59E83509, 0x59EA2C25, 0x59EB2911,
	0x59F61008, 0x59F85E5A, 0x59FB1059, 0x59FF1B31, 0x5A011032, 0x5A031003, 0x5A093512, 0x5A113510,
	0x5A130F51, 0x5A182C1C, 0x5A1A3513, 0x5A1C3511, 0x5A1F350F, 0x5A201F11, 0x5A230F52, 0x5A25350E,
	0x5A292A3A, 0x5A2F1844, 0x5A353517, 0x5A363518, 0x5A3C1E0B, 0x5A403514, 0x5A412F0C, 0x5A46272C,
	0x5A493516, 0x5A5A1A07, 0x5A623519, 0x5A662938, 0x5A670F53, 0x5A6A351A, 0x5A6C3515, 0x5A6D0F54,
	0x5A770F55, 0x5A7E0F56, 0x5A7F2C1B, 0x5A840F57, 0x5A92273E, 0x5A9A351B, 0x5A9B2912, 0x5A9E0F58,
	0x5AA70F59, 0x5ABC351C, 0x5ABD3520, 0x5ABE351D, 0x5AC11227, 0x5AC2351F, 0x5AC40F5A, 0x5AC91C1B,
	0x5ACB351E, 0x5ACC1759, 0x5AD0352C, 0x5AD63525, 0x5AD73522, 0x5AE12344, 0x5AE33521, 0x5AE63523,
	0x5AE93524, 0x5AFA3526, 0x5AFB3527, 0x5B091452, 0x5B0B3529, 0x5B0C3528, 0x5B16352A, 0x5B190F5C,
	0x5B221E4E, 0x5B250F5D, 0x5B2A352D, 0x5B2C243C, 0x5B301125, 0x5B32352B, 0x5B36352E, 0x5B3E352F,
	0x5B403532, 0x5B412F35, 0x5B433530, 0x5B453531, 0x5B501B32, 0x5B513533, 0x5B541906, 0x5B553534,
	0x5B562F36, 0x5B571B5A, 0x5B582218, 0x5B5A3535, 0x5B5B3536, 0x5B5C1B3A, 0x5B5D1907, 0x5B5F2C32,
	0x5B631508, 0x5B641829, 0x5B653537, 0x5B661338, 0x5B693538, 0x5B6B2219, 0x5B703539, 0x5B713603,
	0x5B73353A, 0x5B75353B, 0x5B78353C, 0x5B7A353E, 0x5B7D2F37, 0x5B80353F, 0x5B833540, 0x5B852250,
	0x5B871107, 0x5B881C49, 0x5B891022, 0x5B8B2137, 0x5B8C1410, 0x5B8D1C15, 0x5B8F1908, 0x5B932F38,
	0x5B952546, 0x5B971D01, 0x5B981411, 0x5B992348, 0x5B9A244A, 0x5B9B1018, 0x5B9C1519, 0x5B9D2A55,
	0x5B9F1C22, 0x5BA21532, 0x5BA3204B, 0x5BA41C1C, 0x5BA52D08, 0x5BA63541, 0x5BAE153C, 0x5BB01A2B,
	0x5BB31312, 0x5BB41143, 0x5BB51E0C, 0x5BB61228, 0x5BB83542, 0x5BB92D26, 0x5BBF1D29, 0x5BC21C44,
	0x5BC33543, 0x5BC41453, 0x5BC52632, 0x5BC62C09, 0x5BC73544, 0x5BC93545, 0x5BCC2939, 0x5BD03547,
	0x5BD21408, 0x5BD31657, 0x5BD43546, 0x5BD82F39, 0x5BDB1412, 0x5BDD1F12, 0x5BDE354B, 0x5BDF1B01,
	0x5BE11229, 0x5BE2354A, 0x5BE43548, 0x5BE5354C, 0x5BE63549, 0x5BE7270B, 0x5BE83C2D, 0x5BE91F13,
	0x5BEB354D, 0x5BEC2F3A, 0x5BEE2E20, 0x5BF0354E, 0x5BF33550, 0x5BF5235E, 0x5BF6354F, 0x5BF82003,
	0x5BFA1B5B, 0x5BFE2230, 0x5BFF1C57, 0x5C012955, 0x5C02204C, 0x5C041C2D, 0x5C053551, 0x5C061E0D,
	0x5C073552, 0x5C083553, 0x5C091033, 0x5C0A221A, 0x5C0B1F32, 0x5C0D3554, 0x5C0E2613, 0x5C0F1E0E,
	0x5C111E0F, 0x5C122F3B, 0x5C133555, 0x5C16204D, 0x5C1A1E10, 0x5C1E2F3C, 0x5C203556, 0x5C223557,
	0x5C232F3D, 0x5C242C40, 0x5C283558, 0x5C2B2F3E, 0x5C2D1626, 0x5C311D02, 0x5C383559, 0x5C39355A,
	0x5C3A1C3C, 0x5C3B1F0C, 0x5C3C2654, 0x5C3D1F34, 0x5C3E2858, 0x5C3F2702, 0x5C401629, 0x5C41355B,
	0x5C45154F, 0x5C46355C, 0x5C48165E, 0x5C4A262F, 0x5C4B1210, 0x5C4D1B33, 0x5C4E355D, 0x5C4F3602,
	0x5C503601, 0x5C51165D, 0x5C53355E, 0x5C552518, 0x5C5B5E5B, 0x5C5E2210, 0x5C60252B, 0x5C611C28,
	0x5C622F40, 0x5C642138, 0x5C652D5A, 0x5C6C3604, 0x5C6E3605, 0x5C6F2636, 0x5C711B13, 0x5C763607,
	0x5C793608, 0x5C7A2F44, 0x5C8C3609, 0x5C8F2F45, 0x5C901454, 0x5C91360A, 0x5C94360B, 0x5C9F2F46,
	0x5CA1120C, 0x5CA32F47, 0x5CA8211B, 0x5CA91444, 0x5CAA2F48, 0x5CAB360D, 0x5CAC2C08, 0x5CB12232,
	0x5CB31339, 0x5CB6360F, 0x5CB73611, 0x5CB8143F, 0x5CBA2F49, 0x5CBB360E, 0x5CBC3610, 0x5CBE3613,
	0x5CC53612, 0x5CC73614, 0x5CCB2F4A, 0x5CD02F4B, 0x5CD22F4C, 0x5CD93615, 0x5CE0261D, 0x5CE1160E,
	0x5CE81245, 0x5CE93616, 0x5CEA361B, 0x5CED3619, 0x5CEF2A57, 0x5CF02A56, 0x5CF42F4D, 0x5CF62547,
	0x5CFA3618, 0x5CFB1D34, 0x5CFD3617, 0x5D071F52, 0x5D0B361C, 0x5D0D2F50, 0x5D0E1A4A, 0x5D113622,
	0x5D143623, 0x5D15361D, 0x5D161313, 0x5D17361E, 0x5D183627, 0x5D193626, 0x5D1A3625, 0x5D1B3621,
	0x5D1F3620, 0x5D223624, 0x5D272F51, 0x5D292A58, 0x5D462F53, 0x5D472F54, 0x5D4A2F56, 0x5D4B362B,
	0x5D4C3628, 0x5D4E362A, 0x5D502D52, 0x5D523629, 0x5D532F55, 0x5D5C361F, 0x5D691F53, 0x5D6C362C,
	0x5D6D2F57, 0x5D6F1A17, 0x5D73362D, 0x5D76362E, 0x5D812F58, 0x5D823631, 0x5D843630, 0x5D87362F,
	0x5D8B2548, 0x5D8C361A, 0x5D903637, 0x5D9D3633, 0x5DA02F59, 0x5DA23632, 0x5DA42F5A, 0x5DA72F5B,
	0x5DAC3634, 0x5DAE3635, 0x5DB73638, 0x5DB82F5C, 0x5DBA2E46, 0x5DBC3639, 0x5DBD3636, 0x5DC9363A,
	0x5DCB2F5D, 0x5DCC1440, 0x5DCD363B, 0x5DD2363D, 0x5DD3363C, 0x5DD6363E, 0x5DDB363F, 0x5DDD204E,
	0x5DDE1D03, 0x5DE11D44, 0x5DE25408, 0x5DE32143, 0x5DE51909, 0x5DE61A18, 0x5DE7190A, 0x5DE81550,
	0x5DEB3640, 0x5DEE1A19, 0x5DF1182A, 0x5DF23641, 0x5DF32C06, 0x5DF42723, 0x5DF53642, 0x5DF7190B,
	0x5DFB140C, 0x5DFD2307, 0x5DFE1632, 0x5E021B34, 0x5E03293B, 0x5E062821, 0x5E0B3643, 0x5E0C1455,
	0x5E113646, 0x5E145409, 0x5E162401, 0x5E18540A, 0x5E193645, 0x5E1A3644, 0x5E1B3647, 0x5E1D244B,
	0x5E251F43, 0x5E2B1B35, 0x5E2D202A, 0x5E2F2233, 0x5E301502, 0x5E332402, 0x5E363648, 0x5E373649,
	0x5E381E4F, 0x5E3D2B19, 0x5E40364C, 0x5E43364B, 0x5E44364A, 0x5E45295D, 0x5E473653, 0x5E4C2B3A,
	0x5E4E364D, 0x5E54364F, 0x5E552B4B, 0x5E57364E, 0x5E58540B, 0x5E5E540C, 0x5E5F3650, 0x5E612808,
	0x5E623651, 0x5E632A1E, 0x5E643652, 0x5E721413, 0x5E732A1F, 0x5E74270F, 0x5E753654, 0x5E763655,
	0x5E775E5C, 0x5E78190C, 0x5E791414, 0x5E7A3656, 0x5E7B1818, 0x5E7C2D24, 0x5E7D2D09, 0x5E7E1456,
	0x5E7F3658, 0x5E812403, 0x5E83190D, 0x5E841E11, 0x5E87283F, 0x5E8A1E12, 0x5E8F1D58, 0x5E95244C,
	0x5E962A59, 0x5E972519, 0x5E9A190E, 0x5E9C293C, 0x5EA03659, 0x5EA62539, 0x5EA71A22, 0x5EAB182B,
	0x5EAD244D, 0x5EB51023, 0x5EB61D4E, 0x5EB7190F, 0x5EB82D27, 0x5EBE540D, 0x5EC1365A, 0x5EC2365B,
	0x5EC32731, 0x5EC8365C, 0x5EC92E57, 0x5ECA2F0D, 0x5ECB540F, 0x5ECF365E, 0x5ED0365D, 0x5ED31327,
	0x5ED63701, 0x5EDA3704, 0x5EDB3705, 0x5EDD3703, 0x5EDF2920, 0x5EE01E13, 0x5EE13707, 0x5EE23706,
	0x5EE33702, 0x5EE83708, 0x5EE93709, 0x5EEC370A, 0x5EF0370D, 0x5EF1370B, 0x5EF3370C, 0x5EF4370E,
	0x5EF61144, 0x5EF7244E, 0x5EF8370F, 0x5EF95410, 0x5EFA175A, 0x5EFB1256, 0x5EFC2716, 0x5EFE3710,
	0x5EFF265B, 0x5F005411, 0x5F012A3B, 0x5F025412, 0x5F033711, 0x5F042F0E, 0x5F075413, 0x5F093712,
	0x5F0A2A20, 0x5F0B3715, 0x5F0C3001, 0x5F0D3011, 0x5F0F1C10, 0x5F102655, 0x5F113716, 0x5F13153D,
	0x5F142404, 0x5F15105A, 0x5F163717, 0x5F172A06, 0x5F181910, 0x5F1B2330, 0x5F1D5414, 0x5F1F244F,
	0x5F235415, 0x5F252C4F, 0x5F261819, 0x5F27182C, 0x5F293718, 0x5F2D3719, 0x5F2F371F, 0x5F311C45,
	0x5F345416, 0x5F352405, 0x5F365417, 0x5F37160F, 0x5F38371A, 0x5F3C290B, 0x5F3D5418, 0x5F3E2326,
	0x5F405419, 0x5F41371B, 0x5F45541A, 0x5F48371C, 0x5F4A1610, 0x5F4C371D, 0x5F4E371E, 0x5F513720,
	0x5F532556, 0x5F54541B, 0x5F563721, 0x5F573722, 0x5F58541C, 0x5F593723, 0x5F5C3714, 0x5F5D3713,
	0x5F613724, 0x5F621721, 0x5F64541D, 0x5F662907, 0x5F67541E, 0x5F691A2C, 0x5F6A2917, 0x5F6B2406,
	0x5F6C292B, 0x5F6D3725, 0x5F701E14, 0x5F711126, 0x5F733726, 0x5F773727, 0x5F792C52, 0x5F7C2840,
	0x5F7D541F, 0x5F7F372A, 0x5F80115D, 0x5F81200C, 0x5F823729, 0x5F833728, 0x5F841722, 0x5F852234,
	0x5F87372E, 0x5F88372C, 0x5F895420, 0x5F8A372B, 0x5F8B2E07, 0x5F8C1845, 0x5F901D59, 0x5F91372D,
	0x5F92252C, 0x5F931D1E, 0x5F972620, 0x5F983731, 0x5F993730, 0x5F9C5421, 0x5F9E372F, 0x5FA03732,
	0x5FA11846, 0x5FA75422, 0x5FA83733, 0x5FA9295C, 0x5FAA1D3B, 0x5FAD3734, 0x5FAE2859, 0x5FAF5423,
	0x5FB32621, 0x5FB42407, 0x5FB55424, 0x5FB75425, 0x5FB92510, 0x5FBC3735, 0x5FBD150B, 0x5FC31F14,
	0x5FC5290C, 0x5FC95426, 0x5FCC1457, 0x5FCD2706, 0x5FD63736, 0x5FD71B36, 0x5FD82B1A, 0x5FD92B1B,
	0x5FDC115E, 0x5FDD373B, 0x5FDE5427, 0x5FE02349, 0x5FE15428, 0x5FE43738, 0x5FE95429, 0x5FEB1257,
	0x5FF0380D, 0x5FF1373A, 0x5FF52710, 0x5FF83739, 0x5FFB3737, 0x5FFD195A, 0x5FFF373D, 0x600D542A,
	0x600E3743, 0x600F3749, 0x60103741, 0x6012253C, 0x6014542B, 0x60153746, 0x6016293D, 0x6018542C,
	0x60193740, 0x601B3745, 0x601C2E47, 0x601D1B37, 0x60202235, 0x6021373E, 0x6025153E, 0x60263748,
	0x6027200D, 0x60281145, 0x60293742, 0x602A1258, 0x602B3747, 0x602F1611, 0x60313744, 0x6033542D,
	0x6035542E, 0x603A374A, 0x6041374C, 0x60423756, 0x60433754, 0x60463751, 0x6047542F, 0x604A3750,
	0x604B2E58, 0x604D3752, 0x60501612, 0x60521911, 0x60551D5A, 0x60593759, 0x605A374B, 0x605F374F,
	0x6060373F, 0x6062125A, 0x60633753, 0x60643755, 0x60652331, 0x60681A08, 0x60691218, 0x606A374D,
	0x606B3758, 0x606C3757, 0x606D1613, 0x606F2209, 0x60701346, 0x60751723, 0x6077374E, 0x6081375A,
	0x6083375D, 0x60843801, 0x60891C1D, 0x608B3807, 0x608C2450, 0x608D375B, 0x60923805, 0x60941259,
	0x60963803, 0x60973804, 0x609A375E, 0x609B3802, 0x609D5431, 0x609E5432, 0x609F1847, 0x60A02D0A,
	0x60A31415, 0x60A61139, 0x60A73806, 0x60A9271A, 0x60AA100D, 0x60B22841, 0x60B3373C, 0x60B4380C,
	0x60B53810, 0x60B62C45, 0x60B83809, 0x60BC2549, 0x60BD380E, 0x60C51E50, 0x60C6380F, 0x60C72637,
	0x60CB5433, 0x60D12F27, 0x60D3380B, 0x60D45434, 0x60D55435, 0x60D83811, 0x60DA195B, 0x60DC202B,
	0x60DD5436, 0x60DF1034, 0x60E0380A, 0x60E13808, 0x60E3213A, 0x60E7375C, 0x60E81B14, 0x60F02226,
	0x60F1381D, 0x60F3213B, 0x60F43818, 0x60F63815, 0x60F73816, 0x60F85437, 0x60F91C46, 0x60FA3819,
	0x60FB381C, 0x61003817, 0x61011D05, 0x6103381A, 0x61063814, 0x61082C5C, 0x61092C5B, 0x610D381E,
	0x610E381F, 0x610F1035, 0x61153813, 0x611A1652, 0x611B1006, 0x611C5438, 0x611F1416, 0x6121381B,
	0x61273823, 0x61283822, 0x612B5439, 0x612C3827, 0x6130543A, 0x61343828, 0x6137543B, 0x613C3826,
	0x613D3829, 0x613E3821, 0x613F3825, 0x6142382A, 0x6144382B, 0x61473820, 0x61481B5C, 0x614A3824,
	0x614B2236, 0x614C1912, 0x614D3812, 0x614E1F15, 0x61533838, 0x61552A49, 0x6158382E, 0x6159382F,
	0x615A3830, 0x615D3837, 0x615F3836, 0x61622B5D, 0x61631417, 0x61653834, 0x61671725, 0x61681314,
	0x616B3831, 0x616E2E18, 0x616F3833, 0x61701036, 0x61713835, 0x6173382C, 0x61743832, 0x61753839,
	0x61761724, 0x6177382D, 0x617E2D3D, 0x61822D0B, 0x6187383C, 0x618A3840, 0x618D543D, 0x618E215E,
	0x61902E59, 0x61913841, 0x6194383E, 0x6196383B, 0x6199383A, 0x619A383F, 0x61A42A10, 0x61A72614,
	0x61A91726, 0x61AB3842, 0x61AC383D, 0x61AE3843, 0x61B2175B, 0x61B61211, 0x61B95440, 0x61BA384B,
	0x61BC543F, 0x61BE1418, 0x61C33849, 0x61C6384A, 0x61C71A09, 0x61C83848, 0x61C93846, 0x61CA3845,
	0x61CB384C, 0x61CC3844, 0x61CD384E, 0x61D0125B, 0x61E33850, 0x61E6384F, 0x61F22408, 0x61F43853,
	0x61F63851, 0x61F73847, 0x61F8175C, 0x61FA3852, 0x61FC3856, 0x61FD3855, 0x61FE3857, 0x61FF3854,
	0x62003858, 0x62083859, 0x6209385A, 0x620A2A4A, 0x620C385C, 0x620D385B, 0x620E1D1F, 0x6210200E,
	0x62111246, 0x6212125C, 0x6214385D, 0x6216101F, 0x621A202C, 0x621B385E, 0x621D4C23, 0x621E3901,
	0x621F1741, 0x62213902, 0x62225442, 0x6226204F, 0x622A3903, 0x622E3904, 0x622F151A, 0x62303905,
	0x62323906, 0x62333907, 0x62342237, 0x6238182D, 0x623B2C41, 0x623E5443, 0x623F2B1C, 0x62401D4A,
	0x62413908, 0x62435444, 0x62472050, 0x62484E1D, 0x62492842, 0x624B1C4A, 0x624D1A2D, 0x624E3909,
	0x62532227, 0x62552A07, 0x62565445, 0x62582251, 0x625A5446, 0x625B390C, 0x625E390A, 0x6260390D,
	0x6263390B, 0x6268390E, 0x626E2A11, 0x626F5447, 0x62711017, 0x6276293E, 0x62792843, 0x627C390F,
	0x627E3912, 0x627F1E15, 0x6280151B, 0x62823910, 0x62833917, 0x62841E16, 0x62855448, 0x62893911,
	0x628A2724, 0x62912D3E, 0x62923913, 0x62933914, 0x62943918, 0x6295254A, 0x62963915, 0x62971913,
	0x6298203E, 0x629B3926, 0x629C2814, 0x629E2252, 0x62AB2844, 0x62AC3A0D, 0x62B12A5A, 0x62B52451,
	0x62B92B55, 0x62BB391B, 0x62BC1201, 0x62BD234A, 0x62C23924, 0x62C45449, 0x62C52314, 0x62C6391E,
	0x62C73925, 0x62C83920, 0x62C93927, 0x62CA3923, 0x62CC3922, 0x62CD274F, 0x62CF391C, 0x62D0125D,
	0x62D1391A, 0x62D21551, 0x62D32253, 0x62D43916, 0x62D6544A, 0x62D73919, 0x62D81914, 0x62D9203B,
	0x62DB1E17, 0x62DC3921, 0x62DD2732, 0x62E01552, 0x62E11328, 0x62EC1347, 0x62ED1F01, 0x62EE3929,
	0x62EF392E, 0x62F1392A, 0x62F3175D, 0x62F5392F, 0x62F61B02, 0x62F71949, 0x62FC544B, 0x62FE1D06,
	0x62FF391D, 0x63011B5D, 0x6302392C, 0x63071B38, 0x6308392D, 0x63091024, 0x630A544C, 0x630C3928,
	0x63112409, 0x6318544D, 0x63191553, 0x631F1614, 0x6327392B, 0x63281007, 0x632B1A23, 0x632F1F16,
	0x6339544E, 0x633A2452, 0x633D2834, 0x633E3931, 0x633F213E, 0x6343544F, 0x6349220A, 0x634C1B0B,
	0x634D3932, 0x634F3934, 0x63503930, 0x63552A41, 0x6357241D, 0x635C213C, 0x63655450, 0x63672A5B,
	0x63681C2E, 0x63693940, 0x636B393F, 0x636E1F58, 0x6372175E, 0x63763939, 0x63771E19, 0x637A2648,
	0x637B2711, 0x637C5451, 0x63803937, 0x6383213D, 0x63881C58, 0x6389393C, 0x638C1E18, 0x638E3936,
	0x638F393B, 0x63922733, 0x63963935, 0x63981701, 0x639B133D, 0x639F393D, 0x63A02E0B, 0x63A11A2E,
	0x63A22315, 0x63A3393A, 0x63A5203C, 0x63A71915, 0x63A81F44, 0x63A91146, 0x63AA211C, 0x63AB3938,
	0x63AC1525, 0x63B21727, 0x63B4242F, 0x63B5393E, 0x63BB213F, 0x63BE3941, 0x63C03943, 0x63C32217,
	0x63C43949, 0x63C63944, 0x63C93946, 0x63CF2921, 0x63D02453, 0x63D23947, 0x63D62D0C, 0x63DA2D28,
	0x63DB1419, 0x63E1100E, 0x63E33945, 0x63E55452, 0x63E93942, 0x63ED5453, 0x63EE1458, 0x63F41147,
	0x63F55454, 0x63F63948, 0x63FA2D29, 0x6406394C, 0x640D221B, 0x640F3953, 0x64105455, 0x6413394D,
	0x64145456, 0x6416394A, 0x64173951, 0x641C3933, 0x64225457, 0x6426394E, 0x64283952, 0x642C2822,
	0x642D254B, 0x6434394B, 0x6436394F, 0x643A1728, 0x643E1A51, 0x6442203D, 0x644E3957, 0x64515459,
	0x64582506, 0x6460545A, 0x64673954, 0x64692B40, 0x646D545B, 0x646F3955, 0x64763956, 0x64782C2E,
	0x64795458, 0x647A2002, 0x64831742, 0x6488395D, 0x64921B15, 0x6493395A, 0x64953959, 0x649A2712,
	0x649E2615, 0x64A42511, 0x64A5395B, 0x64A9395C, 0x64AB294F, 0x64AD2725, 0x64AE1B03, 0x64B02051,
	0x64B22B30, 0x64B91329, 0x64BB3A05, 0x64BC395E, 0x64BE545D, 0x64BF545E, 0x64C12D2A, 0x64C23A07,
	0x64C45501, 0x64C53A03, 0x64C73A04, 0x64CA5502, 0x64CD2140, 0x64CE545C, 0x64D05503, 0x64D23A02,
	0x64D4391F, 0x64D83A06, 0x64DA3A01, 0x64E03A0B, 0x64E13A0C, 0x64E22507, 0x64E33A0E, 0x64E61B04,
	0x64E73A09, 0x64EC151C, 0x64EF3A0F, 0x64F13A08, 0x64F23A13, 0x64F43A12, 0x64F63A11, 0x64F75504,
	0x64FA3A14, 0x64FB5505, 0x64FD3A16, 0x64FE1E51, 0x65003A15, 0x65053A19, 0x65183A17, 0x651C3A18,
	0x651D3950, 0x65225506, 0x65233A1B, 0x65243A1A, 0x65295507, 0x652A3958, 0x652B3A1C, 0x652C3A10,
	0x652F1B39, 0x65343A1D, 0x65353A1E, 0x65363A20, 0x65373A1F, 0x65383A21, 0x6539125E, 0x653B1916,
	0x653E2A5C, 0x653F200F, 0x6545182E, 0x65483A23, 0x654D3A26, 0x654F2932, 0x6551153F, 0x65553A25,
	0x65563A24, 0x65572734, 0x65583A27, 0x65591615, 0x655D3A29, 0x655E3A28, 0x6562141A, 0x65631B16,
	0x65662638, 0x65675509, 0x656C1729, 0x65701F54, 0x65723A2A, 0x65742010, 0x65752508, 0x6577293F,
	0x65783A2B, 0x65823A2C, 0x65833A2D, 0x65872A18, 0x6588353D, 0x65892026, 0x658C292C, 0x658E1A38,
	0x65902845, 0x65912823, 0x6597252D, 0x65992E21, 0x659B3A2F, 0x659C1C30, 0x659D550A, 0x659F3A30,
	0x65A11016, 0x65A41634, 0x65A5202D, 0x65A72940, 0x65AB3A31, 0x65AC1B22, 0x65AD2327, 0x65AF1B3B,
	0x65B01F17, 0x65B73A32, 0x65B92A5D, 0x65BC1157, 0x65BD1B3C, 0x65C13A35, 0x65C33A33, 0x65C43A36,
	0x65C52E19, 0x65C63A34, 0x65CB205B, 0x65CC3A37, 0x65CF2212, 0x65D23A38, 0x65D7145A, 0x65D93A3A,
	0x65DB3A39, 0x65E03A3B, 0x65E13A3C, 0x65E2145B, 0x65E5265C, 0x65E62316, 0x65E7154C, 0x65E81B3D,
	0x65E92141, 0x65EC1D3C, 0x65ED1010, 0x65F13A3D, 0x65FA1202, 0x65FB3A41, 0x6600550C, 0x66021917,
	0x66033A40, 0x66061A0B, 0x66071E1A, 0x6609550D, 0x660A3A3F, 0x660C1E1B, 0x660E2C20, 0x660F1A0A,
	0x66131037, 0x6614202E, 0x6615550E, 0x661C3A46, 0x661E550F, 0x661F2011, 0x66201127, 0x66225511,
	0x66245512, 0x66251D35, 0x66272B46, 0x66281A52, 0x662B5513, 0x662D1E1C, 0x662F2007, 0x66305514,
	0x66315515, 0x66335516, 0x66343A45, 0x66353A43, 0x66363A44, 0x663A5510, 0x663C234B, 0x663F3B06,
	0x66413A4A, 0x66421B5E, 0x66431918, 0x66443A48, 0x66485518, 0x66493A49, 0x664B1F18, 0x664C5519,
	0x664F3A47, 0x66521B0F, 0x6659551B, 0x665A551C, 0x665D3A4C, 0x665E3A4B, 0x665F3A50, 0x6661551D,
	0x66623A51, 0x66643A4D, 0x6665551E, 0x66661302, 0x66673A4E, 0x66683A4F, 0x66692835, 0x666E2941,
	0x666F172A, 0x66703A52, 0x6673551F, 0x66742012, 0x66761E1D, 0x66775520, 0x66785521, 0x667A2332,
	0x66811627, 0x66833A53, 0x66843A57, 0x6687122B, 0x66883A54, 0x66893A56, 0x668D5522, 0x668E3A55,
	0x66911D4B, 0x66962328, 0x66971025, 0x66983A58, 0x669D3A59, 0x66A05524, 0x66A2240A, 0x66A62E51,
	0x66AB1B23, 0x66AE2A4B, 0x66B25525, 0x66B42B1D, 0x66B83B02, 0x66B93A5B, 0x66BB5526, 0x66BC3A5E,
	0x66BE3A5D, 0x66C13A5A, 0x66C43B01, 0x66C65527, 0x66C7263E, 0x66C85528, 0x66C93A5C, 0x66D63B03,
	0x66D91D4C, 0x66DA3B04, 0x66DB552A, 0x66DC2D2B, 0x66DD2758, 0x66E03B05, 0x66E63B07, 0x66E8552B,
	0x66E93B08, 0x66F03B09, 0x66F2162A, 0x66F31128, 0x66F41919, 0x66F53B0A, 0x66F73B0B, 0x66F81D51,
	0x66F92142, 0x66FA552C, 0x66FB5517, 0x66FC3238, 0x66FD211E, 0x66FE211D, 0x66FF2238, 0x67001A27,
	0x67033052, 0x6708174E, 0x67092D0D, 0x670B2A5E, 0x670D295E, 0x670F3B0C, 0x6713552D, 0x67141A53,
	0x6715241F, 0x67163B0D, 0x67172F0F, 0x671B2B1E, 0x671D240B, 0x671E3B0E, 0x671F145C, 0x67263B0F,
	0x67273B10, 0x67282C3A, 0x672A2C04, 0x672B2B56, 0x672C2B3C, 0x672D1B05, 0x672E3B12, 0x67311C4B,
	0x6733552F, 0x67342B31, 0x67363B14, 0x67373B17, 0x67383B16, 0x673A1459, 0x673D1540, 0x673F3B13,
	0x67413B15, 0x67463B18, 0x67475531, 0x67485532, 0x67491F59, 0x674E2D5B, 0x674F1029, 0x67501A40,
	0x6751221C, 0x67531C3D, 0x67561E53, 0x67593B1B, 0x675C252E, 0x675E3B19, 0x675F220B, 0x67603B1A,
	0x67611E52, 0x67622C3D, 0x67633B1C, 0x67643B1D, 0x67652D48, 0x67665530, 0x676A3B22, 0x676D191A,
	0x676F2735, 0x67703B1F, 0x6771254C, 0x67723A3E, 0x67733A42, 0x6775152F, 0x67772727, 0x677B5533,
	0x677C3B21, 0x677E1E1E, 0x677F2824, 0x67815534, 0x67853B27, 0x6787285A, 0x67893B1E, 0x678B3B24,
	0x678C3B23, 0x6790202F, 0x67935535, 0x67952B4D, 0x67972E33, 0x67985536, 0x679A2B47, 0x679B5537,
	0x679C122C, 0x679D1B3E, 0x67A02F28, 0x67A13B26, 0x67A21F55, 0x67A63B25, 0x67A93B20, 0x67AF182F,
	0x67B33B2C, 0x67B43B2A, 0x67B6122D, 0x67B73B28, 0x67B83B2E, 0x67B93B34, 0x67BB5538, 0x67C0553A,
	0x67C12228, 0x67C42A21, 0x67C63B36, 0x67CA2902, 0x67CE3B35, 0x67CF2750, 0x67D02B1F, 0x67D1141B,
	0x67D32057, 0x67D41D20, 0x67D7553B, 0x67D82433, 0x67DA2D0E, 0x67DD3B31, 0x67DE3B30, 0x67E23B32,
	0x67E43B2F, 0x67E73B37, 0x67E93B2D, 0x67EC3B2B, 0x67EE3B33, 0x67EF3B29, 0x67F1234C, 0x67F32C58,
	0x67F41C26, 0x67F51A54, 0x67F95539, 0x67FB1A1A, 0x67FC553C, 0x67FE2B4F, 0x67FF1321, 0x6801553D,
	0x6802242E, 0x6803262A, 0x68041129, 0x68132052, 0x68162014, 0x6817170A, 0x681D553F, 0x681E3B39,
	0x6821191B, 0x6822135C, 0x68293B3B, 0x682A1354, 0x682B3B41, 0x682C5540, 0x68315541, 0x68323B3E,
	0x68342053, 0x6838132B, 0x68391A0C, 0x683C132A, 0x683D1A2F, 0x68403B3C, 0x68411745, 0x6842172B,
	0x6843254D, 0x68463B3A, 0x68481026, 0x684D3B3D, 0x684E3B3F, 0x6850162D, 0x6851170C, 0x6852553E,
	0x6853141C, 0x6854152B, 0x68593B42, 0x685B5542, 0x685C1A59, 0x685D2B51, 0x685F1B17, 0x68633B43,
	0x68672910, 0x68725543, 0x68743B4F, 0x68755544, 0x68761213, 0x68773B44, 0x687E3B55, 0x687F3B45,
	0x68812E22, 0x68833B4C, 0x6885273F, 0x688D3B54, 0x688F3B47, 0x68931014, 0x68943B49, 0x6897191C,
	0x689B3B4B, 0x689D3B4A, 0x689F3B46, 0x68A03B51, 0x68A21E1F, 0x68A35546, 0x68A55547, 0x68A6344D,
	0x68A71848, 0x68A82D5C, 0x68AD3B48, 0x68AF2454, 0x68B01303, 0x68B11A0D, 0x68B25548, 0x68B33B40,
	0x68B53B50, 0x68B61341, 0x68B93B4E, 0x68BA3B52, 0x68BC254E, 0x68C4145E, 0x68C63C12, 0x68C85549,
	0x68C92C29, 0x68CA3B57, 0x68CB145D, 0x68CD3B5E, 0x68D0554A, 0x68D22B20, 0x68D43C01, 0x68D53C03,
	0x68D73C07, 0x68D83B59, 0x68DA230A, 0x68DF254F, 0x68E03C0B, 0x68E13B5C, 0x68E33C08, 0x68E73C02,
	0x68E8554B, 0x68ED554C, 0x68EE1F19, 0x68EF3C0C, 0x68F0554D, 0x68F1554E, 0x68F22013, 0x68F93C0A,
	0x68FA141D, 0x68FC554F, 0x69002F30, 0x69013B56, 0x69043C06, 0x69051038, 0x69083B58, 0x690A5550,
	0x690B2C1A, 0x690C3B5D, 0x690D1F02, 0x690E2427, 0x690F3B53, 0x69123C05, 0x69191F5A, 0x691A3C0F,
	0x691B1351, 0x691C1801, 0x69213C11, 0x69223B5A, 0x69233C10, 0x69253C09, 0x69263B5B, 0x69283C0D,
	0x692A3C0E, 0x69303C1F, 0x6934262E, 0x69355553, 0x69363C04, 0x69393C1B, 0x693D3C1D, 0x693F2438,
	0x69425554, 0x69495551, 0x694A2D2C, 0x69532956, 0x69543C18, 0x6955222A, 0x69575555, 0x69593C1E,
	0x695A211F, 0x695C3C15, 0x695D3C22, 0x695E3C21, 0x6960264F, 0x69613C20, 0x6962264A, 0x69635556,
	0x69645557, 0x69685558, 0x696A3C24, 0x696B3C17, 0x696D1628, 0x696E3C1A, 0x696F1D3D, 0x69732740,
	0x69743C1C, 0x6975162B, 0x69773C14, 0x69783C16, 0x69793C13, 0x697C2F10, 0x697D133A, 0x697E3C19,
	0x69805559, 0x69813C23, 0x69821315, 0x698A1A47, 0x698E113D, 0x69913C34, 0x69942F11, 0x69953C37,
	0x699B1F1A, 0x699C3C36, 0x69A03C35, 0x69A5555B, 0x69A73C32, 0x69AD555C, 0x69AE3C26, 0x69B13C43,
	0x69B23C25, 0x69B43C38, 0x69BB3C30, 0x69BE3C2B, 0x69BF3C28, 0x69C13C29, 0x69C33C31, 0x69C75402,
	0x69CA3C2E, 0x69CB191D, 0x69CC2428, 0x69CD2144, 0x69CE3C2C, 0x69CF555D, 0x69D03C27, 0x69D33C2A,
	0x69D82D2D, 0x69D92B4A, 0x69DD3C2F, 0x69DE3C39, 0x69E25602, 0x69E73C41, 0x69E83C3A, 0x69E95603,
	0x69EA5604, 0x69EB3C47, 0x69ED3C45, 0x69F23C40, 0x69F55605, 0x69F65606, 0x69F93C3F, 0x69FB2430,
	0x69FD2145, 0x69FF3C3D, 0x6A023C3B, 0x6A053C42, 0x6A0A3C48, 0x6A0B2855, 0x6A0C3C4E, 0x6A0F5607,
	0x6A123C49, 0x6A133C4C, 0x6A143C46, 0x6A155608, 0x6A172354, 0x6A192918, 0x6A1B3C3C, 0x6A1E3C44,
	0x6A1F1E20, 0x6A212C2F, 0x6A223C58, 0x6A233C4B, 0x6A291802, 0x6A2A1203, 0x6A2B133F, 0x6A2E3C33,
	0x6A351E21, 0x6A363C50, 0x6A383C57, 0x6A391C59, 0x6A3A1352, 0x6A3B560A, 0x6A3D230E, 0x6A3E560B,
	0x6A443C4D, 0x6A45560C, 0x6A473C52, 0x6A483C56, 0x6A4B1616, 0x6A50560D, 0x6A56560E, 0x6A58152C,
	0x6A593C54, 0x6A5B560F, 0x6A5F1501, 0x6A61262B, 0x6A623C53, 0x6A663C55, 0x6A6B5610, 0x6A723C4F,
	0x6A735611, 0x6A783C51, 0x6A7F1340, 0x6A802329, 0x6A843C5C, 0x6A895613, 0x6A8D3C5A, 0x6A8E1849,
	0x6A903C59, 0x6A945614, 0x6A973D01, 0x6A9C3B38, 0x6A9D5615, 0x6A9E5616, 0x6AA03C5B, 0x6AA23C5D,
	0x6AA33C5E, 0x6AA55617, 0x6AAA3D0C, 0x6AAC3D08, 0x6AAE3B4D, 0x6AB33D07, 0x6AB83D06, 0x6ABB3D03,
	0x6AC13C4A, 0x6AC23D05, 0x6AC33D04, 0x6AD13D0A, 0x6AD32F06, 0x6ADA3D0D, 0x6ADB165B, 0x6ADE3D09,
	0x6ADF3D0B, 0x6AE45618, 0x6AE75619, 0x6AE82807, 0x6AEA3D0E, 0x6AFA3D12, 0x6AFB3D0F, 0x6B042D53,
	0x6B053D10, 0x6B0A3C3E, 0x6B123D13, 0x6B163D14, 0x6B1B561C, 0x6B1D1115, 0x6B1E561D, 0x6B1F3D16,
	0x6B201747, 0x6B211C01, 0x6B231635, 0x6B271204, 0x6B2C561E, 0x6B322D3F, 0x6B35561F, 0x6B373D18,
	0x6B383D17, 0x6B393D1A, 0x6B3A151D, 0x6B3D1636, 0x6B3E141E, 0x6B433D1D, 0x6B465620, 0x6B473D1C,
	0x6B493D1E, 0x6B4C122E, 0x6B4E2317, 0x6B503D1F, 0x6B53141F, 0x6B543D21, 0x6B565621, 0x6B593D20,
	0x6B5B3D22, 0x6B5F3D23, 0x6B605622, 0x6B613D24, 0x6B621B3F, 0x6B632015, 0x6B641A01, 0x6B655623,
	0x6B662950, 0x6B675624, 0x6B692A42, 0x6B6A2F24, 0x6B6F1B55, 0x6B731A30, 0x6B742E52, 0x6B775625,
	0x6B783D25, 0x6B793D26, 0x6B7B1B40, 0x6B7F3D27, 0x6B803D28, 0x6B825626, 0x6B833D2A, 0x6B843D29,
	0x6B862B38, 0x6B891D3E, 0x6B8A1C4C, 0x6B8B1B24, 0x6B8D3D2B, 0x6B953D2D, 0x6B961F03, 0x6B983D2C,
	0x6B9E3D2E, 0x6BA43D2F, 0x6BA95627, 0x6BAA3D30, 0x6BAB3D31, 0x6BAD5628, 0x6BAF3D32, 0x6BB13D34,
	0x6BB23D33, 0x6BB33D35, 0x6BB41205, 0x6BB5232A, 0x6BB73D36, 0x6BBA1B06, 0x6BBB132C, 0x6BBC3D37,
	0x6BBF2522, 0x6BC0342C, 0x6BC51503, 0x6BC63D38, 0x6BCB3D39, 0x6BCD2A4C, 0x6BCE2B48, 0x6BCF562A,
	0x6BD22627, 0x6BD33D3A, 0x6BD42846, 0x6BD6562B, 0x6BD7562C, 0x6BD8285B, 0x6BDB2C33, 0x6BDF3D3B,
	0x6BEB3D3D, 0x6BEC3D3C, 0x6BEF3D3F, 0x6BF33D3E, 0x6BFF562D, 0x6C05562E, 0x6C083D41, 0x6C0F1B41,
	0x6C10562F, 0x6C112C11, 0x6C133D42, 0x6C143D43, 0x6C171504, 0x6C1B3D44, 0x6C233D46, 0x6C243D45,
	0x6C335630, 0x6C341F45, 0x6C372919, 0x6C38112A, 0x6C3E2825, 0x6C402455, 0x6C411D21, 0x6C421541,
	0x6C4E2826, 0x6C501C0E, 0x6C553D48, 0x6C571420, 0x6C595631, 0x6C5A1158, 0x6C5C5632, 0x6C5D2652,
	0x6C5E3D47, 0x6C5F191E, 0x6C602333, 0x6C623D49, 0x6C683D51, 0x6C6A3D4A, 0x6C702221, 0x6C721542,
	0x6C733D52, 0x6C745634, 0x6C765635, 0x6C7A1748, 0x6C7D1505, 0x6C7E3D50, 0x6C813D4E, 0x6C823D4B,
	0x6C832D40, 0x6C855636, 0x6C865637, 0x6C882420, 0x6C8C2639, 0x6C8D3D4C, 0x6C903D54, 0x6C923D53,
	0x6C931703, 0x6C96120D, 0x6C985638, 0x6C991A1B, 0x6C9A3D4D, 0x6C9B3D4F, 0x6C9C5639, 0x6CA12B37,
	0x6CA22254, 0x6CAA5633, 0x6CAB2B57, 0x6CAE3D5C, 0x6CB13D5D, 0x6CB3122F, 0x6CB82A08, 0x6CB92C5D,
	0x6CBA3E01, 0x6CBB1C03, 0x6CBC1E22, 0x6CBD3D58, 0x6CBE3D5E, 0x6CBF1148, 0x6CC11617, 0x6CC43D55,
	0x6CC53D5A, 0x6CC6563B, 0x6CC92054, 0x6CCA2751, 0x6CCC2847, 0x6CD33D57, 0x6CD4563C, 0x6CD52B01,
	0x6CD73D59, 0x6CD93E04, 0x6CDB3E02, 0x6CDD3D5B, 0x6CE0563D, 0x6CE12B02, 0x6CE22728, 0x6CE31543,
	0x6CE52505, 0x6CE8234D, 0x6CEA3E05, 0x6CEB563E, 0x6CEE563F, 0x6CEF3E03, 0x6CF02239, 0x6CF13D56,
	0x6CF3112B, 0x6CFB563A, 0x6D045641, 0x6D0B2D2E, 0x6D0C3E10, 0x6D0E5642, 0x6D123E0F, 0x6D172056,
	0x6D193E0C, 0x6D1B2D4C, 0x6D1E2616, 0x6D1F3E06, 0x6D252425, 0x6D29112C, 0x6D2A191F, 0x6D2B3E09,
	0x6D2E5643, 0x6D315644, 0x6D321D07, 0x6D333E0E, 0x6D353E0D, 0x6D363E08, 0x6D383E0B, 0x6D395645,
	0x6D3B1348, 0x6D3D3E0A, 0x6D3E2729, 0x6D3F5646, 0x6D412E0E, 0x6D441E54, 0x6D452055, 0x6D585647,
	0x6D593E16, 0x6D5A3E14, 0x6D5C292D, 0x6D633E11, 0x6D643E13, 0x6D655648, 0x6D66111A, 0x6D691920,
	0x6D6A2F12, 0x6D6C131D, 0x6D6E2942, 0x6D742D41, 0x6D771304, 0x6D781F1B, 0x6D793E15, 0x6D82564A,
	0x6D853E1A, 0x6D87564B, 0x6D881E23, 0x6D89564C, 0x6D8C2D10, 0x6D8E3E17, 0x6D933E12, 0x6D94564D,
	0x6D953E18, 0x6D992E3E, 0x6D9B2553, 0x6D9C2622, 0x6DAA564E, 0x6DAC564F, 0x6DAF1316, 0x6DB21135,
	0x6DB53E1E, 0x6DB83E21, 0x6DBC2E23, 0x6DBF5650, 0x6DC02D44, 0x6DC45651, 0x6DC53E28, 0x6DC63E22,
	0x6DC73E1F, 0x6DCB2E34, 0x6DCC3E25, 0x6DD11D2A, 0x6DD23E27, 0x6DD53E2C, 0x6DD65652, 0x6DD82551,
	0x6DD93E2A, 0x6DDA5653, 0x6DDB5654, 0x6DDD5655, 0x6DDE3E24, 0x6DE12318, 0x6DE43E2B, 0x6DE63E20,
	0x6DE83E26, 0x6DEA3E2D, 0x6DEB105C, 0x6DEC3E23, 0x6DEE3E2E, 0x6DF11F1C, 0x6DF31D3F, 0x6DF52A05,
	0x6DF71A0E, 0x6DF93E1B, 0x6DFA3E29, 0x6DFB251A, 0x6DFC5656, 0x6E052016, 0x6E071349, 0x6E081A31,
	0x6E091E24, 0x6E0A3E1D, 0x6E0B1D22, 0x6E13172C, 0x6E153E1C, 0x6E193E32, 0x6E1A1D4D, 0x6E1B181A,
	0x6E1D3E41, 0x6E1F3E3B, 0x6E201554, 0x6E21252F, 0x6E233E36, 0x6E243E3F, 0x6E25100F, 0x6E261112,
	0x6E291219, 0x6E2B3E38, 0x6E2C220C, 0x6E2D3E2F, 0x6E2E3E31, 0x6E2F1921, 0x6E345658, 0x6E383E42,
	0x6E3A3E3D, 0x6E3E3E35, 0x6E433E3C, 0x6E445659, 0x6E4A2C0B, 0x6E4D3E3A, 0x6E4E3E3E, 0x6E561830,
	0x6E581E25, 0x6E5B2319, 0x6E5C565A, 0x6E5E565B, 0x6E5F3E34, 0x6E672D0F, 0x6E6B3E37, 0x6E6E3E30,
	0x6E6F2552, 0x6E723E33, 0x6E763E39, 0x6E7E2F31, 0x6E7F1C1E, 0x6E802B5E, 0x6E823E43, 0x6E8C280E,
	0x6E8F3E4F, 0x6E90181B, 0x6E961D40, 0x6E983E45, 0x6E9C2E0F, 0x6E9D1922, 0x6E9F3E52, 0x6EA2104E,
	0x6EA53E50, 0x6EAA3E44, 0x6EAB565C, 0x6EAF3E4A, 0x6EB1565D, 0x6EB23E4C, 0x6EB62D2F, 0x6EB73E47,
	0x6EBA250E, 0x6EBD3E49, 0x6EC1565E, 0x6EC23E51, 0x6EC43E4B, 0x6EC52C27, 0x6EC75701, 0x6EC93E46,
	0x6ECB1C02, 0x6ECC3E5E, 0x6ECE5702, 0x6ED1134A, 0x6ED33E48, 0x6ED43E4D, 0x6ED53E4E, 0x6EDD224C,
	0x6EDE223A, 0x6EEC3E56, 0x6EEF3E5C, 0x6EF23E5A, 0x6EF42509, 0x6EF73F03, 0x6EF83E57, 0x6EFE3E58,
	0x6EFF3E40, 0x6F011559, 0x6F02291A, 0x6F061C1F, 0x6F091957, 0x6F0F2F13, 0x6F105703, 0x6F113E54,
	0x6F133F02, 0x6F141149, 0x6F152146, 0x6F1A5704, 0x6F202759, 0x6F221421, 0x6F232E5A, 0x6F2A5706,
	0x6F2B2C01, 0x6F2C2432, 0x6F2F5707, 0x6F313E5B, 0x6F323E5D, 0x6F335708, 0x6F382112, 0x6F3E3F01,
	0x6F3F3E59, 0x6F413E53, 0x6F451423, 0x6F515709, 0x6F541749, 0x6F583F0F, 0x6F59570A, 0x6F5B3F0A,
	0x6F5C2058, 0x6F5E570B, 0x6F5F1343, 0x6F61570C, 0x6F62570D, 0x6F641D41, 0x6F663F13, 0x6F6D3F0C,
	0x6F6E240C, 0x6F6F3F09, 0x6F702439, 0x6F743F2C, 0x6F783F06, 0x6F7A3F05, 0x6F7C3F0E, 0x6F7E570E,
	0x6F803F08, 0x6F813F07, 0x6F823F0D, 0x6F842001, 0x6F863F04, 0x6F88570F, 0x6F8C5710, 0x6F8D5711,
	0x6F8E3F10, 0x6F913F11, 0x6F945712, 0x6F971422, 0x6FA05713, 0x6FA13F16, 0x6FA33F15, 0x6FA43F17,
	0x6FA75714, 0x6FAA3F1A, 0x6FB12523, 0x6FB33F14, 0x6FB65715, 0x6FB93F18, 0x6FBC5716, 0x6FC01743,
	0x6FC12259, 0x6FC23F12, 0x6FC3271B, 0x6FC63F19, 0x6FC75717, 0x6FCA5718, 0x6FD43F1E, 0x6FD53F1C,
	0x6FD83F1F, 0x6FDB3F22, 0x6FDF3F1B, 0x6FE0194A, 0x6FE12708, 0x6FE43E19, 0x6FEB2D54, 0x6FEC3F1D,
	0x6FEE3F21, 0x6FEF2255, 0x6FF0571A, 0x6FF13F20, 0x6FF33F0B, 0x6FF5571B, 0x6FF64F49, 0x6FF95719,
	0x6FFA3F25, 0x6FFE3F29, 0x70013F27, 0x7005571C, 0x7006571D, 0x70093F23, 0x700B3F24, 0x700F3F28,
	0x70113F26, 0x7015292E, 0x70183F2E, 0x701A3F2B, 0x701B3F2A, 0x701D3F2D, 0x701E2634, 0x701F3F2F,
	0x70262355, 0x7027224D, 0x7028571E, 0x702C2005, 0x70303F30, 0x70323F32, 0x703E3F31, 0x704A571F,
	0x704C3E55, 0x704E5722, 0x70513F33, 0x70582647, 0x705D5720, 0x705E5721, 0x70633F34, 0x70645723,
	0x706B1230, 0x706F2554, 0x70701305, 0x70755724, 0x70781544, 0x707C1C3E, 0x707D1A32, 0x70855725,
	0x70892F07, 0x708A1F46, 0x708E114A, 0x70923F36, 0x70993F35, 0x70A45726, 0x70AB5727, 0x70AC3F39,
	0x70AD231A, 0x70AE3F3C, 0x70AF3F37, 0x70B33F3B, 0x70B75728, 0x70B83F3A, 0x70B92520, 0x70BA1039,
	0x70C82E55, 0x70CB3F3E, 0x70CF1108, 0x70D45729, 0x70D8572A, 0x70D93F40, 0x70DD3F3F, 0x70DF3F3D,
	0x70E4572B, 0x70F13F38, 0x70F92B03, 0x70FD3F42, 0x71093F41, 0x710F572C, 0x7114114B, 0x71193F44,
	0x711A2A12, 0x711C3F43, 0x711E572E, 0x7120572F, 0x71212C15, 0x71261E27, 0x712B572D, 0x712E5730,
	0x71305731, 0x71362113, 0x713C1E26, 0x71465732, 0x71475733, 0x71492E5B, 0x714C3F4A, 0x714E2059,
	0x71515734, 0x71525736, 0x71553F46, 0x71563F4B, 0x7159114C, 0x715C5737, 0x71605738, 0x71623F49,
	0x71642741, 0x71653F45, 0x71663F48, 0x71671E28, 0x71685739, 0x71692831, 0x716C3F4C, 0x716E1C31,
	0x717D205A, 0x71843F4F, 0x7185573B, 0x7187573C, 0x71883F47, 0x718A1707, 0x718F3F4D, 0x7192573D,
	0x71942D30, 0x71953F50, 0x71995406, 0x719F1D2F, 0x71A83F51, 0x71AC3F52, 0x71B1270E, 0x71B93F54,
	0x71BA573F, 0x71BE3F55, 0x71C1573E, 0x71C32713, 0x71C45740, 0x71C82555, 0x71C93F57, 0x71CE3F59,
	0x71D02E35, 0x71D23F56, 0x71D43F58, 0x71D5114D, 0x71D73F53, 0x71DF333B, 0x71E03F5A, 0x71E52147,
	0x71E61B18, 0x71E73F5C, 0x71EC3F5B, 0x71ED1F04, 0x71EE3239, 0x71F53F5D, 0x71F94001, 0x71FB3F4E,
	0x71FC3F5E, 0x71FE5741, 0x71FF4002, 0x72005742, 0x7206275A, 0x720D4003, 0x72104004, 0x72155743,
	0x721B4005, 0x72284006, 0x722A243E, 0x722C4008, 0x722D4007, 0x72304009, 0x7232400A, 0x72351C3F,
	0x72362943, 0x723A2C4C, 0x723B400B, 0x723C400C, 0x723D2136, 0x723E1C04, 0x723F400D, 0x7240400E,
	0x7246400F, 0x72472A32, 0x72482827, 0x724B4010, 0x724C2737, 0x7252240D, 0x72555744, 0x72565745,
	0x72584011, 0x72591247, 0x725B154D, 0x725D2C26, 0x725F2C16, 0x72611214, 0x72622F14, 0x72672B32,
	0x72692A0A, 0x72722017, 0x72744012, 0x72792623, 0x727D1803, 0x727E4013, 0x72801A34, 0x72814015,
	0x72824014, 0x72874016, 0x728D5747, 0x72924017, 0x72964018, 0x729B5748, 0x72A0151E, 0x72A24019,
	0x72A7401A, 0x72AC1804, 0x72AF2828, 0x72B2401C, 0x72B61E55, 0x72B9401B, 0x72BE5749, 0x72C0574A,
	0x72C21618, 0x72C3401D, 0x72C4401F, 0x72C6401E, 0x72CE4020, 0x72D01831, 0x72D24021, 0x72D71649,
	0x72D92120, 0x72DB195D, 0x72E04023, 0x72E14024, 0x72E24022, 0x72E91C4D, 0x72EC2628, 0x72ED1619,
	0x72F74026, 0x72F8230C, 0x72F94025, 0x72FB574B, 0x72FC2F15, 0x72FD2742, 0x730A4029, 0x7316402B,
	0x73174028, 0x731B2C34, 0x731C402A, 0x731D402C, 0x731F2E24, 0x73254030, 0x7327574D, 0x7328574E,
	0x7329402F, 0x732A2356, 0x732B270D, 0x732E1805, 0x732F402E, 0x7334402D, 0x73362D11, 0x73372D12,
	0x733E4031, 0x733F114E, 0x73441956, 0x73451B42, 0x734E4032, 0x734F4033, 0x73505750, 0x73574035,
	0x73631D23, 0x73665751, 0x73684037, 0x736A4036, 0x73704038, 0x7372132D, 0x7375403A, 0x73784039,
	0x737A403C, 0x737B403B, 0x737C5752, 0x7384181C, 0x73872E08, 0x7389162C, 0x738B1206, 0x73955753,
	0x7396164A, 0x739F5754, 0x73A05755, 0x73A25756, 0x73A65757, 0x73A91441, 0x73AB5758, 0x73B22E48,
	0x73B3403E, 0x73BB4040, 0x73C04041, 0x73C21231, 0x73C8403D, 0x73C95759, 0x73CA1B19, 0x73CD2421,
	0x73CE403F, 0x73CF575A, 0x73D6575B, 0x73D9575C, 0x73DE4044, 0x73E01C4E, 0x73E3575D, 0x73E54042,
	0x73E9575E, 0x73EA171E, 0x73ED2829, 0x73EE4043, 0x73F1405E, 0x73F84049, 0x73FE181D, 0x74031545,
	0x74054046, 0x74062D5D, 0x74075801, 0x74092E10, 0x740A5802, 0x741A5803, 0x741B5804, 0x74222256,
	0x74254048, 0x74265806, 0x74285807, 0x742A5808, 0x742B5809, 0x742C580A, 0x742E580B, 0x742F580C,
	0x7430580D, 0x7432404A, 0x74332E36, 0x74341637, 0x7435285C, 0x7436272A, 0x743A404B, 0x743F404D,
	0x74414050, 0x7444580E, 0x7446580F, 0x74475810, 0x744B5811, 0x7455404C, 0x74575812, 0x7459404F,
	0x745A184A, 0x745B112D, 0x745C4051, 0x745E1F50, 0x745F404E, 0x74602E3C, 0x74625813, 0x74634054,
	0x74645404, 0x74694052, 0x746A4055, 0x746B5814, 0x746D5815, 0x746F4047, 0x74704053, 0x74731A1C,
	0x74764056, 0x747E4057, 0x74832D5E, 0x74865816, 0x74875817, 0x74895818, 0x748B4058, 0x7490581D,
	0x74985819, 0x749C581A, 0x749E4059, 0x749F581B, 0x74A24045, 0x74A3581C, 0x74A6581E, 0x74A7405A,
	0x74A8581F, 0x74A95820, 0x74B01424, 0x74B55821, 0x74BD1C05, 0x74BF5822, 0x74C85823, 0x74C95824,
	0x74CA405B, 0x74CF405C, 0x74D4405D, 0x74DA5825, 0x74DC111B, 0x74E04101, 0x74E2291B, 0x74E34102,
	0x74E61404, 0x74E74103, 0x74E94104, 0x74EE4105, 0x74F04107, 0x74F14108, 0x74F24106, 0x74F62933,
	0x74F7410A, 0x74F84109, 0x74FF5826, 0x75015827, 0x7503410C, 0x7504410B, 0x7505410D, 0x750C410E,
	0x750D4110, 0x750E410F, 0x75111959, 0x75134112, 0x75154111, 0x75175828, 0x75181425, 0x751A1F33,
	0x751C251C, 0x751E4113, 0x751F2018, 0x75231B1A, 0x75251159, 0x75264114, 0x75282D31, 0x752B2A43,
	0x752C4115, 0x752F5829, 0x75302524, 0x75312D13, 0x75321923, 0x75331F1D, 0x7537232B, 0x75383214,
	0x753A240E, 0x753B1248, 0x753C4116, 0x75444117, 0x7546411C, 0x7549411A, 0x754A4119, 0x754B3A22,
	0x754C1306, 0x754D4118, 0x754F103A, 0x7551280A, 0x7554282A, 0x75592E11, 0x755A411D, 0x755B411B,
	0x755C233C, 0x755D2006, 0x7560280B, 0x7562290D, 0x7564411F, 0x75652E0C, 0x7566172D, 0x75674120,
	0x7569411E, 0x756A2836, 0x756B4121, 0x756D4122, 0x756F582A, 0x7570103B, 0x75731E56, 0x75744127,
	0x75764124, 0x7577264D, 0x75784123, 0x7579582B, 0x757F1506, 0x7582412A, 0x75864125, 0x75874126,
	0x75894129, 0x758A4128, 0x758B2905, 0x758E2122, 0x758F2121, 0x7591151F, 0x7592582C, 0x7594412B,
	0x759A412C, 0x759D412D, 0x75A3412F, 0x75A5412E, 0x75AB1136, 0x75B14137, 0x75B22848, 0x75B34131,
	0x75B54133, 0x75B84135, 0x75B91F1E, 0x75BC4136, 0x75BD4134, 0x75BE1C20, 0x75C24130, 0x75C34132,
	0x75C52922, 0x75C71E29, 0x75CA4139, 0x75CD4138, 0x75CE582E, 0x75D2413A, 0x75D41C06, 0x75D51A0F,
	0x75D82557, 0x75D9413B, 0x75DB242B, 0x75DE413D, 0x75E22E01, 0x75E3413C, 0x75E4582F, 0x75E92149,
	0x75F04142, 0x75F24144, 0x75F34145, 0x75F42334, 0x75FA4143, 0x75FC4140, 0x75FE413E, 0x75FF413F,
	0x76005830, 0x76014141, 0x76025831, 0x76085832, 0x76094148, 0x760B4146, 0x760D4147, 0x76155833,
	0x76165834, 0x76195835, 0x761E5836, 0x761F4149, 0x7620414B, 0x7621414C, 0x7622414D, 0x7624414E,
	0x76265E5D, 0x7627414A, 0x762D5837, 0x76304150, 0x7634414F, 0x76355838, 0x763B4151, 0x76422E25,
	0x76435839, 0x76464154, 0x76474152, 0x76484153, 0x764B583A, 0x764C1442, 0x76522C5E, 0x76562A2A,
	0x76584156, 0x765C4155, 0x76614157, 0x76624158, 0x7664583B, 0x7665583C, 0x7667415C, 0x76684159,
	0x7669415A, 0x766A415B, 0x766C415D, 0x766D583D, 0x766F583E, 0x7670415E, 0x7671583F, 0x76724201,
	0x76764202, 0x76784203, 0x767A280F, 0x767B2530, 0x767C4204, 0x767D2752, 0x767E2914, 0x76804205,
	0x76815840, 0x76834206, 0x7684250A, 0x76861307, 0x76871924, 0x76884207, 0x768B4208, 0x768E4209,
	0x76901B09, 0x7693420B, 0x7696420A, 0x7699420C, 0x769A420D, 0x769B5841, 0x769D5842, 0x769E5843,
	0x76A65844, 0x76AA5845, 0x76AE2849, 0x76B0420E, 0x76B4420F, 0x76B65846, 0x76B75349, 0x76B84210,
	0x76B94211, 0x76BA4212, 0x76BF1B0E, 0x76C24213, 0x76C32736, 0x76C55847, 0x76C62B3F, 0x76C8112E,
	0x76CA1137, 0x76CC5848, 0x76CD4214, 0x76CE5849, 0x76D24216, 0x76D4584A, 0x76D64215, 0x76D72550,
	0x76DB2019, 0x76DC3D19, 0x76DE4217, 0x76DF2C21, 0x76E14218, 0x76E31426, 0x76E42837, 0x76E54219,
	0x76E6584B, 0x76E7421A, 0x76EA421B, 0x76EE2C3C, 0x76F1584C, 0x76F22C35, 0x76F4241E, 0x76F8214A,
	0x76FB421D, 0x76FC584D, 0x76FE1D42, 0x77011E2A, 0x77044220, 0x7707421F, 0x7708421E, 0x7709285D,
	0x770A584E, 0x770B1427, 0x770C1809, 0x7719584F, 0x771B4226, 0x771E4223, 0x771F1F1F, 0x77202C12,
	0x77244222, 0x77254224, 0x77264225, 0x77294221, 0x77345850, 0x77365851, 0x77374227, 0x77384228,
	0x773A240F, 0x773C1443, 0x77402345, 0x77465852, 0x77474229, 0x774D5853, 0x774E5854, 0x775A422A,
	0x775B422D, 0x775C5855, 0x775F5856, 0x77611F47, 0x77625857, 0x77632624, 0x7765422E, 0x77662B33,
	0x7768422B, 0x776B422C, 0x77794231, 0x777A5858, 0x777E4230, 0x777F422F, 0x77805859, 0x778B4233,
	0x778E4232, 0x77914234, 0x7794585A, 0x779E4236, 0x77A04235, 0x77A52A2D, 0x77AA585B, 0x77AC1D36,
	0x77AD2E26, 0x77B04237, 0x77B32617, 0x77B64238, 0x77B94239, 0x77BB423D, 0x77BC423B, 0x77BD423C,
	0x77BF423A, 0x77C7423E, 0x77CD423F, 0x77D74240, 0x77DA4241, 0x77DB2C17, 0x77DC4242, 0x77E0585C,
	0x77E22C50, 0x77E34243, 0x77E5232E, 0x77E7274A, 0x77E9164B, 0x77ED231B, 0x77EE4244, 0x77EF161A,
	0x77F32030, 0x77FC4245, 0x78021A1D, 0x780C4246, 0x78124247, 0x78141806, 0x78151A35, 0x78204249,
	0x78252536, 0x78261A36, 0x7827152E, 0x782D585D, 0x78322B04, 0x7834272B, 0x783A2537, 0x783F193C,
	0x78435901, 0x7845424B, 0x784E5902, 0x784F5903, 0x78515904, 0x785D1E2B, 0x78685905, 0x786B2E12,
	0x786C1925, 0x786E5906, 0x786F1807, 0x78722803, 0x7874424D, 0x787C424F, 0x7881184B, 0x7886424E,
	0x78872456, 0x788C4251, 0x788D1317, 0x788E424C, 0x7891284A, 0x78931110, 0x78951A4C, 0x78972F32,
	0x789A4250, 0x78A34252, 0x78A72A2B, 0x78A92039, 0x78AA4254, 0x78AD590A, 0x78AF4255, 0x78B05908,
	0x78B54253, 0x78BA132E, 0x78BC425B, 0x78BE425A, 0x78C11C07, 0x78C5425C, 0x78C64257, 0x78CA425D,
	0x78CB4258, 0x78D02838, 0x78D14256, 0x78D44259, 0x78DA4302, 0x78E4590B, 0x78E74301, 0x78E82B41,
	0x78EC425E, 0x78EF104B, 0x78F2590C, 0x78F44304, 0x78F7590E, 0x78FD4303, 0x7900590D, 0x79011E2C,
	0x79074305, 0x790E2123, 0x79114307, 0x79124306, 0x79194308, 0x791C590F, 0x79264248, 0x792A424A,
	0x792B430A, 0x792C4309, 0x792E5910, 0x79315911, 0x79345912, 0x793A1C08, 0x793C2E49, 0x793E1C32,
	0x7940430B, 0x79411717, 0x79455915, 0x79465916, 0x79471520, 0x79481507, 0x79491B43, 0x79502D14,
	0x79534311, 0x79554310, 0x79562124, 0x7957430D, 0x795A430F, 0x795C591A, 0x795D1D2B, 0x795E1F20,
	0x795F430E, 0x7960430C, 0x7962270A, 0x79651E2D, 0x7968291C, 0x796D1A37, 0x79772558, 0x7979591E,
	0x797A4312, 0x797F4313, 0x79804329, 0x79811638, 0x79842F1D, 0x79852115, 0x798A4314, 0x798D1232,
	0x798E2457, 0x798F2A01, 0x79985922, 0x799D4315, 0x79A6155A, 0x79A74316, 0x79AA4318, 0x79AE4319,
	0x79B02709, 0x79B15923, 0x79B3431A, 0x79B85924, 0x79B9431B, 0x79BA431C, 0x79BD1639, 0x79BE1233,
	0x79BF2625, 0x79C01D08, 0x79C11B44, 0x79C85925, 0x79C9431D, 0x79CA5926, 0x79CB1D09, 0x79D1122A,
	0x79D22923, 0x79D45928, 0x79D5431E, 0x79D8284B, 0x79DE5929, 0x79DF2125, 0x79E14321, 0x79E34322,
	0x79E42749, 0x79E61F21, 0x79E7431F, 0x79E92341, 0x79EB592A, 0x79EC4320, 0x79ED592B, 0x79F01E2E,
	0x79FB103C, 0x7A001509, 0x7A03592C, 0x7A084323, 0x7A0B2458, 0x7A0D4324, 0x7A0E2027, 0x7A142C0D,
	0x7A172903, 0x7A184325, 0x7A194326, 0x7A1A2335, 0x7A1C2E27, 0x7A1F4328, 0x7A204327, 0x7A2E1C4F,
	0x7A31432A, 0x7A321050, 0x7A37432D, 0x7A39592E, 0x7A3B432B, 0x7A3C1234, 0x7A3D172E, 0x7A3E432C,
	0x7A3F1926, 0x7A401952, 0x7A422A46, 0x7A43432E, 0x7A462B34, 0x7A494330, 0x7A4D2031, 0x7A4E112F,
	0x7A4F121A, 0x7A50100C, 0x7A57432F, 0x7A5D592F, 0x7A614331, 0x7A624332, 0x7A631E57, 0x7A694333,
	0x7A6B132F, 0x7A6D5930, 0x7A704335, 0x7A74174A, 0x7A761546, 0x7A794336, 0x7A7A1655, 0x7A7D4337,
	0x7A7F205C, 0x7A81262D, 0x7A832040, 0x7A841A55, 0x7A855932, 0x7A884338, 0x7A922342, 0x7A93214B,
	0x7A95433A, 0x7A96433C, 0x7A974339, 0x7A98433B, 0x7A9F1702, 0x7AA05933, 0x7AA9433D, 0x7AAA1706,
	0x7AAE1547, 0x7AAF2D32, 0x7AB0433F, 0x7AB35935, 0x7AB64340, 0x7ABA110E, 0x7ABB5936, 0x7ABF4343,
	0x7AC31356, 0x7AC44342, 0x7AC54341, 0x7AC74345, 0x7AC8433E, 0x7ACA4346, 0x7ACB2E09, 0x7ACD4347,
	0x7ACE5937, 0x7ACF4348, 0x7AD23454, 0x7AD3434A, 0x7AD54349, 0x7AD9434B, 0x7ADA434C, 0x7ADC2E15,
	0x7ADD434D, 0x7ADF504F, 0x7AE01E2F, 0x7AE1434E, 0x7AE2434F, 0x7AE31D37, 0x7AE52618, 0x7AE64350,
	0x7AEA2308, 0x7AEB5938, 0x7AED4351, 0x7AEF231C, 0x7AF04352, 0x7AF61605, 0x7AF8311F, 0x7AF9233D,
	0x7AFA1C13, 0x7AFD5939, 0x7AFF1428, 0x7B024353, 0x7B044402, 0x7B064356, 0x7B081548, 0x7B0A4355,
	0x7B0B4404, 0x7B0F4354, 0x7B111E30, 0x7B12593A, 0x7B184358, 0x7B194359, 0x7B1B250B, 0x7B1E435A,
	0x7B20133E, 0x7B251F3A, 0x7B262944, 0x7B28435C, 0x7B2C2248, 0x7B2D593B, 0x7B334357, 0x7B35435B,
	0x7B36435D, 0x7B391A5B, 0x7B3B593C, 0x7B454406, 0x7B46290E, 0x7B47593D, 0x7B482806, 0x7B492559,
	0x7B4B163A, 0x7B4C4405, 0x7B4D4403, 0x7B4E593E, 0x7B4F2815, 0x7B50435E, 0x7B51233E, 0x7B52255B,
	0x7B54255A, 0x7B561A56, 0x7B5D4418, 0x7B60593F, 0x7B654408, 0x7B67440A, 0x7B6C440D, 0x7B6D5940,
	0x7B6E440E, 0x7B6F5941, 0x7B70440B, 0x7B71440C, 0x7B725942, 0x7B744409, 0x7B754407, 0x7B7A4401,
	0x7B862A2F, 0x7B871235, 0x7B8B4415, 0x7B8D4412, 0x7B8F4417, 0x7B924416, 0x7B942753, 0x7B952C07,
	0x7B971B1B, 0x7B984410, 0x7B994419, 0x7B9A4414, 0x7B9C4413, 0x7B9D440F, 0x7B9E5943, 0x7B9F4411,
	0x7BA11429, 0x7BAA231D, 0x7BAD205D, 0x7BB12802, 0x7BB4441E, 0x7BB82804, 0x7BC02041, 0x7BC1441B,
	0x7BC4282F, 0x7BC6441F, 0x7BC72A33, 0x7BC9233B, 0x7BCB441A, 0x7BCC441C, 0x7BCF441D, 0x7BD75945,
	0x7BD95946, 0x7BDD4420, 0x7BE01C24, 0x7BE42626, 0x7BE54425, 0x7BE64424, 0x7BE94421, 0x7BED2F16,
	0x7BF3442A, 0x7BF6442E, 0x7BF7442B, 0x7C004427, 0x7C015947, 0x7C074428, 0x7C0D442D, 0x7C114422,
	0x7C123235, 0x7C134429, 0x7C144423, 0x7C17442C, 0x7C1E5949, 0x7C1F4432, 0x7C20594A, 0x7C21142A,
	0x7C23442F, 0x7C274430, 0x7C2A4431, 0x7C2B4434, 0x7C315948, 0x7C33594B, 0x7C36594C, 0x7C374433,
	0x7C382856, 0x7C3D4435, 0x7C3E2E5C, 0x7C3F2A4D, 0x7C40443A, 0x7C434437, 0x7C4C4436, 0x7C4D2032,
	0x7C4F4439, 0x7C50443B, 0x7C544438, 0x7C56443F, 0x7C58443C, 0x7C59594F, 0x7C5F443D, 0x7C604426,
	0x7C64443E, 0x7C654440, 0x7C6C4441, 0x7C6D5950, 0x7C732A26, 0x7C754442, 0x7C795951, 0x7C7E2C42,
	0x7C81162E, 0x7C821709, 0x7C834443, 0x7C892A14, 0x7C8B1F48, 0x7C8D2C10, 0x7C8F5952, 0x7C904444,
	0x7C922E13, 0x7C945953, 0x7C952754, 0x7C972126, 0x7C982714, 0x7C9B1D2D, 0x7C9F1020, 0x7CA05954,
	0x7CA14449, 0x7CA24447, 0x7CA44445, 0x7CA51401, 0x7CA71E31, 0x7CA8444A, 0x7CAB4448, 0x7CAD4446,
	0x7CAE444E, 0x7CB1444D, 0x7CB2444C, 0x7CB3444B, 0x7CB9444F, 0x7CBC5955, 0x7CBD4450, 0x7CBE201A,
	0x7CC04451, 0x7CC24453, 0x7CC54452, 0x7CCA1832, 0x7CCE2118, 0x7CD24455, 0x7CD55956, 0x7CD6255C,
	0x7CD84454, 0x7CD95957, 0x7CDC4456, 0x7CDD5958, 0x7CDE2A15, 0x7CDF214C, 0x7CE01927, 0x7CE24457,
	0x7CE72E28, 0x7CEF4459, 0x7CF2445A, 0x7CF4445B, 0x7CF6445C, 0x7CF81B45, 0x7CFA445D, 0x7CFB172F,
	0x7CFE154A, 0x7D00150A, 0x7D024501, 0x7D042C53, 0x7D051928, 0x7D06445E, 0x7D075959, 0x7D08595A,
	0x7D0A4504, 0x7D0B2C46, 0x7D0D271C, 0x7D102913, 0x7D13595B, 0x7D141D43, 0x7D154503, 0x7D171C33,
	0x7D181929, 0x7D191B46, 0x7D1A1549, 0x7D1B2A16, 0x7D1C4502, 0x7D1D595C, 0x7D202127, 0x7D212B22,
	0x7D221A57, 0x7D23595D, 0x7D2B1B47, 0x7D2C243D, 0x7D2E4507, 0x7D2F2E3F, 0x7D301A39, 0x7D31595E,
	0x7D324508, 0x7D331F22, 0x7D35450A, 0x7D391E32, 0x7D3A1A10, 0x7D3F4509, 0x7D415A01, 0x7D421D0A,
	0x7D43181E, 0x7D442128, 0x7D454505, 0x7D46450B, 0x7D485A02, 0x7D4B4506, 0x7D4C1730, 0x7D4E450E,
	0x7D4F4512, 0x7D50174B, 0x7D535A03, 0x7D56450D, 0x7D5B4516, 0x7D5C5A04, 0x7D5E192A, 0x7D612D4D,
	0x7D62101C, 0x7D634513, 0x7D66154B, 0x7D684510, 0x7D6E4511, 0x7D71255D, 0x7D72450F, 0x7D73450C,
	0x7D751308, 0x7D762044, 0x7D791808, 0x7D7A5A05, 0x7D7D4518, 0x7D835A06, 0x7D894515, 0x7D8B5A07,
	0x7D8F4517, 0x7D934514, 0x7D991731, 0x7D9A2213, 0x7D9B4519, 0x7D9C214E, 0x7D9F4526, 0x7DA05A08,
	0x7DA24522, 0x7DA3451C, 0x7DA65A09, 0x7DAB4520, 0x7DAC1C5A, 0x7DAD103D, 0x7DAE451B, 0x7DAF4523,
	0x7DB04527, 0x7DB1192B, 0x7DB22C36, 0x7DB42436, 0x7DB5451D, 0x7DB84525, 0x7DBA451A, 0x7DBB231E,
	0x7DBD451F, 0x7DBE101D, 0x7DBF2C2A, 0x7DC25A0A, 0x7DC7451E, 0x7DCA163B, 0x7DCB284C, 0x7DCC5A0B,
	0x7DCF214D, 0x7DD12E30, 0x7DD21D4F, 0x7DD5454E, 0x7DD65A0C, 0x7DD84528, 0x7DDA205E, 0x7DDC4524,
	0x7DDD4529, 0x7DDE452B, 0x7DE02459, 0x7DE1452E, 0x7DE35A0D, 0x7DE4452A, 0x7DE82A34, 0x7DE9142B,
	0x7DEC2C2B, 0x7DEF103E, 0x7DF2452D, 0x7DF42E5D, 0x7DFB452C, 0x7E01114F, 0x7E04264C, 0x7E05452F,
	0x7E085A10, 0x7E094536, 0x7E0A4530, 0x7E0B4537, 0x7E115A11, 0x7E124533, 0x7E155A12, 0x7E1B275B,
	0x7E1E1C2A, 0x7E1F4535, 0x7E214532, 0x7E224538, 0x7E234531, 0x7E261D24, 0x7E285A0F, 0x7E2B2B05,
	0x7E2E1D2C, 0x7E314534, 0x7E324540, 0x7E35453C, 0x7E37453F, 0x7E39453D, 0x7E3A4541, 0x7E3B453B,
	0x7E3D4521, 0x7E3E2033, 0x7E41282B, 0x7E43453E, 0x7E464539, 0x7E475A14, 0x7E4A2101, 0x7E4B1732,
	0x7E4D1D0B, 0x7E525A15, 0x7E541F05, 0x7E552116, 0x7E564544, 0x7E594546, 0x7E5A4547, 0x7E5D4543,
	0x7E5E4545, 0x7E615A16, 0x7E66453A, 0x7E674542, 0x7E69454A, 0x7E6A4549, 0x7E6B5E5E, 0x7E6D2B5A,
	0x7E70170B, 0x7E794548, 0x7E7B454C, 0x7E7C454B, 0x7E7D454F, 0x7E7F4551, 0x7E821B1C, 0x7E83454D,
	0x7E884552, 0x7E894553, 0x7E8A5A17, 0x7E8C4554, 0x7E8D5A18, 0x7E8E455A, 0x7E8F251B, 0x7E904556,
	0x7E924555, 0x7E934557, 0x7E944558, 0x7E964559, 0x7E9B455B, 0x7E9C455C, 0x7F36142C, 0x7F38455D,
	0x7F3A455E, 0x7F454601, 0x7F475A19, 0x7F4C4602, 0x7F4D4603, 0x7F4E4604, 0x7F504605, 0x7F514606,
	0x7F544608, 0x7F554607, 0x7F584609, 0x7F5F460A, 0x7F60460B, 0x7F67460E, 0x7F68460C, 0x7F69460D,
	0x7F6A1A41, 0x7F6B1733, 0x7F6E2336, 0x7F702813, 0x7F721D50, 0x7F75272D, 0x7F77284D, 0x7F78460F,
	0x7F79384D, 0x7F824610, 0x7F834612, 0x7F852D45, 0x7F864611, 0x7F874614, 0x7F884613, 0x7F8A2D33,
	0x7F8C4615, 0x7F8E285E, 0x7F915A1B, 0x7F944616, 0x7F975A1C, 0x7F9A4619, 0x7F9D4618, 0x7F9E4617,
	0x7FA3461A, 0x7FA41712, 0x7FA82102, 0x7FA91521, 0x7FAE461E, 0x7FAF461B, 0x7FB2461C, 0x7FB6461F,
	0x7FB84620, 0x7FB9461D, 0x7FBD1109, 0x7FBF5A1D, 0x7FC11207, 0x7FC54622, 0x7FC64623, 0x7FCA4624,
	0x7FCC2D42, 0x7FCE5A1E, 0x7FD21D0C, 0x7FD44626, 0x7FD54625, 0x7FDB5A1F, 0x7FDF5A20, 0x7FE01F49,
	0x7FE14627, 0x7FE64628, 0x7FE94629, 0x7FEB1445, 0x7FEC5A21, 0x7FEE5A22, 0x7FF0142D, 0x7FF3462A,
	0x7FF9462B, 0x7FFA5A23, 0x7FFB2B3D, 0x7FFC2D43, 0x80002D34, 0x80012F17, 0x8003192D, 0x8004462E,
	0x80051C34, 0x8006462D, 0x800B462F, 0x800C1C09, 0x80102231, 0x80124630, 0x80145A25, 0x8015192C,
	0x80172C37, 0x80184631, 0x80194632, 0x801C4633, 0x80214634, 0x80265A26, 0x80284635, 0x80331C0A,
	0x80355A27, 0x80362C4D, 0x80375A28, 0x803B4637, 0x803C5A29, 0x803D231F, 0x803F4636, 0x80464639,
	0x804A4638, 0x8052463A, 0x8056201B, 0x8058463B, 0x805A463C, 0x805E2A19, 0x805F463D, 0x8061214F,
	0x8062463E, 0x8068463F, 0x806F2E5E, 0x80704642, 0x80724641, 0x80734640, 0x80742410, 0x80764643,
	0x80771F06, 0x80794644, 0x807D4645, 0x807E2F18, 0x807F4646, 0x80844647, 0x80854649, 0x80864648,
	0x80872805, 0x80892659, 0x808B2F1E, 0x808C2809, 0x8093464B, 0x80961E33, 0x8098290A, 0x809A464C,
	0x809B464A, 0x809D142E, 0x80A11834, 0x80A21B48, 0x80A5284E, 0x80A9180A, 0x80AA2B23, 0x80AC464F,
	0x80AD464D, 0x80AF192E, 0x80B1192F, 0x80B21049, 0x80B41A48, 0x80BA2739, 0x80C3103F, 0x80C44654,
	0x80C62320, 0x80CA5A2A, 0x80CC2738, 0x80CE223B, 0x80D64656, 0x80D75A2B, 0x80D94652, 0x80DA4655,
	0x80DB4650, 0x80DD4653, 0x80DE2B06, 0x80E05A2C, 0x80E11835, 0x80E4105D, 0x80E54651, 0x80EF4658,
	0x80F14659, 0x80F35A2D, 0x80F42619, 0x80F8161B, 0x80FC4706, 0x80FD271D, 0x81021B49, 0x8105161C,
	0x81062028, 0x81072F26, 0x81082C0E, 0x81094657, 0x810A2034, 0x81185A2E, 0x811A1533, 0x811B465A,
	0x8123465C, 0x8129465B, 0x812F465D, 0x81312306, 0x8133271E, 0x81392411, 0x813E4703, 0x81464702,
	0x814A5A2F, 0x814B465E, 0x814E1F35, 0x81502945, 0x81514705, 0x81534704, 0x81541930, 0x81552F33,
	0x815F4715, 0x81605A30, 0x81654709, 0x8166470A, 0x81675A31, 0x81685A32, 0x816B1C50, 0x816D5A33,
	0x816E4708, 0x81701958, 0x81714707, 0x8174470B, 0x81782412, 0x81792A02, 0x817A2103, 0x817F223C,
	0x8180470F, 0x81824710, 0x8183470C, 0x8188470D, 0x818A470E, 0x818F1931, 0x81934716, 0x81954712,
	0x819A2946, 0x819C2B4C, 0x819D2908, 0x81A04711, 0x81A34714, 0x81A44713, 0x81A82B24, 0x81A94717,
	0x81B04718, 0x81B32117, 0x81B54719, 0x81B8471B, 0x81BA471F, 0x81BB5A34, 0x81BD471C, 0x81BE471A,
	0x81BF271F, 0x81C0471D, 0x81C2471E, 0x81C61212, 0x81C84725, 0x81C94720, 0x81CA5A35, 0x81CD4721,
	0x81CF5A36, 0x81D14722, 0x81D32201, 0x81D75A37, 0x81D84724, 0x81D94723, 0x81DA4726, 0x81DF4727,
	0x81E04728, 0x81E31F23, 0x81E51249, 0x81E74729, 0x81E82E37, 0x81EA1C0B, 0x81ED1D0D, 0x81F31B4A,
	0x81F42337, 0x81FA472A, 0x81FB472B, 0x81FC1111, 0x81FE472C, 0x8201472D, 0x8202472E, 0x8205472F,
	0x82074730, 0x8208161D, 0x82093A0A, 0x820A4731, 0x820C2045, 0x820D4732, 0x820E1C2B, 0x82104733,
	0x82123010, 0x82164734, 0x82172A3E, 0x8218143C, 0x821B2104, 0x821C1D38, 0x821E2951, 0x821F1D0E,
	0x82294735, 0x822A1932, 0x822B4736, 0x822C282C, 0x822E4744, 0x82334738, 0x82352229, 0x82362755,
	0x8237181F, 0x82384737, 0x82392105, 0x82404739, 0x8247245A, 0x8258473B, 0x8259473A, 0x825A473D,
	0x825D473C, 0x825F473E, 0x82605A3B, 0x82624740, 0x8264473F, 0x8266142F, 0x82684741, 0x826A4742,
	0x826B4743, 0x826E1A11, 0x826F2E29, 0x82714745, 0x82721F07, 0x82745A3C, 0x82761150, 0x82774746,
	0x82784747, 0x827E4748, 0x828B1052, 0x828D4749, 0x828E5A3E, 0x8292474A, 0x82992947, 0x829D1C27,
	0x829F474C, 0x82A15A3F, 0x82A35A40, 0x82A45A41, 0x82A51309, 0x82A61012, 0x82A95A42, 0x82AB474B,
	0x82AC474E, 0x82AD272E, 0x82AE5A43, 0x82AF1F24, 0x82B11236, 0x82B32B07, 0x82B75A44, 0x82B8173D,
	0x82B9163C, 0x82BB474D, 0x82BD124A, 0x82BE5A45, 0x82BF5A46, 0x82C51403, 0x82C65A47, 0x82D11151,
	0x82D24752, 0x82D32E4A, 0x82D4223D, 0x82D55A48, 0x82D72924, 0x82D9475E, 0x82DB1237, 0x82DC475C,
	0x82DE475A, 0x82DF4751, 0x82E1474F, 0x82E34750, 0x82E51C43, 0x82E6164C, 0x82E72357, 0x82EB2631,
	0x82F11131, 0x82F34754, 0x82F44753, 0x82F94759, 0x82FA4755, 0x82FB4758, 0x82FD5A49, 0x82FE5A4A,
	0x83005A4B, 0x83015A4C, 0x83022C30, 0x83034757, 0x83041238, 0x8305135D, 0x8306475B, 0x8309475D,
	0x830E1734, 0x83164803, 0x8317480C, 0x8318480D, 0x831C100B, 0x83225A4E, 0x83234814, 0x83281051,
	0x832B480B, 0x832D5A4F, 0x832F480A, 0x83314805, 0x83324804, 0x83344802, 0x83354801, 0x83362343,
	0x8338225B, 0x83394807, 0x833A5A50, 0x83404806, 0x83435A51, 0x83454809, 0x83475A52, 0x83492150,
	0x834A1735, 0x834F1121, 0x83504808, 0x83515A53, 0x83521933, 0x83555A54, 0x83582151, 0x83625A4D,
	0x8373481A, 0x8375481B, 0x83771239, 0x837B120E, 0x837C4818, 0x837D5A55, 0x8385480E, 0x83865A56,
	0x83874816, 0x8389481D, 0x838A4817, 0x838E4815, 0x83925A57, 0x83934756, 0x83964813, 0x83985A58,
	0x839A480F, 0x839E1430, 0x839F4811, 0x83A0481C, 0x83A24812, 0x83A75A59, 0x83A8481E, 0x83A95A5A,
	0x83AA4810, 0x83AB275C, 0x83B12D49, 0x83B54819, 0x83BD482F, 0x83BF5A5B, 0x83C05A5C, 0x83C14827,
	0x83C51F5B, 0x83C75A5D, 0x83CA1526, 0x83CC163D, 0x83CE4822, 0x83CF5A5E, 0x83D15B01, 0x83D3123B,
	0x83D61E34, 0x83D84825, 0x83DC1A3A, 0x83DF2531, 0x83E0482A, 0x83E15B02, 0x83E92A4E, 0x83EA5B03,
	0x83EB4821, 0x83EF123A, 0x83F01836, 0x83F12909, 0x83F2482B, 0x83F4481F, 0x83F74828, 0x83FB4832,
	0x83FD4823, 0x84015B04, 0x84034824, 0x8404261A, 0x84065B05, 0x84074829, 0x840A5B06, 0x840B4826,
	0x840C2B08, 0x840D482C, 0x840E1040, 0x84134820, 0x8420482E, 0x8422482D, 0x8429274B, 0x842A4834,
	0x842C483F, 0x8431135E, 0x84354842, 0x84384830, 0x843C4835, 0x843D2D4E, 0x8446483E, 0x84485B08,
	0x84492D35, 0x844E2E0A, 0x84572358, 0x845B134B, 0x845F5B09, 0x84612952, 0x84624844, 0x84632601,
	0x84661011, 0x8469483D, 0x846B4839, 0x846C2152, 0x846D4833, 0x846E483B, 0x846F4840, 0x84705B0A,
	0x8471270C, 0x84735B0B, 0x8475100A, 0x84774838, 0x84794841, 0x847A2958, 0x8482483C, 0x84844837,
	0x84855B0C, 0x848B1E35, 0x84901D0F, 0x84941C0C, 0x84992C38, 0x849C2927, 0x849E5B0D, 0x849F4847,
	0x84A14850, 0x84AD483A, 0x84AF5B0E, 0x84B21357, 0x84B45B0F, 0x84B81E58, 0x84B94845, 0x84BA5B10,
	0x84BB484A, 0x84BC2153, 0x84BF4846, 0x84C05B11, 0x84C1484D, 0x84C25B12, 0x84C4233F, 0x84C6484E,
	0x84C92D36, 0x84CA4843, 0x84CB1318, 0x84CD4849, 0x84D0484C, 0x84D12C0C, 0x84D6484F, 0x84D94848,
	0x84DA484B, 0x84EC2B09, 0x84EE2F01, 0x84F44853, 0x84FC485A, 0x84FF4852, 0x85001C23, 0x85064831,
	0x85112A2E, 0x85132C02, 0x85144859, 0x85154858, 0x85174854, 0x85184855, 0x851A1116, 0x851E5B15,
	0x851F4857, 0x85214851, 0x85235B16, 0x85262435, 0x852C4856, 0x852D105E, 0x852F5B17, 0x85325B14,
	0x85352202, 0x853D2A23, 0x8540485B, 0x85414901, 0x85432839, 0x8548485E, 0x85491E36, 0x854A1C29,
	0x854B4903, 0x854E161E, 0x85554904, 0x85572959, 0x8558485D, 0x85595B18, 0x855A4836, 0x8563485C,
	0x85645B19, 0x85682F2F, 0x85692602, 0x856A2953, 0x856D490B, 0x85774911, 0x857A5B1C, 0x857E4912,
	0x85804905, 0x85842756, 0x8587490F, 0x85884907, 0x858A4909, 0x858C5B1D, 0x858F5B1E, 0x85904913,
	0x85914908, 0x8594490C, 0x85971152, 0x85992645, 0x859B490D, 0x859C4910, 0x85A25B1F, 0x85A44906,
	0x85A62106, 0x85A8490A, 0x85A91B07, 0x85AA1F25, 0x85AB1710, 0x85AC2C54, 0x85AD5B1B, 0x85AE2C59,
	0x85AF1D52, 0x85B05B20, 0x85B94917, 0x85BA4915, 0x85C12F2E, 0x85C94914, 0x85CB5B21, 0x85CD2D55,
	0x85CE5B22, 0x85CF4916, 0x85D04918, 0x85D54919, 0x85DC491C, 0x85DD491A, 0x85E42603, 0x85E5491B,
	0x85E9282D, 0x85EA490E, 0x85ED5B23, 0x85F71D53, 0x85F9491D, 0x85FA4922, 0x85FB2154, 0x85FE4921,
	0x85FF5B25, 0x86024902, 0x86045B26, 0x86055B27, 0x86064923, 0x86072129, 0x860A491E, 0x860B4920,
	0x86105B28, 0x86125B24, 0x8613491F, 0x86163D11, 0x86173D02, 0x86185B2A, 0x861A4925, 0x86224924,
	0x86295B2B, 0x862D2D56, 0x862F421C, 0x86304926, 0x86385B2C, 0x863F4927, 0x86410F48, 0x864D4928,
	0x864E1837, 0x86501534, 0x8654492A, 0x8655313D, 0x86575B2D, 0x865A1555, 0x865B5B2E, 0x865C2E1A,
	0x865E1653, 0x865F492B, 0x86625B30, 0x8667492C, 0x866B234E, 0x866C5B32, 0x8671492D, 0x86755B33,
	0x8679265A, 0x867B101A, 0x868A1243, 0x868B4932, 0x868C4933, 0x8693492E, 0x86951B1D, 0x86985B34,
	0x86A3492F, 0x86A42722, 0x86A94930, 0x86AA4931, 0x86AB493B, 0x86AF4935, 0x86B04938, 0x86B64934,
	0x86B85B35, 0x86C44936, 0x86C64937, 0x86C71C38, 0x86C94939, 0x86CB2321, 0x86CD1736, 0x86CE1322,
	0x86D4493C, 0x86D9131F, 0x86DB4941, 0x86DE493D, 0x86DF4940, 0x86E4281A, 0x86E9493E, 0x86EC493F,
	0x86ED2928, 0x86EE283A, 0x86EF4942, 0x86F8225D, 0x86F9494C, 0x86FA5B36, 0x86FB4948, 0x86FC5B37,
	0x86FD5B38, 0x86FE124B, 0x87004946, 0x87022B0A, 0x87034947, 0x87064944, 0x87084945, 0x8709494A,
	0x870A494D, 0x870B5B39, 0x870D494B, 0x87114949, 0x87124943, 0x87182338, 0x871A4954, 0x871C2C0A,
	0x87254952, 0x87294953, 0x8734494E, 0x87374950, 0x873B4951, 0x873F494F, 0x87492046, 0x874B2F19,
	0x874C4958, 0x874E4959, 0x87534A01, 0x87551F0A, 0x8757495B, 0x8759495E, 0x875F4956, 0x87604955,
	0x87634A02, 0x8766123C, 0x8768495C, 0x876A4A03, 0x876E495D, 0x87715B3A, 0x8774495A, 0x87762413,
	0x87784957, 0x877F2748, 0x87824A07, 0x87875B3B, 0x87885B3C, 0x878D2D1B, 0x879F4A06, 0x87A24A05,
	0x87AB4A0E, 0x87AC5B3D, 0x87AD5B3E, 0x87AF4A08, 0x87B34A10, 0x87B55B3F, 0x87BA2D46, 0x87BB4A13,
	0x87BD4A0A, 0x87C04A0B, 0x87C44A0F, 0x87C64A12, 0x87C74A11, 0x87CB4A09, 0x87D04A0C, 0x87D24A1D,
	0x87D65B41, 0x87E04A16, 0x87EC5B42, 0x87EF4A14, 0x87F24A15, 0x87F64A1A, 0x87F74A1B, 0x87F9130A,
	0x87FB1522, 0x87FE4A19, 0x88054A04, 0x88065B43, 0x880A5B44, 0x880D4A18, 0x880E4A1C, 0x880F4A17,
	0x88105B45, 0x88114A1E, 0x88145B46, 0x88154A20, 0x88164A1F, 0x881F5B47, 0x88214A22, 0x88224A21,
	0x8823493A, 0x88274A26, 0x88314A23, 0x88364A24, 0x88394A25, 0x883B4A27, 0x8840174C, 0x88424A29,
	0x88444A28, 0x88461D10, 0x884C1934, 0x884D3E07, 0x88524A2A, 0x88531D31, 0x88571319, 0x88594A2B,
	0x885B1132, 0x885D1E37, 0x885E4A2C, 0x88611935, 0x88624A2D, 0x88631041, 0x8868291D, 0x886B4A2E,
	0x88701F4A, 0x88724A35, 0x88754A32, 0x8877234F, 0x887D4A33, 0x887E4A30, 0x887F163E, 0x88814A2F,
	0x88824A36, 0x88881716, 0x888B223E, 0x888D4A3C, 0x88924A38, 0x88962215, 0x88974A37, 0x88985B48,
	0x88994A3A, 0x889E4A31, 0x88A24A3B, 0x88A44A3D, 0x88AA5B49, 0x88AB284F, 0x88AE4A39, 0x88B04A3E,
	0x88B14A40, 0x88B41833, 0x88B54A34, 0x88B71021, 0x88BF4A3F, 0x88C11A3B, 0x88C22E56, 0x88C34A41,
	0x88C44A42, 0x88C52155, 0x88CA5B4A, 0x88CE5B4B, 0x88CF2E02, 0x88D44A43, 0x88D52D15, 0x88D84A44,
	0x88D94A45, 0x88DC2A44, 0x88DD4A46, 0x88DF1A20, 0x88E12E03, 0x88E84A4B, 0x88F24A4C, 0x88F31E38,
	0x88F44A4A, 0x88F55B4D, 0x88F82D47, 0x88F94A47, 0x88FC4A49, 0x88FD201D, 0x88FE1F5E, 0x89024A48,
	0x89044A4D, 0x89072A03, 0x890A4A4F, 0x890C4A4E, 0x8910134C, 0x89122B0B, 0x89134A50, 0x89185B50,
	0x89195B51, 0x891A5B52, 0x891C5B4E, 0x891D4A5C, 0x891E4A52, 0x89254A53, 0x89275B53, 0x892A4A54,
	0x892B4A55, 0x89305B54, 0x89325B55, 0x89364A59, 0x89384A5A, 0x89395B56, 0x893B4A58, 0x89405B57,
	0x89414A56, 0x89434A51, 0x89444A57, 0x894C4A5B, 0x894D5017, 0x89561208, 0x895E4A5E, 0x895F163F,
	0x89604A5D, 0x89644B02, 0x89664B01, 0x896A4B04, 0x896D4B03, 0x896F4B05, 0x89721D11, 0x89744B06,
	0x89774B07, 0x897E4B08, 0x897F201E, 0x89812D37, 0x89834B09, 0x89862A04, 0x89872726, 0x89884B0A,
	0x898A4B0B, 0x898B180B, 0x898F150C, 0x89934B0C, 0x89945B58, 0x89961B4B, 0x89972721, 0x89984B0D,
	0x899A1330, 0x89A14B0E, 0x89A64B10, 0x89A72D57, 0x89A94B0F, 0x89AA1F26, 0x89AC4B11, 0x89AF4B12,
	0x89B24B13, 0x89B31431, 0x89BA4B14, 0x89BD4B15, 0x89BF4B16, 0x89C04B17, 0x89D21331, 0x89D45B5A,
	0x89DA4B18, 0x89DC4B19, 0x89DD4B1A, 0x89E31252, 0x89E55B5B, 0x89E61F08, 0x89E74B1B, 0x89F44B1C,
	0x89F65B5C, 0x89F84B1D, 0x8A001820, 0x8A02245B, 0x8A034B1E, 0x8A081737, 0x8A0A1F36, 0x8A0C4B21,
	0x8A0E2604, 0x8A104B20, 0x8A125B5D, 0x8A131711, 0x8A155B5E, 0x8A164B1F, 0x8A172257, 0x8A18150D,
	0x8A1B4B22, 0x8A1D4B23, 0x8A1F1E39, 0x8A225C01, 0x8A23174D, 0x8A254B24, 0x8A2A2B0C, 0x8A2D203F,
	0x8A311556, 0x8A332C55, 0x8A34212A, 0x8A364B25, 0x8A375C02, 0x8A3A1F27, 0x8A3B2350, 0x8A3C1E3A,
	0x8A414B26, 0x8A464B29, 0x8A475C03, 0x8A484B2A, 0x8A4E5C04, 0x8A501A1E, 0x8A512222, 0x8A524B28,
	0x8A541E3B, 0x8A55291E, 0x8A5B4B27, 0x8A5D5C05, 0x8A5E1B4C, 0x8A601133, 0x8A615C06, 0x8A624B2E,
	0x8A631738, 0x8A661B4E, 0x8A691B4D, 0x8A6B2F2D, 0x8A6C4B2D, 0x8A6D4B2C, 0x8A6E2107, 0x8A70152D,
	0x8A712F23, 0x8A72131A, 0x8A731E3C, 0x8A755C07, 0x8A795C08, 0x8A7C4B2B, 0x8A824B30, 0x8A844B31,
	0x8A854B2F, 0x8A871838, 0x8A892D20, 0x8A8C1B4F, 0x8A8D2707, 0x8A914B34, 0x8A932020, 0x8A952322,
	0x8A982D16, 0x8A9A4B37, 0x8A9E184C, 0x8AA0201F, 0x8AA14B33, 0x8AA34B38, 0x8AA4184D, 0x8AA54B35,
	0x8AA64B36, 0x8AA75C09, 0x8AA84B32, 0x8AAC2042, 0x8AAD2629, 0x8AB0230F, 0x8AB2123D, 0x8AB92850,
	0x8ABC1523, 0x8ABF2414, 0x8AC24B3B, 0x8AC44B39, 0x8AC7232C, 0x8ACB2021, 0x8ACC1432, 0x8ACD4B3A,
	0x8ACF1F3B, 0x8AD05C0A, 0x8AD22E2A, 0x8AD62F20, 0x8ADA4B3C, 0x8ADB4B47, 0x8ADC2415, 0x8ADE4B46,
	0x8ADF5C0B, 0x8AE04B43, 0x8AE14B4B, 0x8AE24B44, 0x8AE44B40, 0x8AE6245C, 0x8AE74B3F, 0x8AEB4B3D,
	0x8AED2D01, 0x8AEE1B50, 0x8AF14B41, 0x8AF34B3E, 0x8AF45C0C, 0x8AF65C0D, 0x8AF74B45, 0x8AF81D54,
	0x8AFA1821, 0x8AFE225A, 0x8B002B25, 0x8B01113A, 0x8B021042, 0x8B042605, 0x8B074B49, 0x8B0C4B48,
	0x8B0E2646, 0x8B104B4D, 0x8B144B42, 0x8B164B4C, 0x8B174B4E, 0x8B19180C, 0x8B1A4B4A, 0x8B1B1936,
	0x8B1D1C35, 0x8B204B4F, 0x8B212D38, 0x8B264B52, 0x8B284B55, 0x8B2B4B53, 0x8B2C2915, 0x8B334B50,
	0x8B391640, 0x8B3E4B54, 0x8B414B56, 0x8B465C11, 0x8B494B5A, 0x8B4C4B57, 0x8B4E4B59, 0x8B4F4B58,
	0x8B545C12, 0x8B564B5B, 0x8B581C11, 0x8B595C13, 0x8B5A4B5D, 0x8B5B4B5C, 0x8B5C2948, 0x8B5F4C01,
	0x8B661739, 0x8B695C14, 0x8B6B4B5E, 0x8B6C4C02, 0x8B6F4C03, 0x8B701524, 0x8B714621, 0x8B721E59,
	0x8B744C04, 0x8B77184E, 0x8B7D4C05, 0x8B804C06, 0x8B831B1E, 0x8B8A3A2E, 0x8B8C4C07, 0x8B8E4C08,
	0x8B901D12, 0x8B924C09, 0x8B934C0A, 0x8B964C0B, 0x8B994C0C, 0x8B9A4C0D, 0x8B9D5C15, 0x8C37230B,
	0x8C3A4C0E, 0x8C3F4C10, 0x8C414C0F, 0x8C462606, 0x8C484C11, 0x8C495C16, 0x8C4A2B0D, 0x8C4C4C12,
	0x8C4E4C13, 0x8C504C14, 0x8C554C15, 0x8C5A263A, 0x8C611E3D, 0x8C624C16, 0x8C685C17, 0x8C6A194B,
	0x8C6B300E, 0x8C6C4C17, 0x8C784C18, 0x8C79291F, 0x8C7A4C19, 0x8C7C4C21, 0x8C824C1A, 0x8C854C1C,
	0x8C894C1B, 0x8C8A4C1D, 0x8C8C2B26, 0x8C8D4C1E, 0x8C8E4C1F, 0x8C944C20, 0x8C984C22, 0x8C9D130D,
	0x8C9E2447, 0x8CA02949, 0x8CA11A42, 0x8CA21937, 0x8CA7292F, 0x8CA8123F, 0x8CA9282E, 0x8CAA4C25,
	0x8CAB1433, 0x8CAC2035, 0x8CAD4C24, 0x8CAE4C29, 0x8CAF2359, 0x8CB02C43, 0x8CB24C27, 0x8CB34C28,
	0x8CB4150E, 0x8CB64C2A, 0x8CB72743, 0x8CB8223F, 0x8CBB2851, 0x8CBC251D, 0x8CBD4C26, 0x8CBF2B27,
	0x8CC0124C, 0x8CC14C2C, 0x8CC22F08, 0x8CC32422, 0x8CC42F25, 0x8CC71B51, 0x8CC84C2B, 0x8CCA2211,
	0x8CCD4C3C, 0x8CCE2108, 0x8CD12658, 0x8CD32930, 0x8CDA4C2F, 0x8CDB1B1F, 0x8CDC1B52, 0x8CDE1E3E,
	0x8CE02745, 0x8CE15C19, 0x8CE2180D, 0x8CE34C2E, 0x8CE44C2D, 0x8CE6294A, 0x8CEA1C21, 0x8CED2532,
	0x8CF45C1A, 0x8CF85C1B, 0x8CFA4C31, 0x8CFB4C32, 0x8CFC1938, 0x8CFD4C30, 0x8CFE5C1C, 0x8D044C33,
	0x8D054C34, 0x8D074C36, 0x8D082203, 0x8D0A4C35, 0x8D0B1446, 0x8D0D4C38, 0x8D0F4C37, 0x8D104C39,
	0x8D125C1E, 0x8D134C3B, 0x8D144C3D, 0x8D164C3E, 0x8D1B5C1F, 0x8D642036, 0x8D661C2F, 0x8D674C3F,
	0x8D6B1332, 0x8D6D4C40, 0x8D702156, 0x8D714C41, 0x8D734C42, 0x8D74294B, 0x8D77150F, 0x8D814C43,
	0x8D852416, 0x8D8A113B, 0x8D994C44, 0x8DA31C51, 0x8DA81F56, 0x8DAF5C20, 0x8DB3220D, 0x8DBA4C47,
	0x8DBE4C46, 0x8DC24C45, 0x8DCB4C4D, 0x8DCC4C4B, 0x8DCE5C21, 0x8DCF4C48, 0x8DD15C22, 0x8DD64C4A,
	0x8DD75C23, 0x8DDA4C49, 0x8DDB4C4C, 0x8DDD1557, 0x8DDF4C50, 0x8DE12037, 0x8DE34C51, 0x8DE81839,
	0x8DEA4C4E, 0x8DEB4C4F, 0x8DEF2F09, 0x8DF32417, 0x8DF52109, 0x8DFC4C52, 0x8DFF4C55, 0x8E084C53,
	0x8E094C54, 0x8E0A2D39, 0x8E0F2607, 0x8E104C58, 0x8E1D4C56, 0x8E1E4C57, 0x8E1F4C59, 0x8E205C24,
	0x8E235C25, 0x8E2A4D09, 0x8E304C5C, 0x8E344C5D, 0x8E354C5B, 0x8E3D5C26, 0x8E424C5A, 0x8E44245D,
	0x8E474D01, 0x8E484D05, 0x8E494D02, 0x8E4A4C5E, 0x8E4C4D03, 0x8E504D04, 0x8E554D0B, 0x8E594D06,
	0x8E5F2038, 0x8E604D08, 0x8E634D0A, 0x8E644D07, 0x8E705C27, 0x8E724D0D, 0x8E741D13, 0x8E764D0C,
	0x8E7B5C28, 0x8E7C4D0E, 0x8E814D0F, 0x8E844D12, 0x8E854D11, 0x8E874D10, 0x8E8A4D14, 0x8E8B4D13,
	0x8E8D2C56, 0x8E914D16, 0x8E934D15, 0x8E944D17, 0x8E994D18, 0x8EA14D1A, 0x8EAA4D19, 0x8EAB1F28,
	0x8EAC4D1B, 0x8EAF164D, 0x8EB04D1C, 0x8EB14D1E, 0x8EBE4D1F, 0x8EC05C2A, 0x8EC54D20, 0x8EC64D1D,
	0x8EC84D21, 0x8ECA1C36, 0x8ECB4D22, 0x8ECC1510, 0x8ECD1713, 0x8ED2180E, 0x8EDB4D23, 0x8EDF2650,
	0x8EE2251E, 0x8EE34D24, 0x8EEB4D27, 0x8EF81C14, 0x8EFA5C2C, 0x8EFB4D26, 0x8EFC4D25, 0x8EFD173A,
	0x8EFE4D28, 0x8F031333, 0x8F054D2A, 0x8F091A3C, 0x8F0A4D29, 0x8F0C4D32, 0x8F124D2C, 0x8F134D2E,
	0x8F142A45, 0x8F154D2B, 0x8F194D2D, 0x8F1B4D31, 0x8F1C4D2F, 0x8F1D1511, 0x8F1E5C2D, 0x8F1F4D30,
	0x8F264D33, 0x8F29273A, 0x8F2A2E38, 0x8F2D5C2E, 0x8F2F1D14, 0x8F334D34, 0x8F365C2F, 0x8F382D02,
	0x8F394D36, 0x8F3B4D35, 0x8F3E4D39, 0x8F3F2D21, 0x8F424D38, 0x8F44134D, 0x8F454D37, 0x8F464D3C,
	0x8F494D3B, 0x8F4C4D3A, 0x8F4D2512, 0x8F4E4D3D, 0x8F545C30, 0x8F574D3E, 0x8F5C4D3F, 0x8F5F194C,
	0x8F611705, 0x8F624D40, 0x8F634D41, 0x8F644D42, 0x8F9B1F29, 0x8F9C4D43, 0x8F9E1C0D, 0x8F9F4D44,
	0x8FA34D45, 0x8FA65C32, 0x8FA73201, 0x8FA8315E, 0x8FAD4D46, 0x8FAE4550, 0x8FAF4D47, 0x8FB02304,
	0x8FB11F0B, 0x8FB22720, 0x8FB55C33, 0x8FB74D48, 0x8FBA2A35, 0x8FBB2434, 0x8FBC195E, 0x8FBF2309,
	0x8FC2110A, 0x8FC42B58, 0x8FC51F37, 0x8FCE173E, 0x8FD11641, 0x8FD42A36, 0x8FDA4D49, 0x8FE24D4B,
	0x8FE45C34, 0x8FE54D4A, 0x8FE61240, 0x8FE85C35, 0x8FE92656, 0x8FEA4D4C, 0x8FEB2757, 0x8FED2513,
	0x8FEE5C36, 0x8FEF4D4D, 0x8FF01D32, 0x8FF44D4F, 0x8FF72C22, 0x8FF84D5E, 0x8FF94D51, 0x8FFA4D52,
	0x8FFD2429, 0x90002240, 0x90012157, 0x90032608, 0x90054D50, 0x90061535, 0x90085C37, 0x900B4D59,
	0x900D4D56, 0x900E4E05, 0x900F2609, 0x90102340, 0x90114D53, 0x9013245E, 0x90142533, 0x90154D54,
	0x90164D58, 0x90171F40, 0x90192747, 0x901A242C, 0x901D2022, 0x901E4D57, 0x901F220E, 0x90202204,
	0x90214D55, 0x90221009, 0x90232F02, 0x90274D5A, 0x902D5C38, 0x902E2241, 0x90311D15, 0x90321F2A,
	0x90354D5C, 0x90364D5B, 0x9038104F, 0x90394D5D, 0x903C290F, 0x903E4E07, 0x9041263B, 0x90421F4B,
	0x90452339, 0x90471658, 0x90494E06, 0x904A2D17, 0x904B111F, 0x904D2A37, 0x904E1241, 0x904F4E01,
	0x90504E02, 0x90514E03, 0x90524E04, 0x9053261B, 0x90542303, 0x90551043, 0x90564E08, 0x90584E09,
	0x90595403, 0x905C221D, 0x905E4E0A, 0x90601153, 0x9061212C, 0x9063180F, 0x90652D3A, 0x90684E0B,
	0x9069250C, 0x906D2158, 0x906E1C37, 0x906F4E0C, 0x90724E0F, 0x90751D45, 0x90764E0D, 0x9077210B,
	0x9078210A, 0x907A1044, 0x907C2E2B, 0x907D4E11, 0x907F2852, 0x90804E13, 0x90814E12, 0x90824E10,
	0x90834344, 0x90841434, 0x90874D4E, 0x90885C3A, 0x90894E15, 0x908A4E14, 0x908F4E16, 0x90912D18,
	0x90955C3B, 0x90975C3C, 0x90995C3D, 0x909B5C3E, 0x90A25C3F, 0x90A32641, 0x90A62B0E, 0x90A84E17,
	0x90AA1C39, 0x90AF4E18, 0x90B14E19, 0x90B35C40, 0x90B54E1A, 0x90B82501, 0x90BE5C41, 0x90C1104A,
	0x90C45C42, 0x90C55C43, 0x90C75C44, 0x90CA1939, 0x90CE2F1A, 0x90D75C45, 0x90DB4E1E, 0x90DD5C46,
	0x90DE5C47, 0x90E11714, 0x90E24E1B, 0x90E44E1C, 0x90E82954, 0x90ED1334, 0x90EF5C48, 0x90F45C49,
	0x90F52D19, 0x90F7161F, 0x90FD2534, 0x91024E1F, 0x91124E20, 0x91145C4B, 0x91155C4C, 0x91165C4D,
	0x91194E21, 0x91225C4E, 0x91235C4F, 0x91275C50, 0x912D2502, 0x912F5C51, 0x91304E23, 0x91315C52,
	0x91324E22, 0x91345C53, 0x913D5C54, 0x91485C55, 0x91492633, 0x914A4E24, 0x914B1D16, 0x914C1C40,
	0x914D273B, 0x914E2351, 0x91521C52, 0x91541F4C, 0x91564E25, 0x91584E26, 0x915B5C56, 0x91621F3D,
	0x91634E27, 0x91654E28, 0x91694E29, 0x916A2D4F, 0x916C1D17, 0x91724E2B, 0x91734E2A, 0x9175193A,
	0x91771953, 0x91781B20, 0x91824E2E, 0x91835C57, 0x91871D46, 0x91894E2D, 0x918B4E2C, 0x918D2249,
	0x9190184F, 0x91922023, 0x91972810, 0x919C1D19, 0x919E5C58, 0x91A24E2F, 0x91A41E3F, 0x91AA4E32,
	0x91AB4E30, 0x91AC5C59, 0x91AF4E31, 0x91B15C5A, 0x91B44E34, 0x91B54E33, 0x91B81E5A, 0x91BA4E35,
	0x91BC5C5B, 0x91C04E36, 0x91C14E37, 0x91C62830, 0x91C71A33, 0x91C81C41, 0x91C94E38, 0x91CB4E39,
	0x91CC2E04, 0x91CD1D25, 0x91CE2C4E, 0x91CF2E2C, 0x91D04E3A, 0x91D11642, 0x91D64E3B, 0x91D75C5C,
	0x91D82503, 0x91DB4E3E, 0x91DC1358, 0x91DD1F2B, 0x91DF4E3C, 0x91E14E3D, 0x91E32440, 0x91E45C5E,
	0x91E55D01, 0x91E62B35, 0x91E7165C, 0x91ED5D02, 0x91F15D03, 0x91F54E40, 0x91F64E41, 0x91FB5C5D,
	0x91FC4E3F, 0x91FF4E43, 0x92075D04, 0x920D263F, 0x920E1323, 0x92105D05, 0x92114E47, 0x92144E44,
	0x92154E46, 0x921E4E42, 0x92294F2F, 0x922C4E45, 0x92342E4B, 0x9237183A, 0x92385D06, 0x92395D07,
	0x923A5D08, 0x923C5D09, 0x923F4E4F, 0x92405D0A, 0x92435D0B, 0x92442514, 0x92454E4A, 0x92484E4D,
	0x92494E4B, 0x924B4E50, 0x924F5D0C, 0x92504E51, 0x92574E49, 0x925A4E56, 0x925B1154, 0x925E4E48,
	0x9262280D, 0x92644E4C, 0x92661E40, 0x9271193B, 0x92785D0D, 0x927E2B28, 0x92801644, 0x92831D26,
	0x9285261C, 0x92885D0E, 0x9291210D, 0x92934E54, 0x92954E4E, 0x92964E53, 0x92982C23, 0x929A2418,
	0x929B4E55, 0x929C4E52, 0x92AD210C, 0x92B74E59, 0x92B94E58, 0x92C25D0F, 0x92CB5D10, 0x92CC5D11,
	0x92CF4E57, 0x92D22B0F, 0x92D35D12, 0x92E05D13, 0x92E41D5B, 0x92E94E5A, 0x92EA2A3F, 0x92ED1134,
	0x92F22926, 0x92F32352, 0x92F81558, 0x92FA4E5C, 0x92FC193D, 0x92FF5D14, 0x93045D15, 0x93061B0C,
	0x930F4E5B, 0x93101F4D, 0x93181F4E, 0x93194F01, 0x931A4F03, 0x931F5D16, 0x93201E5B, 0x93215D17,
	0x93224F02, 0x93234F04, 0x93255D18, 0x93261633, 0x93282925, 0x932B1C42, 0x932C2F03, 0x932E4E5E,
	0x932F1A58, 0x93322F1F, 0x93354F06, 0x933A4F05, 0x933B4F07, 0x93444E5D, 0x93485D19, 0x93495D1A,
	0x934A5D1B, 0x934B2649, 0x934D2535, 0x93542437, 0x93564F0C, 0x935B2323, 0x935C4F08, 0x93604F09,
	0x93645D1C, 0x93655D1D, 0x936A5D1E, 0x936C170D, 0x936E4F0B, 0x93705D1F, 0x93751810, 0x937C4F0A,
	0x937E1E41, 0x938C1359, 0x93944F10, 0x93961A1F, 0x93972159, 0x939A242A, 0x939B5D20, 0x93A35D21,
	0x93A7131B, 0x93AC4F0E, 0x93AD4F0F, 0x93AE2423, 0x93B04F0D, 0x93B94F11, 0x93BA5D22, 0x93C34F17,
	0x93C65D23, 0x93C84F1A, 0x93D04F19, 0x93D1250D, 0x93D64F12, 0x93D74F13, 0x93D84F16, 0x93DD4F18,
	0x93DE5D24, 0x93DF5D25, 0x93E11620, 0x93E44F1B, 0x93E54F15, 0x93E84F14, 0x93FD5D27, 0x94034F1F,
	0x94045D26, 0x94074F20, 0x94104F21, 0x94134F1E, 0x94144F1D, 0x94181E42, 0x9419260A, 0x941A4F1C,
	0x94214F25, 0x942B4F23, 0x94335D28, 0x94354F24, 0x94364F22, 0x94382258, 0x943A4F26, 0x94414F27,
	0x94444F29, 0x944A5D29, 0x94511435, 0x94524F28, 0x94532C5A, 0x945A4F34, 0x945B4F2A, 0x945E4F2D,
	0x94604F2B, 0x94624F2C, 0x94635D2A, 0x946A4F2E, 0x946B5D2B, 0x94704F30, 0x94715D2C, 0x94725D2D,
	0x94754F31, 0x94774F32, 0x947C4F35, 0x947D4F33, 0x947E4F36, 0x947F4F38, 0x94814F37, 0x95772419,
	0x95802C47, 0x95824F39, 0x9583210E, 0x95874F3A, 0x95892A24, 0x958A4F3B, 0x958B130B, 0x958E5D2E,
	0x958F111C, 0x95911437, 0x95931436, 0x95944F3C, 0x95964F3D, 0x95984F3E, 0x95994F3F, 0x959F5D2F,
	0x95A04F40, 0x95A21438, 0x95A31335, 0x95A4193E, 0x95A52816, 0x95A65D30, 0x95A74F42, 0x95A84F41,
	0x95A95D31, 0x95AC5D32, 0x95AD4F43, 0x95B2113C, 0x95B65D33, 0x95B94F46, 0x95BB4F45, 0x95BC4F44,
	0x95BD5D34, 0x95BE4F47, 0x95C34F4A, 0x95C71027, 0x95CA4F48, 0x95CB5D35, 0x95CC4F4C, 0x95CD4F4B,
	0x95D05D36, 0x95D35D37, 0x95D44F4E, 0x95D54F4D, 0x95D64F4F, 0x95D8260E, 0x95DA5D39, 0x95DC4F50,
	0x95DE5D3A, 0x95E14F51, 0x95E24F53, 0x95E54F52, 0x961C294C, 0x96214F54, 0x96284F55, 0x962A1A45,
	0x962E4F56, 0x962F4F57, 0x96322B29, 0x963B212B, 0x963F1004, 0x9640222B, 0x96424F58, 0x9644294D,
	0x964B4F5B, 0x964C4F59, 0x964D193F, 0x964F4F5A, 0x96501822, 0x96585D3B, 0x965B2A25, 0x965C4F5D,
	0x965D5001, 0x965E4F5E, 0x965F5002, 0x96621101, 0x96631F38, 0x96641D5C, 0x96651439, 0x96665003,
	0x966A2746, 0x966C5005, 0x96701102, 0x96725004, 0x96732424, 0x96752E2D, 0x9676260B, 0x96774F5C,
	0x96782E06, 0x967A1811, 0x967D2D3B, 0x96845D3C, 0x96851659, 0x96862E14, 0x96881708, 0x968A2242,
	0x968B4701, 0x968D5006, 0x968E130C, 0x968F1F4F, 0x96941336, 0x96955008, 0x96975009, 0x96985007,
	0x96991744, 0x969B1A3D, 0x969C1E43, 0x969D5D3E, 0x96A01103, 0x96A32E39, 0x96A45D3F, 0x96A55D40,
	0x96A7500B, 0x96A84E0E, 0x96AA500A, 0x96B0500E, 0x96B1500C, 0x96B2500D, 0x96B4500F, 0x96B65010,
	0x96B72E4C, 0x96B85011, 0x96B95012, 0x96BB2029, 0x96BC281B, 0x96C01F5D, 0x96C11447, 0x96C42D1A,
	0x96C5124D, 0x96C61D18, 0x96C7183B, 0x96C95015, 0x96CB5014, 0x96CC1B53, 0x96CD5016, 0x96CE5013,
	0x96D11B08, 0x96D25D41, 0x96D5501A, 0x96D64A0D, 0x96D93236, 0x96DB1F57, 0x96DC5018, 0x96DE5D42,
	0x96E22E05, 0x96E32651, 0x96E8110B, 0x96E95D44, 0x96EA2043, 0x96EB1C16, 0x96EF5D45, 0x96F02A17,
	0x96F21120, 0x96F62E4D, 0x96F72D4B, 0x96F9501B, 0x96FB2525, 0x97001C5B, 0x9704501C, 0x9706501D,
	0x97071F2C, 0x9708501E, 0x970A2E4E, 0x970D5019, 0x970E5020, 0x970F5022, 0x97115021, 0x9713501F,
	0x97165023, 0x97195024, 0x971C215A, 0x971E1242, 0x97245025, 0x97272C18, 0x972A5026, 0x97305027,
	0x97322F0A, 0x97335D46, 0x97383B11, 0x97395028, 0x973B5D47, 0x973D5029, 0x973E502A, 0x9742502E,
	0x9744502B, 0x9746502C, 0x9748502D, 0x9749502F, 0x974D5D48, 0x974E5D49, 0x974F5D4A, 0x97522024,
	0x97562C57, 0x97592025, 0x975A5D4B, 0x975C5030, 0x975E2853, 0x97605031, 0x97615333, 0x97622C2C,
	0x97645032, 0x97665033, 0x97685034, 0x97691337, 0x976B5036, 0x976D1F39, 0x976E5D4C, 0x97715037,
	0x97735D4D, 0x97741704, 0x97795038, 0x977A503C, 0x977C503A, 0x9781503B, 0x97841353, 0x97855039,
	0x9786503D, 0x978B503E, 0x978D1028, 0x978F503F, 0x97905040, 0x97955D4E, 0x97981E44, 0x979C5041,
	0x97A01527, 0x97A35044, 0x97A65043, 0x97A85042, 0x97AB4B51, 0x97AD2A3C, 0x97AE5D4F, 0x97B35045,
	0x97B45046, 0x97BA5D50, 0x97C15D51, 0x97C35047, 0x97C65048, 0x97C85049, 0x97C95D52, 0x97CB504A,
	0x97D3143A, 0x97DB5D54, 0x97DC504B, 0x97DE5D53, 0x97ED504C, 0x97EE2703, 0x97F2504E, 0x97F3121B,
	0x97F45D55, 0x97F55051, 0x97F65050, 0x97FB1104, 0x97FF1621, 0x98012A27, 0x9802241A, 0x98031A02,
	0x98051940, 0x98061D47, 0x98081F3C, 0x980A5D57, 0x980C5053, 0x980F5052, 0x98102D22, 0x98111448,
	0x98122832, 0x9813263C, 0x98171F5C, 0x98182E2E, 0x981A173B, 0x981E5D58, 0x98215056, 0x98245055,
	0x982B5D59, 0x982C2B2B, 0x982D260C, 0x98305D5A, 0x98341130, 0x98375057, 0x98385054, 0x983B2931,
	0x983C2D4A, 0x983D5058, 0x98465059, 0x984B505B, 0x984C224A, 0x984D133B, 0x984E133C, 0x984F505A,
	0x98525D5C, 0x98535D5D, 0x98541449, 0x98551812, 0x98565D5E, 0x98575E01, 0x9858144A, 0x98595E02,
	0x985A5E03, 0x985B251F, 0x985E2E40, 0x98655E05, 0x9867183C, 0x986B505C, 0x986C5E06, 0x986F505D,
	0x9870505E, 0x98715101, 0x98735103, 0x98745102, 0x98A82957, 0x98AA5104, 0x98AF5105, 0x98B15106,
	0x98B65107, 0x98BA5E07, 0x98C35109, 0x98C45108, 0x98C6510A, 0x98C85E08, 0x98DB2854, 0x98DC462C,
	0x98DF1F09, 0x98E21512, 0x98E75E09, 0x98E9510B, 0x98EB510C, 0x98ED320C, 0x98EE3D1B, 0x98EF2833,
	0x98F2105B, 0x98F4101B, 0x98FC1B54, 0x98FD2B10, 0x98FE1E5E, 0x9903510D, 0x99052C3F, 0x9909510E,
	0x990A2D3C, 0x990C1122, 0x99101B21, 0x9912510F, 0x9913124E, 0x99145110, 0x99185111, 0x991D5113,
	0x991E5114, 0x99205116, 0x99215112, 0x99245115, 0x9928143B, 0x992C5117, 0x992E5118, 0x993D5119,
	0x993E511A, 0x9942511B, 0x9945511D, 0x9949511C, 0x994B511F, 0x994C5122, 0x9950511E, 0x99515120,
	0x99525121, 0x99555123, 0x99571622, 0x99585E0A, 0x99961C53, 0x99975124, 0x99985125, 0x99991941,
	0x999E5E0B, 0x99A55126, 0x99A8131E, 0x99AC272F, 0x99AD5127, 0x99AE5128, 0x99B3233A, 0x99B4264B,
	0x99BC5129, 0x99C1275D, 0x99C4222C, 0x99C51138, 0x99C6164E, 0x99C8164F, 0x99D02353, 0x99D1512E,
	0x99D21650, 0x99D5124F, 0x99D8512D, 0x99DB512B, 0x99DD512C, 0x99DF512A, 0x99E25138, 0x99ED512F,
	0x99EE5130, 0x99F15131, 0x99F25132, 0x99F85134, 0x99FB5133, 0x99FF1D39, 0x9A015135, 0x9A025E0C,
	0x9A035E0D, 0x9A055137, 0x9A0E1513, 0x9A0F5136, 0x9A12215B, 0x9A131813, 0x9A195139, 0x9A245E0E,
	0x9A28222D, 0x9A2B513A, 0x9A2D5E0F, 0x9A2E5E10, 0x9A30260D, 0x9A37513B, 0x9A385E11, 0x9A3E5140,
	0x9A40513E, 0x9A42513D, 0x9A43513F, 0x9A45513C, 0x9A4A5E12, 0x9A4D5142, 0x9A4E5E13, 0x9A525E14,
	0x9A555141, 0x9A575144, 0x9A5A1623, 0x9A5B5143, 0x9A5F5145, 0x9A625146, 0x9A645148, 0x9A655147,
	0x9A695149, 0x9A6A514B, 0x9A6B514A, 0x9AA8195C, 0x9AAD514C, 0x9AB0514D, 0x9AB65E15, 0x9AB8131C,
	0x9ABC514E, 0x9AC0514F, 0x9AC15E16, 0x9AC35E17, 0x9AC41F51, 0x9ACE5E18, 0x9ACF5150, 0x9AD15151,
	0x9AD35152, 0x9AD45153, 0x9AD65E19, 0x9AD81942, 0x9ADE5154, 0x9ADF5155, 0x9AE25156, 0x9AE35157,
	0x9AE65158, 0x9AEA2811, 0x9AEB515A, 0x9AED2906, 0x9AEE515B, 0x9AEF5159, 0x9AF1515D, 0x9AF4515C,
	0x9AF7515E, 0x9AF95E1A, 0x9AFB5201, 0x9B025E1B, 0x9B065202, 0x9B085E1C, 0x9B185203, 0x9B1A5204,
	0x9B1F5205, 0x9B205E1D, 0x9B225206, 0x9B235207, 0x9B255208, 0x9B275209, 0x9B28520A, 0x9B29520B,
	0x9B2A520C, 0x9B2D5E1F, 0x9B2E520D, 0x9B2F520E, 0x9B313D15, 0x9B32520F, 0x9B3B4458, 0x9B3C1514,
	0x9B411301, 0x9B421A12, 0x9B435211, 0x9B445210, 0x9B452C05, 0x9B4D5213, 0x9B4E5214, 0x9B4F5212,
	0x9B515215, 0x9B542B42, 0x9B585216, 0x9B5A155B, 0x9B5E5E20, 0x9B665E22, 0x9B6F2F05, 0x9B725E23,
	0x9B745217, 0x9B755E24, 0x9B795E21, 0x9B835219, 0x9B845E25, 0x9B8A5E26, 0x9B8E101E, 0x9B8F5E27,
	0x9B91521A, 0x9B922A0B, 0x9B935218, 0x9B96521B, 0x9B97521C, 0x9B9E5E28, 0x9B9F521D, 0x9BA0521E,
	0x9BA75E29, 0x9BA8521F, 0x9BAA2B4E, 0x9BAB1B0D, 0x9BAD1A5A, 0x9BAE210F, 0x9BB45220, 0x9BB95223,
	0x9BC05221, 0x9BC15E2A, 0x9BC65224, 0x9BC91851, 0x9BCA5222, 0x9BCE5E2B, 0x9BCF5225, 0x9BD15226,
	0x9BD25227, 0x9BD4522B, 0x9BD61B0A, 0x9BDB2244, 0x9BE1522C, 0x9BE25229, 0x9BE35228, 0x9BE4522A,
	0x9BE55E2C, 0x9BE8173F, 0x9BF05230, 0x9BF1522F, 0x9BF2522E, 0x9BF51013, 0x9BF85E2D, 0x9BFD5E2E,
	0x9C005E2F, 0x9C04523A, 0x9C065236, 0x9C085237, 0x9C095233, 0x9C0A5239, 0x9C0C5235, 0x9C0D1342,
	0x9C102F2C, 0x9C125238, 0x9C135234, 0x9C145232, 0x9C155231, 0x9C1B523C, 0x9C21523F, 0x9C235E30,
	0x9C24523E, 0x9C25523D, 0x9C2D2929, 0x9C2E523B, 0x9C2F1053, 0x9C305240, 0x9C325242, 0x9C39134F,
	0x9C3A522D, 0x9C3B1117, 0x9C3E5244, 0x9C415E31, 0x9C465243, 0x9C475241, 0x9C48230D, 0x9C4F5E32,
	0x9C505E33, 0x9C522B50, 0x9C535E34, 0x9C572E3A, 0x9C5A5245, 0x9C605246, 0x9C635E35, 0x9C655E36,
	0x9C675247, 0x9C765248, 0x9C775E37, 0x9C785249, 0x9CE5241B, 0x9CE7524A, 0x9CE92817, 0x9CEB524F,
	0x9CEC524B, 0x9CF0524C, 0x9CF32B11, 0x9CF42C24, 0x9CF62630, 0x9D035250, 0x9D065251, 0x9D07261E,
	0x9D08524E, 0x9D09524D, 0x9D0E120A, 0x9D125259, 0x9D155258, 0x9D1B1155, 0x9D1D5E38, 0x9D1E5E39,
	0x9D1F5256, 0x9D235255, 0x9D265253, 0x9D28135B, 0x9D2A5252, 0x9D2B1C12, 0x9D2C1209, 0x9D3B1943,
	0x9D3E525C, 0x9D3F525B, 0x9D41525A, 0x9D435E3A, 0x9D445257, 0x9D46525D, 0x9D475E3B, 0x9D48525E,
	0x9D505305, 0x9D515304, 0x9D525E3C, 0x9D595306, 0x9D5C110D, 0x9D5D5301, 0x9D5E5302, 0x9D601954,
	0x9D612C19, 0x9D635E3D, 0x9D645303, 0x9D6C2B12, 0x9D6F530B, 0x9D705E3E, 0x9D725307, 0x9D7A530C,
	0x9D7C5E3F, 0x9D875309, 0x9D895308, 0x9D8A5E40, 0x9D8F173C, 0x9D965E41, 0x9D9A530D, 0x9DA4530E,
	0x9DA9530F, 0x9DAB530A, 0x9DAC5E43, 0x9DAF5254, 0x9DB25310, 0x9DB42441, 0x9DB85314, 0x9DBA5315,
	0x9DBB5313, 0x9DBC5E44, 0x9DC05E42, 0x9DC15312, 0x9DC25318, 0x9DC45311, 0x9DC65316, 0x9DCF5317,
	0x9DD3531A, 0x9DD75E45, 0x9DD95319, 0x9DE6531C, 0x9DE75E47, 0x9DED531D, 0x9DEF531E, 0x9DF22F29,
	0x9DF8531B, 0x9DF9224B, 0x9DFA1A4D, 0x9DFD531F, 0x9E075E48, 0x9E155E49, 0x9E1A5320, 0x9E1B5321,
	0x9E1E5322, 0x9E755323, 0x9E781814, 0x9E795324, 0x9E7C5E4A, 0x9E7D5325, 0x9E7F1C0F, 0x9E815326,
	0x9E885327, 0x9E8B5328, 0x9E8C5329, 0x9E91532C, 0x9E92532A, 0x9E932F1C, 0x9E95532B, 0x9E972E4F,
	0x9E9D532D, 0x9E9E5E4B, 0x9E9F2E3B, 0x9EA45E4C, 0x9EA5532E, 0x9EA6275E, 0x9EA9532F, 0x9EAA5331,
	0x9EAC5E4D, 0x9EAD5332, 0x9EAF5E4E, 0x9EB45E4F, 0x9EB55E50, 0x9EB85330, 0x9EB9194D, 0x9EBA2C2D,
	0x9EBB2B43, 0x9EBC3657, 0x9EBE3D40, 0x9EBF2B5B, 0x9EC35E51, 0x9EC4120B, 0x9ECC5334, 0x9ECD1530,
	0x9ECE5335, 0x9ECF5336, 0x9ED05337, 0x9ED15E52, 0x9ED21955, 0x9ED45338, 0x9ED84034, 0x9ED92C3B,
	0x9EDB2243, 0x9EDC5339, 0x9EDD533B, 0x9EDE533A, 0x9EE0533C, 0x9EE5533D, 0x9EE8533E, 0x9EEF533F,
	0x9EF45340, 0x9EF65341, 0x9EF75342, 0x9EF95343, 0x9EFB5344, 0x9EFC5345, 0x9EFD5346, 0x9F075347,
	0x9F085348, 0x9F0E2504, 0x9F105E53, 0x9F13183D, 0x9F15534A, 0x9F20212D, 0x9F21534B, 0x9F2C534C,
	0x9F395E54, 0x9F3B2901, 0x9F3E534D, 0x9F4A534E, 0x9F4B4317, 0x9F4E4C3A, 0x9F4F504D, 0x9F52534F,
	0x9F545350, 0x9F575E55, 0x9F5F5352, 0x9F605353, 0x9F615354, 0x9F622E50, 0x9F635351, 0x9F665355,
	0x9F675356, 0x9F6A5358, 0x9F6C5357, 0x9F72535A, 0x9F76535B, 0x9F775359, 0x9F8D2E16, 0x9F905E56,
	0x9F945E57, 0x9F95535C, 0x9F975E58, 0x9F9C535D, 0x9F9D4334, 0x9FA0535E, 0x9FA25E59, 0xF91D561B,
	0xF928540E, 0xF929552E, 0xF9365B2F, 0xF9705629, 0xF9D05E04, 0xF9DC5D3D, 0xFA0F0F2B, 0xFA100F37,
	0xFA112F52, 0xFA14555A, 0xFA15573A, 0xFA16574F, 0xFA19591C, 0xFA1A591D, 0xFA1B5921, 0xFA1F5B1A,
	0xFA225C0E, 0xFA265C4A, 0xFA300E18, 0xFA310E29, 0xFA320E30, 0xFA330E43, 0xFA340E48, 0xFA350E4E,
	0xFA360F0C, 0xFA370F0F, 0xFA380F16, 0xFA390F3A, 0xFA3A0F3E, 0xFA3B2F41, 0xFA3C2F42, 0xFA3D5430,
	0xFA3E543C, 0xFA3F543E, 0xFA405441, 0xFA415508, 0xFA42550B, 0xFA435523, 0xFA445545, 0xFA455649,
	0xFA465657, 0xFA475705, 0xFA485735, 0xFA4A5805, 0xFA4B5907, 0xFA4C5913, 0xFA4D5914, 0xFA4E5917,
	0xFA4F5918, 0xFA505919, 0xFA51591B, 0xFA52591F, 0xFA535920, 0xFA54592D, 0xFA555931, 0xFA565944,
	0xFA575A0E, 0xFA595A13, 0xFA5A5A1A, 0xFA5B5A24, 0xFA5C5A38, 0xFA5F5B07, 0xFA605B4F, 0xFA615B59,
	0xFA625C0F, 0xFA635C10, 0xFA645C18, 0xFA655C1D, 0xFA675C39, 0xFA685D43, 0xFA695D56, 0xFA6A5D5B,
	0xFE45031E, 0xFE46031D, 0xFF01010A, 0xFF020210, 0xFF030154, 0xFF040150, 0xFF050153, 0xFF060155,
	0xFF07020F, 0xFF08012A, 0xFF09012B, 0xFF0A0156, 0xFF0B013C, 0xFF0C0104, 0xFF0D013D, 0xFF0E0105,
	0xFF0F011F, 0xFF100310, 0xFF110311, 0xFF120312, 0xFF130313, 0xFF140314, 0xFF150315, 0xFF160316,
	0xFF170317, 0xFF180318, 0xFF190319, 0xFF1A0107, 0xFF1B0108, 0xFF1C0143, 0xFF1D0141, 0xFF1E0144,
	0xFF1F0109, 0xFF200157, 0xFF210321, 0xFF220322, 0xFF230323, 0xFF240324, 0xFF250325, 0xFF260326,
	0xFF270327, 0xFF280328, 0xFF290329, 0xFF2A032A, 0xFF2B032B, 0xFF2C032C, 0xFF2D032D, 0xFF2E032E,
	0xFF2F032F, 0xFF300330, 0xFF310331, 0xFF320332, 0xFF330333, 0xFF340334, 0xFF350335, 0xFF360336,
	0xFF370337, 0xFF380338, 0xFF390339, 0xFF3A033A, 0xFF3B012E, 0xFF3C0120, 0xFF3D012F, 0xFF3E0110,
	0xFF3F0112, 0xFF40010E, 0xFF410341, 0xFF420342, 0xFF430343, 0xFF440344, 0xFF450345, 0xFF460346,
	0xFF470347, 0xFF480348, 0xFF490349, 0xFF4A034A, 0xFF4B034B, 0xFF4C034C, 0xFF4D034D, 0xFF4E034E,
	0xFF4F034F, 0xFF500350, 0xFF510351, 0xFF520352, 0xFF530353, 0xFF540354, 0xFF550355, 0xFF560356,
	0xFF570357, 0xFF580358, 0xFF590359, 0xFF5A035A, 0xFF5B0130, 0xFF5C0123, 0xFF5D0131, 0xFF5E0121,
	0xFFE00151, 0xFFE10152, 0xFFE2022C, 0xFFE30111, 0xFFE5014F,
};

const INT bpk_jis_nrev = 8749;

/* zone B, first byte 87..ED, 94 cells each: JIS X 0213's second plane, then JIS X 0212 */
const UH bpk_tron_zb[9682] = {
	0xD833, 0x4E02, 0x4E0F, 0x4E12, 0x4E29, 0x4E2B, 0x4E2E, 0x4E40, 0x4E47, 0x4E48, 0xD834, 0x4E51,
	0x3406, 0xD835, 0x4E5A, 0x4E69, 0x4E9D, 0x342C, 0x342E, 0x4EB9, 0x4EBB, 0xD836, 0x4EBC, 0x4EC3,
	0x4EC8, 0x4ED0, 0x4EEB, 0x4EDA, 0x4EF1, 0x4EF5, 0x4F00, 0x4F16, 0x4F64, 0x4F37, 0x4F3E, 0x4F54,
	0x4F58, 0xD837, 0x4F77, 0x4F78, 0x4F7A, 0x4F7D, 0x4F82, 0x4F85, 0x4F92, 0x4F9A, 0x4FE6, 0x4FB2,
	0x4FBE, 0x4FC5, 0x4FCB, 0x4FCF, 0x4FD2, 0x346A, 0x4FF2, 0x5000, 0x5010, 0x5013, 0x501C, 0x501E,
	0x5022, 0x3468, 0x5042, 0x5046, 0x504E, 0x5053, 0x5057, 0x5063, 0x5066, 0x506A, 0x5070, 0x50A3,
	0x5088, 0x5092, 0x5093, 0x5095, 0x5096, 0x509C, 0x50AA, 0xD838, 0x50B1, 0x50BA, 0x50BB, 0x50C4,
	0x50C7, 0x50F3, 0xD839, 0x50CE, 0xD83A, 0x50D4, 0x50D9, 0x50E1, 0x50E9, 0x3492, 0x5108, 0xD83B,
	0x5117, 0x511B, 0xD83C, 0x5160, 0xD83D, 0x5173, 0x5183, 0x518B, 0x34BC, 0x5198, 0x51A3, 0x51AD,
	0x34C7, 0x51BC, 0xD83E, 0xD83F, 0x51F3, 0x51F4, 0x5202, 0x5212, 0x5216, 0xD840, 0x5255, 0x525C,
	0x526C, 0x5277, 0x5284, 0x5282, 0xD841, 0x5298, 0xD842, 0x52A4, 0x52A6, 0x52AF, 0x52BA, 0x52BB,
	0x52CA, 0x351F, 0x52D1, 0xD843, 0x52F7, 0x530A, 0x530B, 0x5324, 0x5335, 0x533E, 0x5342, 0xD844,
	0xD845, 0x5367, 0x536C, 0x537A, 0x53A4, 0x53B4, 0xD846, 0x53B7, 0x53C0, 0xD847, 0x355D, 0x355E,
	0x53D5, 0x53DA, 0x3563, 0x53F4, 0x53F5, 0x5455, 0x5424, 0x5428, 0x356E, 0x5443, 0x5462, 0x5466,
	0x546C, 0x548A, 0x548D, 0x5495, 0x54A0, 0x54A6, 0x54AD, 0x54AE, 0x54B7, 0x54BA, 0x54BF, 0x54C3,
	0xD848, 0x54EC, 0x54EF, 0x54F1, 0x54F3, 0x5500, 0x5501, 0x5509, 0x553C, 0x5541, 0x35A6, 0x5547,
	0x554A, 0x35A8, 0x5560, 0x5561, 0x5564, 0xD849, 0x557D, 0x5582, 0x5588, 0x5591, 0x35C5, 0x55D2,
	0xD84A, 0xD84B, 0x55BF, 0x55C9, 0x55CC, 0x55D1, 0x55DD, 0x35DA, 0x55E2, 0xD84C, 0x55E9, 0x5628,
	0xD84D, 0x5607, 0x5610, 0x5630, 0x5637, 0x35F4, 0x563D, 0x563F, 0x5640, 0x5647, 0x565E, 0x5660,
	0x566D, 0x3605, 0x5688, 0x568C, 0x5695, 0x569A, 0x569D, 0x56A8, 0x56AD, 0x56B2, 0x56C5, 0x56CD,
	0x56DF, 0x56E8, 0x56F6, 0x56F7, 0xD84E, 0x5715, 0x5723, 0xD84F, 0x5729, 0xD850, 0x5745, 0x5746,
	0x574C, 0x574D, 0xD851, 0x5768, 0x576F, 0x5773, 0x5774, 0x5775, 0x577B, 0xD852, 0xD853, 0x57AC,
	0x579A, 0x579D, 0x579E, 0x57A8, 0x57D7, 0xD854, 0x57CC, 0xD855, 0xD856, 0x57DE, 0x57E6, 0x57F0,
	0x364A, 0x57F8, 0x57FB, 0x57FD, 0x5804, 0x581E, 0x5820, 0x5827, 0x5832, 0x5839, 0xD857, 0x5849,
	0x584C, 0x5867, 0x588A, 0x588B, 0x588D, 0x588F, 0x5890, 0x5894, 0x589D, 0x58AA, 0x58B1, 0xD858,
	0x58C3, 0x58CD, 0x58E2, 0x58F3, 0x58F4, 0x5905, 0x5906, 0x590B, 0x590D, 0x5914, 0x5924, 0xD859,
	0x3691, 0x593D, 0x3699, 0x5946, 0x3696, 0xD85A, 0x595B, 0x595F, 0xD85B, 0x5975, 0x5976, 0x597C,
	0x599F, 0x59AE, 0x59BC, 0x59C8, 0x59CD, 0x59DE, 0x59E3, 0x59E4, 0x59E7, 0x59EE, 0xD85C, 0xD85D,
	0x36CF, 0x5A0C, 0x5A0D, 0x5A17, 0x5A27, 0x5A2D, 0x5A55, 0x5A65, 0x5A7A, 0x5A8B, 0x5A9C, 0x5A9F,
	0x5AA0, 0x5AA2, 0x5AB1, 0x5AB3, 0x5AB5, 0x5ABA, 0x5ABF, 0x5ADA, 0x5ADC, 0x5AE0, 0x5AE5, 0x5AF0,
	0x5AEE, 0x5AF5, 0x5B00, 0x5B08, 0x5B17, 0x5B34, 0x5B2D, 0x5B4C, 0x5B52, 0x5B68, 0x5B6F, 0x5B7C,
	0x5B7F, 0x5B81, 0x5B84, 0xD85E, 0x5B96, 0x5BAC, 0x3761, 0x5BC0, 0x3762, 0x5BCE, 0x5BD6, 0x376C,
	0x376B, 0x5BF1, 0x5BFD, 0x3775, 0x5C03, 0x5C29, 0x5C30, 0xD85F, 0x5C5F, 0x5C63, 0x5C67, 0x5C68,
	0x5C69, 0x5C70, 0xD860, 0xD861, 0x5C7C, 0xD862, 0xD863, 0x5C88, 0x5C8A, 0x37C1, 0xD864, 0xD865,
	0x5CA0, 0x5CA2, 0x5CA6, 0x5CA7, 0xD866, 0x5CAD, 0x5CB5, 0xD867, 0x5CC9, 0xD868, 0xD869, 0x5D06,
	0x5D10, 0x5D2B, 0x5D1D, 0x5D20, 0x5D24, 0x5D26, 0x5D31, 0x5D39, 0x5D42, 0x37E8, 0x5D61, 0x5D6A,
	0x37F4, 0x5D70, 0xD86A, 0x37FD, 0x5D88, 0x3800, 0x5D92, 0x5D94, 0x5D97, 0x5D99, 0x5DB0, 0x5DB2,
	0x5DB4, 0xD86B, 0x5DB9, 0x5DD1, 0x5DD7, 0x5DD8, 0x5DE0, 0xD86C, 0x5DE4, 0x5DE9, 0x382F, 0x5E00,
	0x3836, 0x5E12, 0x5E15, 0x3840, 0x5E1F, 0x5E2E, 0x5E3E, 0x5E49, 0x385C, 0x5E56, 0x3861, 0x5E6B,
	0x5E6C, 0x5E6D, 0x5E6E, 0xD86D, 0x5EA5, 0x5EAA, 0x5EAC, 0x5EB9, 0x5EBF, 0x5EC6, 0x5ED2, 0x5ED9,
	0xD86E, 0x5EFD, 0x5F08, 0x5F0E, 0x5F1C, 0xD86F, 0x5F1E, 0x5F47, 0x5F63, 0x5F72, 0x5F7E, 0x5F8F,
	0x5FA2, 0x5FA4, 0x5FB8, 0x5FC4, 0x38FA, 0x5FC7, 0x5FCB, 0x5FD2, 0x5FD3, 0x5FD4, 0x5FE2, 0x5FEE,
	0x5FEF, 0x5FF3, 0x5FFC, 0x3917, 0x6017, 0x6022, 0x6024, 0x391A, 0x604C, 0x607F, 0x608A, 0x6095,
	0x60A8, 0xD870, 0x60B0, 0x60B1, 0x60BE, 0x60C8, 0x60D9, 0x60DB, 0x60EE, 0x60F2, 0x60F5, 0x6110,
	0x6112, 0x6113, 0x6119, 0x611E, 0x613A, 0x396F, 0x6141, 0x6146, 0x6160, 0x617C, 0xD871, 0x6192,
	0x6193, 0x6197, 0x6198, 0x61A5, 0x61A8, 0x61AD, 0xD872, 0x61D5, 0x61DD, 0x61DF, 0x61F5, 0xD873,
	0x6215, 0x6223, 0x6229, 0x6246, 0x624C, 0x6251, 0x6252, 0x6261, 0x6264, 0x627B, 0x626D, 0x6273,
	0x6299, 0x62A6, 0x62D5, 0xD874, 0x62FD, 0x6303, 0x630D, 0x6310, 0xD875, 0xD876, 0x6332, 0x6335,
	0x633B, 0x633C, 0x6341, 0x6344, 0x634E, 0xD877, 0x6359, 0xD878, 0xD879, 0x636C, 0x6384, 0x6399,
	0xD87A, 0x6394, 0x63BD, 0x63F7, 0x63D4, 0x63D5, 0x63DC, 0x63E0, 0x63EB, 0x63EC, 0x63F2, 0x6409,
	0x641E, 0x6425, 0x6429, 0x642F, 0x645A, 0x645B, 0x645D, 0x6473, 0x647D, 0x6487, 0x6491, 0x649D,
	0x649F, 0x64CB, 0x64CC, 0x64D5, 0x64D7, 0xD87B, 0x64E4, 0x64E5, 0x64FF, 0x6504, 0x3A6E, 0x650F,
	0x6514, 0x6516, 0x3A73, 0x651E, 0x6532, 0x6544, 0x6554, 0x656B, 0x657A, 0x6581, 0x6584, 0x6585,
	0x658A, 0x65B2, 0x65B5, 0x65B8, 0x65BF, 0x65C2, 0x65C9, 0x65D4, 0x3AD6, 0x65F2, 0x65F9, 0x65FC,
	0x6604, 0x6608, 0x6621, 0x662A, 0x6645, 0x6651, 0x664E, 0x3AEA, 0xD87C, 0x6657, 0x665B, 0x6663,
	0xD87D, 0xD87E, 0x666A, 0x666B, 0x666C, 0x666D, 0x667B, 0x6680, 0x6690, 0x6692, 0x6699, 0x3B0E,
	0x66AD, 0x66B1, 0x66B5, 0x3B1A, 0x66BF, 0x3B1C, 0x66EC, 0x3AD7, 0x6701, 0x6705, 0x6712, 0xD87F,
	0x6719, 0xD880, 0xD881, 0x674C, 0x674D, 0x6754, 0x675D, 0xD882, 0xD883, 0xD884, 0x6774, 0x6776,
	0xD885, 0x6792, 0xD886, 0x8363, 0x6810, 0x67B0, 0x67B2, 0x67C3, 0x67C8, 0x67D2, 0x67D9, 0x67DB,
	0x67F0, 0x67F7, 0xD887, 0xD888, 0xD889, 0x6818, 0x681F, 0x682D, 0xD88A, 0x6833, 0x683B, 0x683E,
	0x6844, 0x6845, 0x6849, 0x684C, 0x6855, 0x6857, 0x3B77, 0x686B, 0x686E, 0x687A, 0x687C, 0x6882,
	0x6890, 0x6896, 0x3B6D, 0x6898, 0x6899, 0x689A, 0x689C, 0x68AA, 0x68AB, 0x68B4, 0x68BB, 0x68FB,
	0xD88B, 0xD88C, 0xFA13, 0x68C3, 0x68C5, 0x68CC, 0x68CF, 0x68D6, 0x68D9, 0x68E4, 0x68E5, 0x68EC,
	0x68F7, 0x6903, 0x6907, 0x3B87, 0x3B88, 0xD88D, 0x693B, 0x3B8D, 0x6946, 0x6969, 0x696C, 0x6972,
	0x697A, 0x697F, 0x6992, 0x3BA4, 0x6996, 0x6998, 0x69A6, 0x69B0, 0x69B7, 0x69BA, 0x69BC, 0x69C0,
	0x69D1, 0x69D6, 0xD88E, 0xD88F, 0x6A30, 0xD890, 0xD891, 0x69E3, 0x69EE, 0x69EF, 0x69F3, 0x3BCD,
	0x69F4, 0x69FE, 0x6A11, 0x6A1A, 0x6A1D, 0xD892, 0x6A32, 0x6A33, 0x6A34, 0x6A3F, 0x6A46, 0x6A49,
	0x6A7A, 0x6A4E, 0x6A52, 0x6A64, 0xD893, 0x6A7E, 0x6A83, 0x6A8B, 0x3BF0, 0x6A91, 0x6A9F, 0x6AA1,
	0xD894, 0x6AAB, 0x6ABD, 0x6AC6, 0x6AD4, 0x6AD0, 0x6ADC, 0x6ADD, 0xD895, 0xD896, 0x6AEC, 0x6AF1,
	0x6AF2, 0x6AF3, 0x6AFD, 0xD897, 0x6B0B, 0x6B0F, 0x6B10, 0x6B11, 0xD898, 0x6B17, 0x3C26, 0x6B2F,
	0x6B4A, 0x6B58, 0x6B6C, 0x6B75, 0x6B7A, 0x6B81, 0x6B9B, 0x6BAE, 0xD899, 0x6BBD, 0x6BBE, 0x6BC7,
	0x6BC8, 0x6BC9, 0x6BDA, 0x6BE6, 0x6BE7, 0x6BEE, 0x6BF1, 0x6C02, 0x6C0A, 0x6C0E, 0x6C35, 0x6C36,
	0x6C3A, 0xD89A, 0x6C3F, 0x6C4D, 0x6C5B, 0x6C6D, 0x6C84, 0x6C89, 0x3CC3, 0x6C94, 0x6C95, 0x6C97,
	0x6CAD, 0x6CC2, 0x6CD0, 0x3CD2, 0x6CD6, 0x6CDA, 0x6CDC, 0x6CE9, 0x6CEC, 0x6CED, 0xD89B, 0x6D00,
	0x6D0A, 0x6D24, 0x6D26, 0x6D27, 0x6C67, 0x6D2F, 0x6D3C, 0x6D5B, 0x6D5E, 0x6D60, 0x6D70, 0x6D80,
	0x6D81, 0x6D8A, 0x6D8D, 0x6D91, 0x6D98, 0xD89C, 0x6E17, 0xD89D, 0xD89E, 0xD89F, 0x6DAB, 0x6DAE,
	0x6DB4, 0x6DC2, 0x6D34, 0x6DC8, 0x6DCE, 0x6DCF, 0x6DD0, 0x6DDF, 0x6DE9, 0x6DF6, 0x6E36, 0x6E1E,
	0x6E22, 0x6E27, 0x3D11, 0x6E32, 0x6E3C, 0x6E48, 0x6E49, 0x6E4B, 0x6E4C, 0x6E4F, 0x6E51, 0x6E53,
	0x6E54, 0x6E57, 0x6E63, 0x3D1E, 0x6E93, 0x6EA7, 0x6EB4, 0x6EBF, 0x6EC3, 0x6ECA, 0x6ED9, 0x6F35,
	0x6EEB, 0x6EF9, 0x6EFB, 0x6F0A, 0x6F0C, 0x6F18, 0x6F25, 0x6F36, 0x6F3C, 0xD8A0, 0x6F52, 0x6F57,
	0x6F5A, 0x6F60, 0x6F68, 0x6F98, 0x6F7D, 0x6F90, 0x6F96, 0x6FBE, 0x6F9F, 0x6FA5, 0x6FAF, 0x3D64,
	0x6FB5, 0x6FC8, 0x6FC9, 0x6FDA, 0x6FDE, 0x6FE9, 0xD8A1, 0x6FFC, 0x7000, 0x7007, 0x700A, 0x7023,
	0xD8A2, 0x7039, 0x703A, 0x703C, 0x7043, 0x7047, 0x704B, 0x3D9A, 0x7054, 0x7065, 0x7069, 0x706C,
	0x706E, 0x7076, 0x707E, 0x7081, 0x7086, 0x7095, 0x7097, 0x70BB, 0xD8A3, 0x709F, 0x70B1, 0xD8A4,
	0x70EC, 0x70CA, 0x70D1, 0x70D3, 0x70DC, 0x7103, 0x7104, 0x7106, 0x7107, 0x7108, 0x710C, 0x3DC0,
	0x712F, 0x7131, 0x7150, 0x714A, 0x7153, 0x715E, 0x3DD4, 0x7196, 0x7180, 0x719B, 0x71A0, 0x71A2,
	0x71AE, 0x71AF, 0x71B3, 0xD8A5, 0x71CB, 0x71D3, 0x71D9, 0x71DC, 0x7207, 0x3E05, 0xFA49, 0x722B,
	0x7234, 0x7238, 0x7239, 0x4E2C, 0x7242, 0x7253, 0x7257, 0x7263, 0xD8A6, 0x726E, 0x726F, 0x7278,
	0x727F, 0x728E, 0xD8A7, 0x72AD, 0x72AE, 0x72B0, 0x72B1, 0x72C1, 0x3E60, 0x72CC, 0x3E66, 0x3E68,
	0x72F3, 0x72FA, 0x7307, 0x7312, 0x7318, 0x7319, 0x3E83, 0x7339, 0x732C, 0x7331, 0x7333, 0x733D,
	0x7352, 0x3E94, 0x736B, 0x736C, 0xD8A8, 0x736E, 0x736F, 0x7371, 0x7377, 0x7381, 0x7385, 0x738A,
	0x7394, 0x7398, 0x739C, 0x739E, 0x73A5, 0x73A8, 0x73B5, 0x73B7, 0x73B9, 0x73BC, 0x73BF, 0x73C5,
	0x73CB, 0x73E1, 0x73E7, 0x73F9, 0x7413, 0x73FA, 0x7401, 0x7424, 0x7431, 0x7439, 0x7453, 0x7440,
	0x7443, 0x744D, 0x7452, 0x745D, 0x7471, 0x7481, 0x7485, 0x7488, 0xD8A9, 0x7492, 0x7497, 0x7499,
	0x74A0, 0x74A1, 0x74A5, 0x74AA, 0x74AB, 0x74B9, 0x74BB, 0x74BA, 0x74D6, 0x74D8, 0x74DE, 0x74EF,
	0x74EB, 0xD8AA, 0x74FA, 0xD8AB, 0x7520, 0x7524, 0x752A, 0x3F57, 0xD8AC, 0x753D, 0x753E, 0x7540,
	0x7548, 0x754E, 0x7550, 0x7552, 0x756C, 0x7572, 0x7571, 0x757A, 0x757D, 0x757E, 0x7581, 0xD8AD,
	0x758C, 0x3F75, 0x75A2, 0x3F77, 0x75B0, 0x75B7, 0x75BF, 0x75C0, 0x75C6, 0x75CF, 0x75D3, 0x75DD,
	0x75DF, 0x75E0, 0x75E7, 0x75EC, 0x75EE, 0x75F1, 0x75F9, 0x7603, 0x7618, 0x7607, 0x760F, 0x3FAE,
	0xD8AE, 0x7613, 0x761B, 0x761C, 0xD8AF, 0x7625, 0x7628, 0x763C, 0x7633, 0xD8B0, 0x3FC9, 0x7641,
	0xD8B1, 0x7649, 0x7655, 0x3FD7, 0x766E, 0x7695, 0x769C, 0x76A1, 0x76A0, 0x76A7, 0x76A8, 0x76AF,
	0xD8B2, 0x76C9, 0xD8B3, 0x76E8, 0x76EC, 0xD8B4, 0x7717, 0x771A, 0x772D, 0x7735, 0xD8B5, 0x4039,
	0xD8B6, 0xD8B7, 0x7758, 0x7760, 0x776A, 0xD8B8, 0x7772, 0x777C, 0x777D, 0xD8B9, 0x4058, 0x779A,
	0x779F, 0x77A2, 0x77A4, 0x77A9, 0x77DE, 0x77DF, 0x77E4, 0x77E6, 0x77EA, 0x77EC, 0x4093, 0x77F0,
	0x77F4, 0x77FB, 0xD8BA, 0x7805, 0x7806, 0x7809, 0x780D, 0x7819, 0x7821, 0x782C, 0x7847, 0x7864,
	0x786A, 0xD8BB, 0x788A, 0x7894, 0x78A4, 0x789D, 0x789E, 0x789F, 0x78BB, 0x78C8, 0x78CC, 0x78CE,
	0x78D5, 0x78E0, 0x78E1, 0x78E6, 0x78F9, 0x78FA, 0x78FB, 0x78FE, 0xD8BC, 0x7910, 0x791B, 0x7930,
	0x7925, 0x793B, 0x794A, 0x7958, 0x795B, 0x4105, 0x7967, 0x7972, 0x7994, 0x7995, 0x7996, 0x799B,
	0x79A1, 0x79A9, 0x79B4, 0x79BB, 0x79C2, 0x79C7, 0x79CC, 0x79CD, 0x79D6, 0x4148, 0xD8BD, 0xD8BE,
	0x414F, 0x7A0A, 0x7A11, 0x7A15, 0x7A1B, 0x7A1E, 0x4163, 0x7A2D, 0x7A38, 0x7A47, 0x7A4C, 0x7A56,
	0x7A59, 0x7A5C, 0x7A5F, 0x7A60, 0x7A67, 0x7A6A, 0x7A75, 0x7A78, 0x7A82, 0x7A8A, 0x7A90, 0x7AA3,
	0x7AAC, 0xD8BF, 0x41B4, 0x7AB9, 0x7ABC, 0x7ABE, 0x41BF, 0x7ACC, 0x7AD1, 0x7AE7, 0x7AE8, 0x7AF4,
	0xD8C0, 0xD8C1, 0x7B07, 0xD8C2, 0x7B3D, 0x7B27, 0x7B2A, 0x7B2E, 0x7B2F, 0x7B31, 0x41E6, 0x41F3,
	0x7B7F, 0x7B41, 0x41EE, 0x7B55, 0x7B79, 0x7B64, 0x7B66, 0x7B69, 0x7B73, 0xD8C3, 0x4207, 0x7B90,
	0x7B91, 0x7B9B, 0x420E, 0x7BAF, 0x7BB5, 0x7BBC, 0x7BC5, 0x7BCA, 0xD8C4, 0xD8C5, 0x7BD4, 0x7BD6,
	0x7BDA, 0x7BEA, 0x7BF0, 0x7C03, 0x7C0B, 0x7C0E, 0x7C0F, 0x7C26, 0x7C45, 0x7C4A, 0x7C51, 0x7C57,
	0x7C5E, 0x7C61, 0x7C69, 0x7C6E, 0x7C6F, 0x7C70, 0xD8C6, 0xD8C7, 0xD8C8, 0x7CA6, 0xD8C9, 0x7CB6,
	0x7CB7, 0x7CBF, 0xD8CA, 0x7CC4, 0xD8CB, 0x7CC8, 0x7CCD, 0xD8CC, 0x7CD7, 0xD8CD, 0x7CE6, 0x7CEB,
	0xD8CE, 0x7CF5, 0x7D03, 0x7D09, 0x42C6, 0x7D12, 0x7D1E, 0xD8CF, 0xD8D0, 0x7D3D, 0x7D3E, 0x7D40,
	0x7D47, 0xD8D1, 0xD8D2, 0x42D6, 0x7D59, 0x7D5A, 0x7D6A, 0x7D70, 0x42DD, 0x7D7F, 0xD8D3, 0x7D86,
	0x7D88, 0x7D8C, 0x7D97, 0xD8D4, 0x7D9D, 0x7DA7, 0x7DAA, 0x7DB6, 0x7DB7, 0x7DC0, 0x7DD7, 0x7DD9,
	0x7DE6, 0x7DF1, 0x7DF9, 0x4302, 0xD8D5, 0xFA58, 0x7E10, 0x7E17, 0x7E1D, 0x7E20, 0x7E27, 0x7E2C,
	0x7E45, 0x7E73, 0x7E75, 0x7E7E, 0x7E86, 0x7E87, 0x432B, 0x7E91, 0x7E98, 0x7E9A, 0x4343, 0x7F3C,
	0x7F3B, 0x7F3E, 0x7F43, 0x7F44, 0x7F4F, 0x34C1, 0xD8D6, 0x7F52, 0xD8D7, 0x7F61, 0x7F63, 0x7F64,
	0x7F6D, 0x7F7D, 0x7F7E, 0xD8D8, 0x7F90, 0x517B, 0xD8D9, 0x7F96, 0x7F9C, 0x7FAD, 0xD8DA, 0x7FC3,
	0x7FCF, 0x7FE3, 0x7FE5, 0x7FEF, 0x7FF2, 0x8002, 0x800A, 0x8008, 0x800E, 0x8011, 0x8016, 0x8024,
	0x802C, 0x8030, 0x8043, 0x8066, 0x8071, 0x8075, 0x807B, 0x8099, 0x809C, 0x80A4, 0x80A7, 0x80B8,
	0xD8DB, 0x80C5, 0x80D5, 0x80D8, 0x80E6, 0xD8DC, 0x810D, 0x80F5, 0x80FB, 0x43EE, 0x8135, 0x8116,
	0x811E, 0x43F0, 0x8124, 0x8127, 0x812C, 0xD8DD, 0x813D, 0x4408, 0x8169, 0x4417, 0x8181, 0x441C,
	0x8184, 0x8185, 0x4422, 0x8198, 0x81B2, 0x81C1, 0x81C3, 0x81D6, 0x81DB, 0xD8DE, 0x81E4, 0xD8DF,
	0x81EC, 0xD8E0, 0x81FD, 0x81FF, 0xD8E1, 0x8204, 0xD8E2, 0x8219, 0x8221, 0x8222, 0xD8E3, 0x8232,
	0x8234, 0x823C, 0x8246, 0x8249, 0x8245, 0xD8E4, 0x824B, 0x4476, 0x824F, 0x447A, 0x8257, 0xD8E5,
	0x825C, 0x8263, 0xD8E6, 0xFA5D, 0xFA5E, 0x8279, 0x4491, 0x827D, 0x827F, 0x8283, 0x828A, 0x8293,
	0x82A7, 0x82A8, 0x82B2, 0x82B4, 0x82BA, 0x82BC, 0x82E2, 0x82E8, 0x82F7, 0x8307, 0x8308, 0x830C,
	0x8354, 0x831B, 0x831D, 0x8330, 0x833C, 0x8344, 0x8357, 0x44BE, 0x837F, 0x44D4, 0x44B3, 0x838D,
	0x8394, 0x8395, 0x839B, 0x839D, 0x83C9, 0x83D0, 0x83D4, 0x83DD, 0x83E5, 0x83F9, 0x840F, 0x8411,
	0x8415, 0xD8E7, 0x8417, 0x8439, 0x844A, 0x844F, 0x8451, 0x8452, 0x8459, 0x845A, 0x845C, 0xD8E8,
	0x8465, 0x8476, 0x8478, 0x847C, 0x8481, 0x450D, 0x84DC, 0x8497, 0x84A6, 0x84BE, 0x4508, 0x84CE,
	0x84CF, 0x84D3, 0xD8E9, 0x84E7, 0x84EA, 0x84EF, 0x84F0, 0x84F1, 0x84FA, 0x84FD, 0x850C, 0x851B,
	0x8524, 0x8525, 0x852B, 0x8534, 0x854F, 0x856F, 0x4525, 0x4543, 0x853E, 0x8551, 0x8553, 0x855E,
	0x8561, 0x8562, 0xD8EA, 0x857B, 0x857D, 0x857F, 0x8581, 0x8586, 0x8593, 0x859D, 0x859F, 0xD8EB,
	0xD8EC, 0xD8ED, 0x85B7, 0x85BC, 0x85C7, 0x85CA, 0x85D8, 0x85D9, 0x85DF, 0x85E1, 0x85E6, 0x85F6,
	0x8600, 0x8611, 0x861E, 0x8621, 0x8624, 0x8627, 0xD8EE, 0x8639, 0x863C, 0xD8EF, 0x8640, 0xFA20,
	0x8653, 0x8656, 0x866F, 0x8677, 0x867A, 0x8687, 0x8689, 0x868D, 0x8691, 0x869C, 0x869D, 0x86A8,
	0xFA21, 0x86B1, 0x86B3, 0x86C1, 0x86C3, 0x86D1, 0x86D5, 0x86D7, 0x86E3, 0x86E6, 0x45B8, 0x8705,
	0x8707, 0x870E, 0x8710, 0x8713, 0x8719, 0x871F, 0x8721, 0x8723, 0x8731, 0x873A, 0x873E, 0x8740,
	0x8743, 0x8751, 0x8758, 0x8764, 0x8765, 0x8772, 0x877C, 0xD8F0, 0xD8F1, 0x87A7, 0x8789, 0x878B,
	0x8793, 0x87A0, 0xD8F2, 0x45E5, 0x87BE, 0xD8F3, 0x87C1, 0x87CE, 0x87F5, 0x87DF, 0xD8F4, 0x87E3,
	0x87E5, 0x87E6, 0x87EA, 0x87EB, 0x87ED, 0x8801, 0x8803, 0x880B, 0x8813, 0x8828, 0x882E, 0x8832,
	0x883C, 0x460F, 0x884A, 0x8858, 0x885F, 0x8864, 0xD8F5, 0xD8F6, 0x8869, 0xD8F7, 0x886F, 0x88A0,
	0x88BC, 0x88BD, 0x88BE, 0x88C0, 0x88D2, 0xD8F8, 0x88D1, 0x88D3, 0x88DB, 0x88F0, 0x88F1, 0x4641,
	0x8901, 0xD8F9, 0x8937, 0xD8FA, 0x8942, 0x8945, 0x8949, 0xD8FB, 0x4665, 0x8962, 0x8980, 0x8989,
	0x8990, 0x899F, 0x89B0, 0x89B7, 0x89D6, 0x89D8, 0x89EB, 0x46A1, 0x89F1, 0x89F3, 0x89FD, 0x89FF,
	0x46AF, 0x8A11, 0x8A14, 0xD8FC, 0x8A21, 0x8A35, 0x8A3E, 0x8A45, 0x8A4D, 0x8A58, 0x8AAE, 0x8A90,
	0x8AB7, 0x8ABE, 0x8AD7, 0x8AFC, 0xD8FD, 0x8B0A, 0x8B05, 0x8B0D, 0x8B1C, 0x8B1F, 0x8B2D, 0x8B43,
	0x470C, 0x8B51, 0x8B5E, 0x8B76, 0x8B7F, 0x8B81, 0x8B8B, 0x8B94, 0x8B95, 0x8B9C, 0x8B9E, 0x8C39,
	0xD8FE, 0x8C3D, 0xD8FF, 0xD900, 0x8C45, 0x8C47, 0x8C4F, 0x8C54, 0x8C57, 0x8C69, 0x8C6D, 0x8C73,
	0xD901, 0x8C93, 0x8C92, 0x8C99, 0x4764, 0x8C9B, 0x8CA4, 0x8CD6, 0x8CD5, 0x8CD9, 0xD902, 0x8CF0,
	0x8CF1, 0xD903, 0x8D09, 0x8D0E, 0x8D6C, 0x8D84, 0x8D95, 0x8DA6, 0xD904, 0x8DC6, 0x8DC8, 0x8DD9,
	0x8DEC, 0x8E0C, 0x47FD, 0x8DFD, 0x8E06, 0xD905, 0x8E14, 0x8E16, 0x8E21, 0x8E22, 0x8E27, 0xD906,
	0x4816, 0x8E36, 0x8E39, 0x8E4B, 0x8E54, 0x8E62, 0x8E6C, 0x8E6D, 0x8E6F, 0x8E98, 0x8E9E, 0x8EAE,
	0x8EB3, 0x8EB5, 0x8EB6, 0x8EBB, 0xD907, 0x8ED1, 0x8ED4, 0x484E, 0x8EF9, 0xD908, 0x8F00, 0x8F08,
	0x8F17, 0x8F2B, 0x8F40, 0x8F4A, 0x8F58, 0xD909, 0x8FA4, 0x8FB4, 0xFA66, 0x8FB6, 0xD90A, 0x8FC1,
	0x8FC6, 0xFA24, 0x8FCA, 0x8FCD, 0x8FD3, 0x8FD5, 0x8FE0, 0x8FF1, 0x8FF5, 0x8FFB, 0x9002, 0x900C,
	0x9037, 0xD90B, 0x9043, 0x9044, 0x905D, 0xD90C, 0xD90D, 0x9085, 0x908C, 0x9090, 0x961D, 0x90A1,
	0x48B5, 0x90B0, 0x90B6, 0x90C3, 0x90C8, 0xD90E, 0x90DC, 0x90DF, 0xD90F, 0x90F6, 0x90F2, 0x9100,
	0x90EB, 0x90FE, 0x90FF, 0x9104, 0x9106, 0x9118, 0x911C, 0x911E, 0x9137, 0x9139, 0x913A, 0x9146,
	0x9147, 0x9157, 0x9159, 0x9161, 0x9164, 0x9174, 0x9179, 0x9185, 0x918E, 0x91A8, 0x91AE, 0x91B3,
	0x91B6, 0x91C3, 0x91C4, 0x91DA, 0xD910, 0xD911, 0x91EC, 0x91EE, 0x9201, 0x920A, 0x9216, 0x9217,
	0xD912, 0x9233, 0x9242, 0x9247, 0x924A, 0x924E, 0x9251, 0x9256, 0x9259, 0x9260, 0x9261, 0x9265,
	0x9267, 0x9268, 0xD913, 0xD914, 0x927C, 0x927D, 0x927F, 0x9289, 0x928D, 0x9297, 0x9299, 0x929F,
	0x92A7, 0x92AB, 0xD915, 0xD916, 0x92B2, 0x92BF, 0x92C0, 0x92C6, 0x92CE, 0x92D0, 0x92D7, 0x92D9,
	0x92E5, 0x92E7, 0x9311, 0xD917, 0xD918, 0x92F7, 0x92F9, 0x92FB, 0x9302, 0x930D, 0x9315, 0x931D,
	0x931E, 0x9327, 0x9329, 0xD919, 0xD91A, 0x9347, 0x9351, 0x9357, 0x935A, 0x936B, 0x9371, 0x9373,
	0x93A1, 0xD91B, 0xD91C, 0x9388, 0x938B, 0x938F, 0x939E, 0x93F5, 0xD91D, 0xD91E, 0x93F1, 0x93C1,
	0x93C7, 0x93DC, 0x93E2, 0x93E7, 0x9409, 0x940F, 0x9416, 0x9417, 0x93FB, 0x9432, 0x9434, 0x943B,
	0x9445, 0xD91F, 0xD920, 0x946D, 0x946F, 0x9578, 0x9579, 0x9586, 0x958C, 0x958D, 0xD921, 0x95AB,
	0x95B4, 0xD922, 0x95C8, 0xD923, 0xD924, 0x962C, 0x9633, 0x9634, 0xD925, 0x963C, 0x9641, 0x9661,
	0xD926, 0x9682, 0xD927, 0x969A, 0xD928, 0x49E7, 0x96A9, 0x96AF, 0x96B3, 0x96BA, 0x96BD, 0x49FA,
	0xD929, 0x96D8, 0x96DA, 0x96DD, 0x4A04, 0x9714, 0x9723, 0x4A29, 0x9736, 0x9741, 0x9747, 0x9755,
	0x9757, 0x975B, 0x976A, 0xD92A, 0xD92B, 0x9796, 0x979A, 0x979E, 0x97A2, 0x97B1, 0x97B2, 0x97BE,
	0x97CC, 0x97D1, 0x97D4, 0x97D8, 0x97D9, 0x97E1, 0x97F1, 0x9804, 0x980D, 0x980E, 0x9814, 0x9816,
	0x4ABC, 0xD92C, 0x9823, 0x9832, 0x9833, 0x9825, 0x9847, 0x9866, 0x98AB, 0x98AD, 0x98B0, 0xD92D,
	0x98B7, 0x98B8, 0x98BB, 0x98BC, 0x98BF, 0x98C2, 0x98C7, 0x98CB, 0x98E0, 0xD92E, 0x98E1, 0x98E3,
	0x98E5, 0x98EA, 0x98F0, 0x98F1, 0x98F3, 0x9908, 0x4B3B, 0xD92F, 0x9916, 0x9917, 0xD930, 0x991A,
	0x991B, 0x991C, 0xD931, 0x9931, 0x9932, 0x9933, 0x993A, 0x993B, 0x993C, 0x9940, 0x9941, 0x9946,
	0x994D, 0x994E, 0x995C, 0x995F, 0x9960, 0x99A3, 0x99A6, 0x99B9, 0x99BD, 0x99BF, 0x99C3, 0x99C9,
	0x99D4, 0x99D9, 0x99DE, 0xD932, 0x99F0, 0x99F9, 0x99FC, 0x9A0A, 0x9A11, 0x9A16, 0x9A1A, 0x9A20,
	0x9A31, 0x9A36, 0x9A44, 0x9A4C, 0x9A58, 0x4BC2, 0x9AAF, 0x4BCA, 0x9AB7, 0x4BD2, 0x9AB9, 0xD933,
	0x9AC6, 0x9AD0, 0x9AD2, 0x9AD5, 0x4BE8, 0x9ADC, 0x9AE0, 0x9AE5, 0x9AE9, 0x9B03, 0x9B0C, 0x9B10,
	0x9B12, 0x9B16, 0x9B1C, 0x9B2B, 0x9B33, 0x9B3D, 0x4C20, 0x9B4B, 0x9B63, 0x9B65, 0x9B6B, 0x9B6C,
	0x9B73, 0x9B76, 0x9B77, 0x9BA6, 0x9BAC, 0x9BB1, 0xD934, 0xD935, 0x9BB2, 0x9BB8, 0x9BBE, 0x9BC7,
	0x9BF3, 0x9BD8, 0x9BDD, 0x9BE7, 0x9BEA, 0x9BEB, 0x9BEF, 0x9BEE, 0xD936, 0x9BFA, 0xD937, 0x9BF7,
	0xD938, 0x9C16, 0x9C18, 0x9C19, 0x9C1A, 0x9C1D, 0x9C22, 0x9C27, 0x9C29, 0x9C2A, 0xD939, 0x9C31,
	0x9C36, 0x9C37, 0x9C45, 0x9C5C, 0xD93A, 0x9C49, 0x9C4A, 0xD93B, 0x9C54, 0x9C58, 0x9C5B, 0x9C5D,
	0x9C5F, 0x9C69, 0x9C6A, 0x9C6B, 0x9C6D, 0x9C6E, 0x9C70, 0x9C72, 0x9C75, 0x9C7A, 0x9CE6, 0x9CF2,
	0x9D0B, 0x9D02, 0xD93C, 0x9D11, 0x9D17, 0x9D18, 0xD93D, 0x4CC4, 0xD93E, 0x9D32, 0x4CD1, 0x9D42,
	0x9D4A, 0x9D5F, 0x9D62, 0xD93F, 0x9D69, 0x9D6B, 0xD940, 0x9D73, 0x9D76, 0x9D77, 0x9D7E, 0x9D84,
	0x9D8D, 0x9D99, 0x9DA1, 0x9DBF, 0x9DB5, 0x9DB9, 0x9DBD, 0x9DC3, 0x9DC7, 0x9DC9, 0x9DD6, 0x9DDA,
	0x9DDF, 0x9DE0, 0x9DE3, 0x9DF4, 0x4D07, 0x9E0A, 0x9E02, 0x9E0D, 0x9E19, 0x9E1C, 0x9E1D, 0x9E7B,
	0xD941, 0x9E80, 0x9E85, 0x9E9B, 0x9EA8, 0xD942, 0x9EBD, 0xD943, 0x9EDF, 0x9EE7, 0x9EEE, 0x9EFF,
	0x9F02, 0x4D77, 0x9F03, 0x9F17, 0x9F19, 0x9F2F, 0x9F37, 0x9F3A, 0x9F3D, 0x9F41, 0x9F45, 0x9F46,
	0x9F53, 0x9F55, 0x9F58, 0xD944, 0x9F5D, 0xD945, 0x9F69, 0xD946, 0x9F6D, 0x9F70, 0x9F75, 0xD947,
	0x0000, 0x0000, 0x0000, 0x0000, 0x0000, 0x0000, 0x0000, 0x0000, 0x0000, 0x0000, 0x0000, 0x0000,
	0x0000, 0x0000, 0x0000, 0x0000, 0x0000, 0x0000, 0x0000, 0x0000, 0x0000, 0x0000, 0x0000, 0x0000,
	0x0000, 0x0000, 0x0000, 0x0000, 0x0000, 0x0000, 0x0000, 0x0000, 0x0000, 0x0000, 0x0000, 0x0000,
	0x0000, 0x0000, 0x0000, 0x0000, 0x0000, 0x0000, 0x0000, 0x0000, 0x0000, 0x0000, 0x0000, 0x0000,
	0x0000, 0x0000, 0x0000, 0x0000, 0x0000, 0x0000, 0x0000, 0x0000, 0x0000, 0x0000, 0x0000, 0x0000,
	0x0000, 0x0000, 0x0000, 0x0000, 0x0000, 0x0000, 0x0000, 0x0000, 0x0000, 0x0000, 0x0000, 0x0000,
	0x0000, 0x0000, 0x0000, 0x0000, 0x0000, 0x0000, 0x0000, 0x0000, 0x0000, 0x0000, 0x0000, 0x0000,
	0x0000, 0x0000, 0x0000, 0x0000, 0x0000, 0x0000, 0x0000, 0x0000, 0x0000, 0x0000, 0x0000, 0x0000,
	0x0000, 0x0000, 0x0000, 0x0000, 0x0000, 0x0000, 0x0000, 0x0000, 0x0000, 0x0000, 0x0000, 0x0000,
	0x0000, 0x0000, 0x0000, 0x0000, 0x0000, 0x0000, 0x0000, 0x0000, 0x02D8, 0x02C7, 0x00B8, 0x02D9,
	0x02DD, 0x00AF, 0x02DB, 0x02DA, 0x007E, 0x0384, 0x0385, 0x0000, 0x0000, 0x0000, 0x0000, 0x0000,
	0x0000, 0x0000, 0x0000, 0x00A1, 0x00A6, 0x00BF, 0x0000, 0x0000, 0x0000, 0x0000, 0x0000, 0x0000,
	0x0000, 0x0000, 0x0000, 0x0000, 0x0000, 0x0000, 0x0000, 0x0000, 0x0000, 0x0000, 0x0000, 0x0000,
	0x0000, 0x0000, 0x0000, 0x0000, 0x0000, 0x0000, 0x0000, 0x0000, 0x0000, 0x0000, 0x0000, 0x0000,
	0x0000, 0x0000, 0x0000, 0x0000, 0x0000, 0x0000, 0x0000, 0x0000, 0x00BA, 0x00AA, 0x00A9, 0x00AE,
	0x2122, 0x00A4, 0x2116, 0x0000, 0x0000, 0x0000, 0x0000, 0x0000, 0x0000, 0x0000, 0x0000, 0x0000,
	0x0000, 0x0000, 0x0000, 0x0000, 0x0000, 0x0000, 0x0000, 0x0000, 0x0000, 0x0000, 0x0000, 0x0000,
	0x0000, 0x0000, 0x0000, 0x0000, 0x0000, 0x0000, 0x0000, 0x0000, 0x0000, 0x0000, 0x0000, 0x0000,
	0x0000, 0x0000, 0x0000, 0x0000, 0x0000, 0x0000, 0x0000, 0x0000, 0x0000, 0x0000, 0x0000, 0x0000,
	0x0000, 0x0000, 0x0000, 0x0000, 0x0000, 0x0000, 0x0000, 0x0000, 0x0000, 0x0000, 0x0000, 0x0000,
	0x0000, 0x0000, 0x0000, 0x0000, 0x0000, 0x0000, 0x0000, 0x0000, 0x0000, 0x0000, 0x0000, 0x0000,
	0x0000, 0x0000, 0x0000, 0x0000, 0x0000, 0x0000, 0x0000, 0x0000, 0x0000, 0x0000, 0x0000, 0x0000,
	0x0000, 0x0000, 0x0000, 0x0000, 0x0000, 0x0000, 0x0000, 0x0000, 0x0000, 0x0000, 0x0000, 0x0000,
	0x0000, 0x0000, 0x0000, 0x0000, 0x0000, 0x0000, 0x0000, 0x0000, 0x0000, 0x0000, 0x0000, 0x0000,
	0x0000, 0x0000, 0x0000, 0x0000, 0x0000, 0x0000, 0x0000, 0x0000, 0x0000, 0x0000, 0x0000, 0x0000,
	0x0000, 0x0000, 0x0000, 0x0000, 0x0000, 0x0000, 0x0000, 0x0000, 0x0000, 0x0000, 0x0000, 0x0000,
	0x0000, 0x0000, 0x0000, 0x0000, 0x0000, 0x0000, 0x0000, 0x0000, 0x0000, 0x0000, 0x0000, 0x0000,
	0x0000, 0x0000, 0x0000, 0x0000, 0x0000, 0x0000, 0x0000, 0x0000, 0x0000, 0x0000, 0x0000, 0x0000,
	0x0000, 0x0000, 0x0000, 0x0000, 0x0000, 0x0000, 0x0000, 0x0000, 0x0000, 0x0000, 0x0000, 0x0000,
	0x0000, 0x0000, 0x0000, 0x0000, 0x0000, 0x0000, 0x0000, 0x0000, 0x0000, 0x0000, 0x0000, 0x0000,
	0x0000, 0x0000, 0x0000, 0x0000, 0x0000, 0x0000, 0x0000, 0x0000, 0x0000, 0x0000, 0x0000, 0x0000,
	0x0000, 0x0000, 0x0000, 0x0000, 0x0000, 0x0000, 0x0000, 0x0000, 0x0000, 0x0000, 0x0000, 0x0000,
	0x0000, 0x0000, 0x0000, 0x0000, 0x0000, 0x0000, 0x0000, 0x0000, 0x0000, 0x0000, 0x0000, 0x0000,
	0x0000, 0x0000, 0x0000, 0x0000, 0x0000, 0x0000, 0x0000, 0x0000, 0x0000, 0x0000, 0x0000, 0x0000,
	0x0000, 0x0000, 0x0000, 0x0000, 0x0000, 0x0000, 0x0000, 0x0000, 0x0000, 0x0000, 0x0000, 0x0000,
	0x0000, 0x0000, 0x0000, 0x0000, 0x0000, 0x0000, 0x0000, 0x0000, 0x0000, 0x0000, 0x0000, 0x0000,
	0x0000, 0x0000, 0x0000, 0x0000, 0x0000, 0x0000, 0x0000, 0x0000, 0x0000, 0x0000, 0x0000, 0x0000,
	0x0000, 0x0000, 0x0000, 0x0000, 0x0000, 0x0000, 0x0000, 0x0000, 0x0000, 0x0000, 0x0000, 0x0000,
	0x0000, 0x0000, 0x0000, 0x0000, 0x0000, 0x0000, 0x0000, 0x0000, 0x0000, 0x0000, 0x0000, 0x0000,
	0x0000, 0x0000, 0x0000, 0x0000, 0x0000, 0x0000, 0x0000, 0x0000, 0x0000, 0x0000, 0x0000, 0x0000,
	0x0000, 0x0000, 0x0000, 0x0000, 0x0000, 0x0000, 0x0000, 0x0000, 0x0000, 0x0000, 0x0000, 0x0000,
	0x0000, 0x0000, 0x0000, 0x0000, 0x0000, 0x0000, 0x0000, 0x0000, 0x0000, 0x0000, 0x0000, 0x0000,
	0x0000, 0x0000, 0x0000, 0x0000, 0x0000, 0x0000, 0x0000, 0x0000, 0x0000, 0x0000, 0x0000, 0x0000,
	0x0000, 0x0000, 0x0000, 0x0000, 0x0000, 0x0000, 0x0000, 0x0000, 0x0000, 0x0000, 0x0000, 0x0000,
	0x0000, 0x0000, 0x0000, 0x0000, 0x0000, 0x0000, 0x0000, 0x0000, 0x0000, 0x0000, 0x0000, 0x0000,
	0x0000, 0x0000, 0x0386, 0x0388, 0x0389, 0x038A, 0x03AA, 0x0000, 0x038C, 0x0000, 0x038E, 0x03AB,
	0x0000, 0x038F, 0x0000, 0x0000, 0x0000, 0x0000, 0x03AC, 0x03AD, 0x03AE, 0x03AF, 0x03CA, 0x0390,
	0x03CC, 0x03C2, 0x03CD, 0x03CB, 0x03B0, 0x03CE, 0x0000, 0x0000, 0x0000, 0x0000, 0x0000, 0x0000,
	0x0000, 0x0000, 0x0000, 0x0000, 0x0000, 0x0000, 0x0000, 0x0000, 0x0000, 0x0000, 0x0000, 0x0000,
	0x0000, 0x0000, 0x0000, 0x0000, 0x0000, 0x0000, 0x0000, 0x0000, 0x0000, 0x0000, 0x0000, 0x0000,
	0x0000, 0x0000, 0x0000, 0x0000, 0x0000, 0x0402, 0x0403, 0x0404, 0x0405, 0x0406, 0x0407, 0x0408,
	0x0409, 0x040A, 0x040B, 0x040C, 0x040E, 0x040F, 0x0000, 0x0000, 0x0000, 0x0000, 0x0000, 0x0000,
	0x0000, 0x0000, 0x0000, 0x0000, 0x0000, 0x0000, 0x0000, 0x0000, 0x0000, 0x0000, 0x0000, 0x0000,
	0x0000, 0x0000, 0x0000, 0x0000, 0x0000, 0x0000, 0x0000, 0x0000, 0x0000, 0x0000, 0x0000, 0x0000,
	0x0000, 0x0000, 0x0000, 0x0000, 0x0000, 0x0452, 0x0453, 0x0454, 0x0455, 0x0456, 0x0457, 0x0458,
	0x0459, 0x045A, 0x045B, 0x045C, 0x045E, 0x045F, 0x0000, 0x0000, 0x0000, 0x0000, 0x0000, 0x0000,
	0x0000, 0x0000, 0x0000, 0x0000, 0x0000, 0x0000, 0x0000, 0x0000, 0x0000, 0x0000, 0x0000, 0x0000,
	0x0000, 0x0000, 0x0000, 0x0000, 0x0000, 0x0000, 0x0000, 0x0000, 0x0000, 0x0000, 0x0000, 0x0000,
	0x0000, 0x0000, 0x0000, 0x0000, 0x0000, 0x0000, 0x0000, 0x0000, 0x0000, 0x0000, 0x0000, 0x0000,
	0x0000, 0x0000, 0x0000, 0x0000, 0x0000, 0x0000, 0x0000, 0x0000, 0x0000, 0x0000, 0x0000, 0x0000,
	0x0000, 0x0000, 0x0000, 0x0000, 0x0000, 0x0000, 0x0000, 0x0000, 0x0000, 0x0000, 0x0000, 0x0000,
	0x0000, 0x0000, 0x0000, 0x0000, 0x0000, 0x0000, 0x0000, 0x0000, 0x0000, 0x0000, 0x0000, 0x0000,
	0x0000, 0x0000, 0x0000, 0x0000, 0x0000, 0x0000, 0x0000, 0x0000, 0x0000, 0x0000, 0x0000, 0x0000,
	0x0000, 0x0000, 0x0000, 0x0000, 0x00C6, 0x0110, 0x0000, 0x0126, 0x0000, 0x0132, 0x0000, 0x0141,
	0x013F, 0x0000, 0x014A, 0x00D8, 0x0152, 0x0000, 0x0166, 0x00DE, 0x0000, 0x0000, 0x0000, 0x0000,
	0x0000, 0x0000, 0x0000, 0x0000, 0x0000, 0x0000, 0x0000, 0x0000, 0x0000, 0x0000, 0x0000, 0x0000,
	0x00E6, 0x0111, 0x00F0, 0x0127, 0x0131, 0x0133, 0x0138, 0x0142, 0x0140, 0x0149, 0x014B, 0x00F8,
	0x0153, 0x00DF, 0x0167, 0x00FE, 0x0000, 0x0000, 0x0000, 0x0000, 0x0000, 0x0000, 0x0000, 0x0000,
	0x0000, 0x0000, 0x0000, 0x0000, 0x0000, 0x0000, 0x0000, 0x0000, 0x0000, 0x0000, 0x0000, 0x0000,
	0x0000, 0x0000, 0x0000, 0x0000, 0x0000, 0x0000, 0x0000, 0x0000, 0x0000, 0x0000, 0x0000, 0x0000,
	0x0000, 0x0000, 0x0000, 0x0000, 0x0000, 0x0000, 0x0000, 0x0000, 0x0000, 0x0000, 0x0000, 0x0000,
	0x0000, 0x0000, 0x00C1, 0x00C0, 0x00C4, 0x00C2, 0x0102, 0x01CD, 0x0100, 0x0104, 0x00C5, 0x00C3,
	0x0106, 0x0108, 0x010C, 0x00C7, 0x010A, 0x010E, 0x00C9, 0x00C8, 0x00CB, 0x00CA, 0x011A, 0x0116,
	0x0112, 0x0118, 0x0000, 0x011C, 0x011E, 0x0122, 0x0120, 0x0124, 0x00CD, 0x00CC, 0x00CF, 0x00CE,
	0x01CF, 0x0130, 0x012A, 0x012E, 0x0128, 0x0134, 0x0136, 0x0139, 0x013D, 0x013B, 0x0143, 0x0147,
	0x0145, 0x00D1, 0x00D3, 0x00D2, 0x00D6, 0x00D4, 0x01D1, 0x0150, 0x014C, 0x00D5, 0x0154, 0x0158,
	0x0156, 0x015A, 0x015C, 0x0160, 0x015E, 0x0164, 0x0162, 0x00DA, 0x00D9, 0x00DC, 0x00DB, 0x016C,
	0x01D3, 0x0170, 0x016A, 0x0172, 0x016E, 0x0168, 0x01D7, 0x01DB, 0x01D9, 0x01D5, 0x0174, 0x00DD,
	0x0178, 0x0176, 0x0179, 0x017D, 0x017B, 0x0000, 0x0000, 0x0000, 0x0000, 0x0000, 0x0000, 0x0000,
	0x00E1, 0x00E0, 0x00E4, 0x00E2, 0x0103, 0x01CE, 0x0101, 0x0105, 0x00E5, 0x00E3, 0x0107, 0x0109,
	0x010D, 0x00E7, 0x010B, 0x010F, 0x00E9, 0x00E8, 0x00EB, 0x00EA, 0x011B, 0x0117, 0x0113, 0x0119,
	0x01F5, 0x011D, 0x011F, 0x0000, 0x0121, 0x0125, 0x00ED, 0x00EC, 0x00EF, 0x00EE, 0x01D0, 0x0000,
	0x012B, 0x012F, 0x0129, 0x0135, 0x0137, 0x013A, 0x013E, 0x013C, 0x0144, 0x0148, 0x0146, 0x00F1,
	0x00F3, 0x00F2, 0x00F6, 0x00F4, 0x01D2, 0x0151, 0x014D, 0x00F5, 0x0155, 0x0159, 0x0157, 0x015B,
	0x015D, 0x0161, 0x015F, 0x0165, 0x0163, 0x00FA, 0x00F9, 0x00FC, 0x00FB, 0x016D, 0x01D4, 0x0171,
	0x016B, 0x0173, 0x016F, 0x0169, 0x01D8, 0x01DC, 0x01DA, 0x01D6, 0x0175, 0x00FD, 0x00FF, 0x0177,
	0x017A, 0x017E, 0x017C, 0x0000, 0x0000, 0x0000, 0x0000, 0x0000, 0x0000, 0x0000, 0x0000, 0x0000,
	0x0000, 0x0000, 0x0000, 0x0000, 0x0000, 0x0000, 0x0000, 0x0000, 0x0000, 0x0000, 0x0000, 0x0000,
	0x0000, 0x0000, 0x0000, 0x0000, 0x0000, 0x0000, 0x0000, 0x0000, 0x0000, 0x0000, 0x0000, 0x0000,
	0x0000, 0x0000, 0x0000, 0x0000, 0x0000, 0x0000, 0x0000, 0x0000, 0x0000, 0x0000, 0x0000, 0x0000,
	0x0000, 0x0000, 0x0000, 0x0000, 0x0000, 0x0000, 0x0000, 0x0000, 0x0000, 0x0000, 0x0000, 0x0000,
	0x0000, 0x0000, 0x0000, 0x0000, 0x0000, 0x0000, 0x0000, 0x0000, 0x0000, 0x0000, 0x0000, 0x0000,
	0x0000, 0x0000, 0x0000, 0x0000, 0x0000, 0x0000, 0x0000, 0x0000, 0x0000, 0x0000, 0x0000, 0x0000,
	0x0000, 0x0000, 0x0000, 0x0000, 0x0000, 0x0000, 0x0000, 0x0000, 0x0000, 0x0000, 0x0000, 0x0000,
	0x0000, 0x0000, 0x0000, 0x0000, 0x0000, 0x0000, 0x0000, 0x0000, 0x0000, 0x0000, 0x0000, 0x0000,
	0x0000, 0x0000, 0x0000, 0x0000, 0x0000, 0x0000, 0x0000, 0x0000, 0x0000, 0x0000, 0x0000, 0x0000,
	0x0000, 0x0000, 0x0000, 0x0000, 0x0000, 0x0000, 0x0000, 0x0000, 0x0000, 0x0000, 0x0000, 0x0000,
	0x0000, 0x0000, 0x0000, 0x0000, 0x0000, 0x0000, 0x0000, 0x0000, 0x0000, 0x0000, 0x0000, 0x0000,
	0x0000, 0x0000, 0x0000, 0x0000, 0x0000, 0x0000, 0x0000, 0x0000, 0x0000, 0x0000, 0x0000, 0x0000,
	0x0000, 0x0000, 0x0000, 0x0000, 0x0000, 0x0000, 0x0000, 0x0000, 0x0000, 0x0000, 0x0000, 0x0000,
	0x0000, 0x0000, 0x0000, 0x0000, 0x0000, 0x0000, 0x0000, 0x0000, 0x0000, 0x0000, 0x0000, 0x0000,
	0x0000, 0x0000, 0x0000, 0x0000, 0x0000, 0x0000, 0x0000, 0x0000, 0x0000, 0x0000, 0x0000, 0x0000,
	0x0000, 0x0000, 0x0000, 0x0000, 0x0000, 0x0000, 0x0000, 0x0000, 0x0000, 0x0000, 0x0000, 0x0000,
	0x0000, 0x0000, 0x0000, 0x0000, 0x0000, 0x0000, 0x0000, 0x0000, 0x0000, 0x0000, 0x0000, 0x0000,
	0x0000, 0x0000, 0x0000, 0x0000, 0x0000, 0x0000, 0x0000, 0x0000, 0x0000, 0x0000, 0x0000, 0x0000,
	0x0000, 0x0000, 0x0000, 0x0000, 0x0000, 0x0000, 0x0000, 0x0000, 0x0000, 0x0000, 0x0000, 0x0000,
	0x0000, 0x0000, 0x0000, 0x0000, 0x0000, 0x0000, 0x0000, 0x0000, 0x0000, 0x0000, 0x0000, 0x0000,
	0x0000, 0x0000, 0x0000, 0x0000, 0x0000, 0x0000, 0x0000, 0x0000, 0x0000, 0x0000, 0x0000, 0x0000,
	0x0000, 0x0000, 0x0000, 0x0000, 0x0000, 0x0000, 0x0000, 0x0000, 0x0000, 0x0000, 0x0000, 0x0000,
	0x0000, 0x0000, 0x0000, 0x0000, 0x0000, 0x0000, 0x0000, 0x0000, 0x0000, 0x0000, 0x0000, 0x0000,
	0x0000, 0x0000, 0x0000, 0x0000, 0x0000, 0x0000, 0x0000, 0x0000, 0x0000, 0x0000, 0x0000, 0x0000,
	0x0000, 0x0000, 0x0000, 0x0000, 0x0000, 0x0000, 0x0000, 0x0000, 0x0000, 0x0000, 0x0000, 0x0000,
	0x0000, 0x0000, 0x0000, 0x0000, 0x0000, 0x0000, 0x0000, 0x0000, 0x0000, 0x0000, 0x0000, 0x0000,
	0x0000, 0x0000, 0x0000, 0x0000, 0x0000, 0x0000, 0x0000, 0x0000, 0x0000, 0x0000, 0x0000, 0x0000,
	0x0000, 0x0000, 0x0000, 0x0000, 0x0000, 0x0000, 0x0000, 0x0000, 0x0000, 0x0000, 0x0000, 0x0000,
	0x0000, 0x0000, 0x0000, 0x0000, 0x0000, 0x0000, 0x0000, 0x0000, 0x0000, 0x0000, 0x0000, 0x0000,
	0x0000, 0x0000, 0x0000, 0x0000, 0x0000, 0x0000, 0x0000, 0x0000, 0x0000, 0x0000, 0x0000, 0x0000,
	0x0000, 0x0000, 0x0000, 0x0000, 0x0000, 0x0000, 0x0000, 0x0000, 0x0000, 0x0000, 0x0000, 0x0000,
	0x0000, 0x0000, 0x4E02, 0x4E04, 0x4E05, 0x4E0C, 0x4E12, 0x4E1F, 0x4E23, 0x4E24, 0x4E28, 0x4E2B,
	0x4E2E, 0x4E2F, 0x4E30, 0x4E35, 0x4E40, 0x4E41, 0x4E44, 0x4E47, 0x4E51, 0x4E5A, 0x4E5C, 0x4E63,
	0x4E68, 0x4E69, 0x4E74, 0x4E75, 0x4E79, 0x4E7F, 0x4E8D, 0x4E96, 0x4E97, 0x4E9D, 0x4EAF, 0x4EB9,
	0x4EC3, 0x4ED0, 0x4EDA, 0x4EDB, 0x4EE0, 0x4EE1, 0x4EE2, 0x4EE8, 0x4EEF, 0x4EF1, 0x4EF3, 0x4EF5,
	0x4EFD, 0x4EFE, 0x4EFF, 0x4F00, 0x4F02, 0x4F03, 0x4F08, 0x4F0B, 0x4F0C, 0x4F12, 0x4F15, 0x4F16,
	0x4F17, 0x4F19, 0x4F2E, 0x4F31, 0x4F60, 0x4F33, 0x4F35, 0x4F37, 0x4F39, 0x4F3B, 0x4F3E, 0x4F40,
	0x4F42, 0x4F48, 0x4F49, 0x4F4B, 0x4F4C, 0x4F52, 0x4F54, 0x4F56, 0x4F58, 0x4F5F, 0x4F63, 0x4F6A,
	0x4F6C, 0x4F6E, 0x4F71, 0x4F77, 0x4F78, 0x4F79, 0x4F7A, 0x4F7D, 0x4F7E, 0x4F81, 0x4F82, 0x4F84,
	0x4F85, 0x4F89, 0x4F8A, 0x4F8C, 0x4F8E, 0x4F90, 0x4F92, 0x4F93, 0x4F94, 0x4F97, 0x4F99, 0x4F9A,
	0x4F9E, 0x4F9F, 0x4FB2, 0x4FB7, 0x4FB9, 0x4FBB, 0x4FBC, 0x4FBD, 0x4FBE, 0x4FC0, 0x4FC1, 0x4FC5,
	0x4FC6, 0x4FC8, 0x4FC9, 0x4FCB, 0x4FCC, 0x4FCD, 0x4FCF, 0x4FD2, 0x4FDC, 0x4FE0, 0x4FE2, 0x4FF0,
	0x4FF2, 0x4FFC, 0x4FFD, 0x4FFF, 0x5000, 0x5001, 0x5004, 0x5007, 0x500A, 0x500C, 0x500E, 0x5010,
	0x5013, 0x5017, 0x5018, 0x501B, 0x501C, 0x501D, 0x501E, 0x5022, 0x5027, 0x502E, 0x5030, 0x5032,
	0x5033, 0x5035, 0x5040, 0x5041, 0x5042, 0x5045, 0x5046, 0x504A, 0x504C, 0x504E, 0x5051, 0x5052,
	0x5053, 0x5057, 0x5059, 0x505F, 0x5060, 0x5062, 0x5063, 0x5066, 0x5067, 0x506A, 0x506D, 0x5070,
	0x5071, 0x503B, 0x5081, 0x5083, 0x5084, 0x5086, 0x508A, 0x508E, 0x508F, 0x5090, 0x5092, 0x5093,
	0x5094, 0x5096, 0x509B, 0x509C, 0x509E, 0x509F, 0x50A0, 0x50A1, 0x50A2, 0x50AA, 0x50AF, 0x50B0,
	0x50B9, 0x50BA, 0x50BD, 0x50C0, 0x50C3, 0x50C4, 0x50C7, 0x50CC, 0x50CE, 0x50D0, 0x50D3, 0x50D4,
	0x50D8, 0x50DC, 0x50DD, 0x50DF, 0x50E2, 0x50E4, 0x50E6, 0x50E8, 0x50E9, 0x50EF, 0x50F1, 0x50F6,
	0x50FA, 0x50FE, 0x5103, 0x5106, 0x5107, 0x5108, 0x510B, 0x510C, 0x510D, 0x510E, 0x50F2, 0x5110,
	0x5117, 0x5119, 0x511B, 0x511C, 0x511D, 0x511E, 0x5123, 0x5127, 0x5128, 0x512C, 0x512D, 0x512F,
	0x5131, 0x5133, 0x5134, 0x5135, 0x5138, 0x5139, 0x5142, 0x514A, 0x514F, 0x5153, 0x5155, 0x5157,
	0x5158, 0x515F, 0x5164, 0x5166, 0x517E, 0x5183, 0x5184, 0x518B, 0x518E, 0x5198, 0x519D, 0x51A1,
	0x51A3, 0x51AD, 0x51B8, 0x51BA, 0x51BC, 0x51BE, 0x51BF, 0x51C2, 0x51C8, 0x51CF, 0x51D1, 0x51D2,
	0x51D3, 0x51D5, 0x51D8, 0x51DE, 0x51E2, 0x51E5, 0x51EE, 0x51F2, 0x51F3, 0x51F4, 0x51F7, 0x5201,
	0x5202, 0x5205, 0x5212, 0x5213, 0x5215, 0x5216, 0x5218, 0x5222, 0x5228, 0x5231, 0x5232, 0x5235,
	0x523C, 0x5245, 0x5249, 0x5255, 0x5257, 0x5258, 0x525A, 0x525C, 0x525F, 0x5260, 0x5261, 0x5266,
	0x526E, 0x5277, 0x5278, 0x5279, 0x5280, 0x5282, 0x5285, 0x528A, 0x528C, 0x5293, 0x5295, 0x5296,
	0x5297, 0x5298, 0x529A, 0x529C, 0x52A4, 0x52A5, 0x52A6, 0x52A7, 0x52AF, 0x52B0, 0x52B6, 0x52B7,
	0x52B8, 0x52BA, 0x52BB, 0x52BD, 0x52C0, 0x52C4, 0x52C6, 0x52C8, 0x52CC, 0x52CF, 0x52D1, 0x52D4,
	0x52D6, 0x52DB, 0x52DC, 0x52E1, 0x52E5, 0x52E8, 0x52E9, 0x52EA, 0x52EC, 0x52F0, 0x52F1, 0x52F4,
	0x52F6, 0x52F7, 0x5300, 0x5303, 0x530A, 0x530B, 0x530C, 0x5311, 0x5313, 0x5318, 0x531B, 0x531C,
	0x531E, 0x531F, 0x5325, 0x5327, 0x5328, 0x5329, 0x532B, 0x532C, 0x532D, 0x5330, 0x5332, 0x5335,
	0x533C, 0x533D, 0x533E, 0x5342, 0x534C, 0x534B, 0x5359, 0x535B, 0x5361, 0x5363, 0x5365, 0x536C,
	0x536D, 0x5372, 0x5379, 0x537E, 0x5383, 0x5387, 0x5388, 0x538E, 0x5393, 0x5394, 0x5399, 0x539D,
	0x53A1, 0x53A4, 0x53AA, 0x53AB, 0x53AF, 0x53B2, 0x53B4, 0x53B5, 0x53B7, 0x53B8, 0x53BA, 0x53BD,
	0x53C0, 0x53C5, 0x53CF, 0x53D2, 0x53D3, 0x53D5, 0x53DA, 0x53DD, 0x53DE, 0x53E0, 0x53E6, 0x53E7,
	0x53F5, 0x5402, 0x5413, 0x541A, 0x5421, 0x5427, 0x5428, 0x542A, 0x542F, 0x5431, 0x5434, 0x5435,
	0x5443, 0x5444, 0x5447, 0x544D, 0x544F, 0x545E, 0x5462, 0x5464, 0x5466, 0x5467, 0x5469, 0x546B,
	0x546D, 0x546E, 0x5474, 0x547F, 0x5481, 0x5483, 0x5485, 0x5488, 0x5489, 0x548D, 0x5491, 0x5495,
	0x5496, 0x549C, 0x549F, 0x54A1, 0x54A6, 0x54A7, 0x54A9, 0x54AA, 0x54AD, 0x54AE, 0x54B1, 0x54B7,
	0x54B9, 0x54BA, 0x54BB, 0x54BF, 0x54C6, 0x54CA, 0x54CD, 0x54CE, 0x54E0, 0x54EA, 0x54EC, 0x54EF,
	0x54F6, 0x54FC, 0x54FE, 0x54FF, 0x5500, 0x5501, 0x5505, 0x5508, 0x5509, 0x550C, 0x550D, 0x550E,
	0x5515, 0x552A, 0x552B, 0x5532, 0x5535, 0x5536, 0x553B, 0x553C, 0x553D, 0x5541, 0x5547, 0x5549,
	0x554A, 0x554D, 0x5550, 0x5551, 0x5558, 0x555A, 0x555B, 0x555E, 0x5560, 0x5561, 0x5564, 0x5566,
	0x557F, 0x5581, 0x5582, 0x5586, 0x5588, 0x558E, 0x558F, 0x5591, 0x5592, 0x5593, 0x5594, 0x5597,
	0x55A3, 0x55A4, 0x55AD, 0x55B2, 0x55BF, 0x55C1, 0x55C3, 0x55C6, 0x55C9, 0x55CB, 0x55CC, 0x55CE,
	0x55D1, 0x55D2, 0x55D3, 0x55D7, 0x55D8, 0x55DB, 0x55DE, 0x55E2, 0x55E9, 0x55F6, 0x55FF, 0x5605,
	0x5608, 0x560A, 0x560D, 0x560E, 0x560F, 0x5610, 0x5611, 0x5612, 0x5619, 0x562C, 0x5630, 0x5633,
	0x5635, 0x5637, 0x5639, 0x563B, 0x563C, 0x563D, 0x563F, 0x5640, 0x5641, 0x5643, 0x5644, 0x5646,
	0x5649, 0x564B, 0x564D, 0x564F, 0x5654, 0x565E, 0x5660, 0x5661, 0x5662, 0x5663, 0x5666, 0x5669,
	0x566D, 0x566F, 0x5671, 0x5672, 0x5675, 0x5684, 0x5685, 0x5688, 0x568B, 0x568C, 0x5695, 0x5699,
	0x569A, 0x569D, 0x569E, 0x569F, 0x56A6, 0x56A7, 0x56A8, 0x56A9, 0x56AB, 0x56AC, 0x56AD, 0x56B1,
	0x56B3, 0x56B7, 0x56BE, 0x56C5, 0x56C9, 0x56CA, 0x56CB, 0x56CF, 0x56D0, 0x56CC, 0x56CD, 0x56D9,
	0x56DC, 0x56DD, 0x56DF, 0x56E1, 0x56E4, 0x56E5, 0x56E6, 0x56E7, 0x56E8, 0x56F1, 0x56EB, 0x56ED,
	0x56F6, 0x56F7, 0x5701, 0x5702, 0x5707, 0x570A, 0x570C, 0x5711, 0x5715, 0x571A, 0x571B, 0x571D,
	0x5720, 0x5722, 0x5723, 0x5724, 0x5725, 0x5729, 0x572A, 0x572C, 0x572E, 0x572F, 0x5733, 0x5734,
	0x573D, 0x573E, 0x573F, 0x5745, 0x5746, 0x574C, 0x574D, 0x5752, 0x5762, 0x5765, 0x5767, 0x5768,
	0x576B, 0x576D, 0x576E, 0x576F, 0x5770, 0x5771, 0x5773, 0x5774, 0x5775, 0x5777, 0x5779, 0x577A,
	0x577B, 0x577C, 0x577E, 0x5781, 0x5783, 0x578C, 0x5794, 0x5797, 0x5799, 0x579A, 0x579C, 0x579D,
	0x579E, 0x579F, 0x57A1, 0x5795, 0x57A7, 0x57A8, 0x57A9, 0x57AC, 0x57B8, 0x57BD, 0x57C7, 0x57C8,
	0x57CC, 0x57CF, 0x57D5, 0x57DD, 0x57DE, 0x57E4, 0x57E6, 0x57E7, 0x57E9, 0x57ED, 0x57F0, 0x57F5,
	0x57F6, 0x57F8, 0x57FD, 0x57FE, 0x57FF, 0x5803, 0x5804, 0x5808, 0x5809, 0x57E1, 0x580C, 0x580D,
	0x581B, 0x581E, 0x581F, 0x5820, 0x5826, 0x5827, 0x582D, 0x5832, 0x5839, 0x583F, 0x5849, 0x584C,
	0x584D, 0x584F, 0x5850, 0x5855, 0x585F, 0x5861, 0x5864, 0x5867, 0x5868, 0x5878, 0x587C, 0x587F,
	0x5880, 0x5881, 0x5887, 0x5888, 0x5889, 0x588A, 0x588C, 0x588D, 0x588F, 0x5890, 0x5894, 0x5896,
	0x589D, 0x58A0, 0x58A1, 0x58A2, 0x58A6, 0x58A9, 0x58B1, 0x58B2, 0x58C4, 0x58BC, 0x58C2, 0x58C8,
	0x58CD, 0x58CE, 0x58D0, 0x58D2, 0x58D4, 0x58D6, 0x58DA, 0x58DD, 0x58E1, 0x58E2, 0x58E9, 0x58F3,
	0x5905, 0x5906, 0x590B, 0x590C, 0x5912, 0x5913, 0x5914, 0x8641, 0x591D, 0x5921, 0x5923, 0x5924,
	0x5928, 0x592F, 0x5930, 0x5933, 0x5935, 0x5936, 0x593F, 0x5943, 0x5946, 0x5952, 0x5953, 0x5959,
	0x595B, 0x595D, 0x595E, 0x595F, 0x5961, 0x5963, 0x596B, 0x596D, 0x596F, 0x5972, 0x5975, 0x5976,
	0x5979, 0x597B, 0x597C, 0x598B, 0x598C, 0x598E, 0x5992, 0x5995, 0x5997, 0x599F, 0x59A4, 0x59A7,
	0x59AD, 0x59AE, 0x59AF, 0x59B0, 0x59B3, 0x59B7, 0x59BA, 0x59BC, 0x59C1, 0x59C3, 0x59C4, 0x59C8,
	0x59CA, 0x59CD, 0x59D2, 0x59DD, 0x59DE, 0x59DF, 0x59E3, 0x59E4, 0x59E7, 0x59EE, 0x59EF, 0x59F1,
	0x59F2, 0x59F4, 0x59F7, 0x5A00, 0x5A04, 0x5A0C, 0x5A0D, 0x5A0E, 0x5A12, 0x5A13, 0x5A1E, 0x5A23,
	0x5A24, 0x5A27, 0x5A28, 0x5A2A, 0x5A2D, 0x5A30, 0x5A44, 0x5A45, 0x5A47, 0x5A48, 0x5A4C, 0x5A50,
	0x5A55, 0x5A5E, 0x5A63, 0x5A65, 0x5A67, 0x5A6D, 0x5A77, 0x5A7A, 0x5A7B, 0x5A7E, 0x5A8B, 0x5A90,
	0x5A93, 0x5A96, 0x5A99, 0x5A9C, 0x5A9E, 0x5A9F, 0x5AA0, 0x5AA2, 0x5AA7, 0x5AAC, 0x5AB1, 0x5AB2,
	0x5AB3, 0x5AB5, 0x5AB8, 0x5ABA, 0x5ABB, 0x5ABF, 0x5AC4, 0x5AC6, 0x5AC8, 0x5ACF, 0x5ADA, 0x5ADC,
	0x5AE0, 0x5AE5, 0x5AEA, 0x5AEE, 0x5AF5, 0x5AF6, 0x5AFD, 0x5B00, 0x5B01, 0x5B08, 0x5B17, 0x5B34,
	0x5B19, 0x5B1B, 0x5B1D, 0x5B21, 0x5B25, 0x5B2D, 0x5B38, 0x5B41, 0x5B4B, 0x5B4C, 0x5B52, 0x5B56,
	0x5B5E, 0x5B68, 0x5B6E, 0x5B6F, 0x5B7C, 0x5B7D, 0x5B7E, 0x5B7F, 0x5B81, 0x5B84, 0x5B86, 0x5B8A,
	0x5B8E, 0x5B90, 0x5B91, 0x5B93, 0x5B94, 0x5B96, 0x5BA8, 0x5BA9, 0x5BAC, 0x5BAD, 0x5BAF, 0x5BB1,
	0x5BB2, 0x5BB7, 0x5BBA, 0x5BBC, 0x5BC0, 0x5BC1, 0x5BCD, 0x5BCF, 0x5BD6, 0x5BD7, 0x5BD8, 0x5BD9,
	0x5BDA, 0x5BE0, 0x5BEF, 0x5BF1, 0x5BF4, 0x5BFD, 0x5C0C, 0x5C17, 0x5C1E, 0x5C1F, 0x5C23, 0x5C26,
	0x5C29, 0x5C2B, 0x5C2C, 0x5C2E, 0x5C30, 0x5C32, 0x5C35, 0x5C36, 0x5C59, 0x5C5A, 0x5C5C, 0x5C62,
	0x5C63, 0x5C67, 0x5C68, 0x5C69, 0x5C6D, 0x5C70, 0x5C74, 0x5C75, 0x5C7A, 0x5C7B, 0x5C7C, 0x5C7D,
	0x5C87, 0x5C88, 0x5C8A, 0x5C8F, 0x5C92, 0x5C9D, 0x5C9F, 0x5CA0, 0x5CA2, 0x5CA3, 0x5CA6, 0x5CAA,
	0x5CB2, 0x5CB4, 0x5CB5, 0x5CBA, 0x5CC9, 0x5CCB, 0x5CD2, 0x5CDD, 0x5CD7, 0x5CEE, 0x5CF1, 0x5CF2,
	0x5CF4, 0x5D01, 0x5D06, 0x5D0D, 0x5D12, 0x5D2B, 0x5D23, 0x5D24, 0x5D26, 0x5D27, 0x5D31, 0x5D34,
	0x5D39, 0x5D3D, 0x5D3F, 0x5D42, 0x5D43, 0x5D46, 0x5D48, 0x5D55, 0x5D51, 0x5D59, 0x5D4A, 0x5D5F,
	0x5D60, 0x5D61, 0x5D62, 0x5D64, 0x5D6A, 0x5D6D, 0x5D70, 0x5D79, 0x5D7A, 0x5D7E, 0x5D7F, 0x5D81,
	0x5D83, 0x5D88, 0x5D8A, 0x5D92, 0x5D93, 0x5D94, 0x5D95, 0x5D99, 0x5D9B, 0x5D9F, 0x5DA0, 0x5DA7,
	0x5DAB, 0x5DB0, 0x5DB4, 0x5DB8, 0x5DB9, 0x5DC3, 0x5DC7, 0x5DCB, 0x5DD0, 0x5DCE, 0x5DD8, 0x5DD9,
	0x5DE0, 0x5DE4, 0x5DE9, 0x5DF8, 0x5DF9, 0x5E00, 0x5E07, 0x5E0D, 0x5E12, 0x5E14, 0x5E15, 0x5E18,
	0x5E1F, 0x5E20, 0x5E2E, 0x5E28, 0x5E32, 0x5E35, 0x5E3E, 0x5E4B, 0x5E50, 0x5E49, 0x5E51, 0x5E56,
	0x5E58, 0x5E5B, 0x5E5C, 0x5E5E, 0x5E68, 0x5E6A, 0x5E6B, 0x5E6C, 0x5E6D, 0x5E6E, 0x5E70, 0x5E80,
	0x5E8B, 0x5E8E, 0x5EA2, 0x5EA4, 0x5EA5, 0x5EA8, 0x5EAA, 0x5EAC, 0x5EB1, 0x5EB3, 0x5EBD, 0x5EBE,
	0x5EBF, 0x5EC6, 0x5ECC, 0x5ECB, 0x5ECE, 0x5ED1, 0x5ED2, 0x5ED4, 0x5ED5, 0x5EDC, 0x5EDE, 0x5EE5,
	0x5EEB, 0x5F02, 0x5F06, 0x5F07, 0x5F08, 0x5F0E, 0x5F19, 0x5F1C, 0x5F1D, 0x5F21, 0x5F22, 0x5F23,
	0x5F24, 0x5F28, 0x5F2B, 0x5F2C, 0x5F2E, 0x5F30, 0x5F34, 0x5F36, 0x5F3B, 0x5F3D, 0x5F3F, 0x5F40,
	0x5F44, 0x5F45, 0x5F47, 0x5F4D, 0x5F50, 0x5F54, 0x5F58, 0x5F5B, 0x5F60, 0x5F63, 0x5F64, 0x5F67,
	0x5F6F, 0x5F72, 0x5F74, 0x5F75, 0x5F78, 0x5F7A, 0x5F7D, 0x5F7E, 0x5F89, 0x5F8D, 0x5F8F, 0x5F96,
	0x5F9C, 0x5F9D, 0x5FA2, 0x5FA7, 0x5FAB, 0x5FA4, 0x5FAC, 0x5FAF, 0x5FB0, 0x5FB1, 0x5FB8, 0x5FC4,
	0x5FC7, 0x5FC8, 0x5FC9, 0x5FCB, 0x5FD0, 0x5FD1, 0x5FD2, 0x5FD3, 0x5FD4, 0x5FDE, 0x5FE1, 0x5FE2,
	0x5FE8, 0x5FE9, 0x5FEA, 0x5FEC, 0x5FED, 0x5FEE, 0x5FEF, 0x5FF2, 0x5FF3, 0x5FF6, 0x5FFA, 0x5FFC,
	0x6007, 0x600A, 0x600D, 0x6013, 0x6014, 0x6017, 0x6018, 0x601A, 0x601F, 0x6024, 0x602D, 0x6033,
	0x6035, 0x6040, 0x6047, 0x6048, 0x6049, 0x604C, 0x6051, 0x6054, 0x6056, 0x6057, 0x605D, 0x6061,
	0x6067, 0x6071, 0x607E, 0x607F, 0x6082, 0x6086, 0x6088, 0x608A, 0x608E, 0x6091, 0x6093, 0x6095,
	0x6098, 0x609D, 0x609E, 0x60A2, 0x60A4, 0x60A5, 0x60A8, 0x60B0, 0x60B1, 0x60B7, 0x60BB, 0x60BE,
	0x60C2, 0x60C4, 0x60C8, 0x60C9, 0x60CA, 0x60CB, 0x60CE, 0x60CF, 0x60D4, 0x60D5, 0x60D9, 0x60DB,
	0x60DD, 0x60DE, 0x60E2, 0x60E5, 0x60F2, 0x60F5, 0x60F8, 0x60FC, 0x60FD, 0x6102, 0x6107, 0x610A,
	0x610C, 0x6110, 0x6111, 0x6112, 0x6113, 0x6114, 0x6116, 0x6117, 0x6119, 0x611C, 0x611E, 0x6122,
	0x612A, 0x612B, 0x6130, 0x6131, 0x6135, 0x6136, 0x6137, 0x6139, 0x6141, 0x6145, 0x6146, 0x6149,
	0x615E, 0x6160, 0x616C, 0x6172, 0x6178, 0x617B, 0x617C, 0x617F, 0x6180, 0x6181, 0x6183, 0x6184,
	0x618B, 0x618D, 0x6192, 0x6193, 0x6197, 0x6198, 0x619C, 0x619D, 0x619F, 0x61A0, 0x61A5, 0x61A8,
	0x61AA, 0x61AD, 0x61B8, 0x61B9, 0x61BC, 0x61C0, 0x61C1, 0x61C2, 0x61CE, 0x61CF, 0x61D5, 0x61DC,
	0x61DD, 0x61DE, 0x61DF, 0x61E1, 0x61E2, 0x61E7, 0x61E9, 0x61E5, 0x61EC, 0x61ED, 0x61EF, 0x6201,
	0x6203, 0x6204, 0x6207, 0x6213, 0x6215, 0x621C, 0x6220, 0x6222, 0x6223, 0x6227, 0x6229, 0x622B,
	0x6239, 0x623D, 0x6242, 0x6243, 0x6244, 0x6246, 0x624C, 0x6250, 0x6251, 0x6252, 0x6254, 0x6256,
	0x625A, 0x625C, 0x6264, 0x626D, 0x626F, 0x6273, 0x627A, 0x627D, 0x628D, 0x628E, 0x628F, 0x6290,
	0x62A6, 0x62A8, 0x62B3, 0x62B6, 0x62B7, 0x62BA, 0x62BE, 0x62BF, 0x62C4, 0x62CE, 0x62D5, 0x62D6,
	0x62DA, 0x62EA, 0x62F2, 0x62F4, 0x62FC, 0x62FD, 0x6303, 0x6304, 0x630A, 0x630B, 0x630D, 0x6310,
	0x6313, 0x6316, 0x6318, 0x6329, 0x632A, 0x632D, 0x6335, 0x6336, 0x6339, 0x633C, 0x6341, 0x6342,
	0x6343, 0x6344, 0x6346, 0x634A, 0x634B, 0x634E, 0x6352, 0x6353, 0x6354, 0x6358, 0x635B, 0x6365,
	0x6366, 0x636C, 0x636D, 0x6371, 0x6374, 0x6375, 0x6378, 0x637C, 0x637D, 0x637F, 0x6382, 0x6384,
	0x6387, 0x638A, 0x6390, 0x6394, 0x6395, 0x6399, 0x639A, 0x639E, 0x63A4, 0x63A6, 0x63AD, 0x63AE,
	0x63AF, 0x63BD, 0x63C1, 0x63C5, 0x63C8, 0x63CE, 0x63D1, 0x63D3, 0x63D4, 0x63D5, 0x63DC, 0x63E0,
	0x63E5, 0x63EA, 0x63EC, 0x63F2, 0x63F3, 0x63F5, 0x63F8, 0x63F9, 0x6409, 0x640A, 0x6410, 0x6412,
	0x6414, 0x6418, 0x641E, 0x6420, 0x6422, 0x6424, 0x6425, 0x6429, 0x642A, 0x642F, 0x6430, 0x6435,
	0x643D, 0x643F, 0x644B, 0x644F, 0x6451, 0x6452, 0x6453, 0x6454, 0x645A, 0x645B, 0x645C, 0x645D,
	0x645F, 0x6460, 0x6461, 0x6463, 0x646D, 0x6473, 0x6474, 0x647B, 0x647D, 0x6485, 0x6487, 0x648F,
	0x6490, 0x6491, 0x6498, 0x6499, 0x649B, 0x649D, 0x649F, 0x64A1, 0x64A3, 0x64A6, 0x64A8, 0x64AC,
	0x64B3, 0x64BD, 0x64BE, 0x64BF, 0x64C4, 0x64C9, 0x64CA, 0x64CB, 0x64CC, 0x64CE, 0x64D0, 0x64D1,
	0x64D5, 0x64D7, 0x64E4, 0x64E5, 0x64E9, 0x64EA, 0x64ED, 0x64F0, 0x64F5, 0x64F7, 0x64FB, 0x64FF,
	0x6501, 0x6504, 0x6508, 0x6509, 0x650A, 0x650F, 0x6513, 0x6514, 0x6516, 0x6519, 0x651B, 0x651E,
	0x651F, 0x6522, 0x6526, 0x6529, 0x652E, 0x6531, 0x653A, 0x653C, 0x653D, 0x6543, 0x6547, 0x6549,
	0x6550, 0x6552, 0x6554, 0x655F, 0x6560, 0x6567, 0x656B, 0x657A, 0x657D, 0x6581, 0x6585, 0x658A,
	0x6592, 0x6595, 0x6598, 0x659D, 0x65A0, 0x65A3, 0x65A6, 0x65AE, 0x65B2, 0x65B3, 0x65B4, 0x65BF,
	0x65C2, 0x65C8, 0x65C9, 0x65CE, 0x65D0, 0x65D4, 0x65D6, 0x65D8, 0x65DF, 0x65F0, 0x65F2, 0x65F4,
	0x65F5, 0x65F9, 0x65FE, 0x65FF, 0x6600, 0x6604, 0x6608, 0x6609, 0x660D, 0x6611, 0x6612, 0x6615,
	0x6616, 0x661D, 0x661E, 0x6621, 0x6622, 0x6623, 0x6624, 0x6626, 0x6629, 0x662A, 0x662B, 0x662C,
	0x662E, 0x6630, 0x6631, 0x6633, 0x6639, 0x6637, 0x6640, 0x6645, 0x6646, 0x664A, 0x664C, 0x6651,
	0x664E, 0x6657, 0x6658, 0x6659, 0x665B, 0x665C, 0x6660, 0x6661, 0x66FB, 0x666A, 0x666B, 0x666C,
	0x667E, 0x6673, 0x6675, 0x667F, 0x6677, 0x6678, 0x6679, 0x667B, 0x6680, 0x667C, 0x668B, 0x668C,
	0x668D, 0x6690, 0x6692, 0x6699, 0x669A, 0x669B, 0x669C, 0x669F, 0x66A0, 0x66A4, 0x66AD, 0x66B1,
	0x66B2, 0x66B5, 0x66BB, 0x66BF, 0x66C0, 0x66C2, 0x66C3, 0x66C8, 0x66CC, 0x66CE, 0x66CF, 0x66D4,
	0x66DB, 0x66DF, 0x66E8, 0x66EB, 0x66EC, 0x66EE, 0x66FA, 0x6705, 0x6707, 0x670E, 0x6713, 0x6719,
	0x671C, 0x6720, 0x6722, 0x6733, 0x673E, 0x6745, 0x6747, 0x6748, 0x674C, 0x6754, 0x6755, 0x675D,
	0x6766, 0x676C, 0x676E, 0x6774, 0x6776, 0x677B, 0x6781, 0x6784, 0x678E, 0x678F, 0x6791, 0x6793,
	0x6796, 0x6798, 0x6799, 0x679B, 0x67B0, 0x67B1, 0x67B2, 0x67B5, 0x67BB, 0x67BC, 0x67BD, 0x67F9,
	0x67C0, 0x67C2, 0x67C3, 0x67C5, 0x67C8, 0x67C9, 0x67D2, 0x67D7, 0x67D9, 0x67DC, 0x67E1, 0x67E6,
	0x67F0, 0x67F2, 0x67F6, 0x67F7, 0x6852, 0x6814, 0x6819, 0x681D, 0x681F, 0x6828, 0x6827, 0x682C,
	0x682D, 0x682F, 0x6830, 0x6831, 0x6833, 0x683B, 0x683F, 0x6844, 0x6845, 0x684A, 0x684C, 0x6855,
	0x6857, 0x6858, 0x685B, 0x686B, 0x686E, 0x686F, 0x6870, 0x6871, 0x6872, 0x6875, 0x6879, 0x687A,
	0x687B, 0x687C, 0x6882, 0x6884, 0x6886, 0x6888, 0x6896, 0x6898, 0x689A, 0x689C, 0x68A1, 0x68A3,
	0x68A5, 0x68A9, 0x68AA, 0x68AE, 0x68B2, 0x68BB, 0x68C5, 0x68C8, 0x68CC, 0x68CF, 0x68D0, 0x68D1,
	0x68D3, 0x68D6, 0x68D9, 0x68DC, 0x68DD, 0x68E5, 0x68E8, 0x68EA, 0x68EB, 0x68EC, 0x68ED, 0x68F0,
	0x68F1, 0x68F5, 0x68F6, 0x68FB, 0x68FC, 0x68FD, 0x6906, 0x6909, 0x690A, 0x6910, 0x6911, 0x6913,
	0x6916, 0x6917, 0x6931, 0x6933, 0x6935, 0x6938, 0x693B, 0x6942, 0x6945, 0x6949, 0x694E, 0x6957,
	0x695B, 0x6963, 0x6964, 0x6965, 0x6966, 0x6968, 0x6969, 0x696C, 0x6970, 0x6971, 0x6972, 0x697A,
	0x697B, 0x697F, 0x6980, 0x698D, 0x6992, 0x6996, 0x6998, 0x69A1, 0x69A5, 0x69A6, 0x69A8, 0x69AB,
	0x69AD, 0x69AF, 0x69B7, 0x69B8, 0x69BA, 0x69BC, 0x69C5, 0x69C8, 0x69D1, 0x69D6, 0x69D7, 0x69E2,
	0x69E5, 0x69EE, 0x69EF, 0x69F1, 0x69F3, 0x69F5, 0x69FE, 0x6A00, 0x6A01, 0x6A03, 0x6A0F, 0x6A11,
	0x6A15, 0x6A1A, 0x6A1D, 0x6A20, 0x6A24, 0x6A28, 0x6A30, 0x6A32, 0x6A34, 0x6A37, 0x6A3B, 0x6A3E,
	0x6A3F, 0x6A45, 0x6A46, 0x6A49, 0x6A4A, 0x6A4E, 0x6A50, 0x6A51, 0x6A52, 0x6A55, 0x6A56, 0x6A5B,
	0x6A64, 0x6A67, 0x6A6A, 0x6A71, 0x6A73, 0x6A7E, 0x6A81, 0x6A83, 0x6A86, 0x6A87, 0x6A89, 0x6A8B,
	0x6A91, 0x6A9B, 0x6A9D, 0x6A9E, 0x6A9F, 0x6AA5, 0x6AAB, 0x6AAF, 0x6AB0, 0x6AB1, 0x6AB4, 0x6ABD,
	0x6ABE, 0x6ABF, 0x6AC6, 0x6AC9, 0x6AC8, 0x6ACC, 0x6AD0, 0x6AD4, 0x6AD5, 0x6AD6, 0x6ADC, 0x6ADD,
	0x6AE4, 0x6AE7, 0x6AEC, 0x6AF0, 0x6AF1, 0x6AF2, 0x6AFC, 0x6AFD, 0x6B02, 0x6B03, 0x6B06, 0x6B07,
	0x6B09, 0x6B0F, 0x6B10, 0x6B11, 0x6B17, 0x6B1B, 0x6B1E, 0x6B24, 0x6B28, 0x6B2B, 0x6B2C, 0x6B2F,
	0x6B35, 0x6B36, 0x6B3B, 0x6B3F, 0x6B46, 0x6B4A, 0x6B4D, 0x6B52, 0x6B56, 0x6B58, 0x6B5D, 0x6B60,
	0x6B67, 0x6B6B, 0x6B6E, 0x6B70, 0x6B75, 0x6B7D, 0x6B7E, 0x6B82, 0x6B85, 0x6B97, 0x6B9B, 0x6B9F,
	0x6BA0, 0x6BA2, 0x6BA3, 0x6BA8, 0x6BA9, 0x6BAC, 0x6BAD, 0x6BAE, 0x6BB0, 0x6BB8, 0x6BB9, 0x6BBD,
	0x6BBE, 0x6BC3, 0x6BC4, 0x6BC9, 0x6BCC, 0x6BD6, 0x6BDA, 0x6BE1, 0x6BE3, 0x6BE6, 0x6BE7, 0x6BEE,
	0x6BF1, 0x6BF7, 0x6BF9, 0x6BFF, 0x6C02, 0x6C04, 0x6C05, 0x6C09, 0x6C0D, 0x6C0E, 0x6C10, 0x6C12,
	0x6C19, 0x6C1F, 0x6C26, 0x6C27, 0x6C28, 0x6C2C, 0x6C2E, 0x6C33, 0x6C35, 0x6C36, 0x6C3A, 0x6C3B,
	0x6C3F, 0x6C4A, 0x6C4B, 0x6C4D, 0x6C4F, 0x6C52, 0x6C54, 0x6C59, 0x6C5B, 0x6C5C, 0x6C6B, 0x6C6D,
	0x6C6F, 0x6C74, 0x6C76, 0x6C78, 0x6C79, 0x6C7B, 0x6C85, 0x6C86, 0x6C87, 0x6C89, 0x6C94, 0x6C95,
	0x6C97, 0x6C98, 0x6C9C, 0x6C9F, 0x6CB0, 0x6CB2, 0x6CB4, 0x6CC2, 0x6CC6, 0x6CCD, 0x6CCF, 0x6CD0,
	0x6CD1, 0x6CD2, 0x6CD4, 0x6CD6, 0x6CDA, 0x6CDC, 0x6CE0, 0x6CE7, 0x6CE9, 0x6CEB, 0x6CEC, 0x6CEE,
	0x6CF2, 0x6CF4, 0x6D04, 0x6D07, 0x6D0A, 0x6D0E, 0x6D0F, 0x6D11, 0x6D13, 0x6D1A, 0x6D26, 0x6D27,
	0x6D28, 0x6C67, 0x6D2E, 0x6D2F, 0x6D31, 0x6D39, 0x6D3C, 0x6D3F, 0x6D57, 0x6D5E, 0x6D5F, 0x6D61,
	0x6D65, 0x6D67, 0x6D6F, 0x6D70, 0x6D7C, 0x6D82, 0x6D87, 0x6D91, 0x6D92, 0x6D94, 0x6D96, 0x6D97,
	0x6D98, 0x6DAA, 0x6DAC, 0x6DB4, 0x6DB7, 0x6DB9, 0x6DBD, 0x6DBF, 0x6DC4, 0x6DC8, 0x6DCA, 0x6DCE,
	0x6DCF, 0x6DD6, 0x6DDB, 0x6DDD, 0x6DDF, 0x6DE0, 0x6DE2, 0x6DE5, 0x6DE9, 0x6DEF, 0x6DF0, 0x6DF4,
	0x6DF6, 0x6DFC, 0x6E00, 0x6E04, 0x6E1E, 0x6E22, 0x6E27, 0x6E32, 0x6E36, 0x6E39, 0x6E3B, 0x6E3C,
	0x6E44, 0x6E45, 0x6E48, 0x6E49, 0x6E4B, 0x6E4F, 0x6E51, 0x6E52, 0x6E53, 0x6E54, 0x6E57, 0x6E5C,
	0x6E5D, 0x6E5E, 0x6E62, 0x6E63, 0x6E68, 0x6E73, 0x6E7B, 0x6E7D, 0x6E8D, 0x6E93, 0x6E99, 0x6EA0,
	0x6EA7, 0x6EAD, 0x6EAE, 0x6EB1, 0x6EB3, 0x6EBB, 0x6EBF, 0x6EC0, 0x6EC1, 0x6EC3, 0x6EC7, 0x6EC8,
	0x6ECA, 0x6ECD, 0x6ECE, 0x6ECF, 0x6EEB, 0x6EED, 0x6EEE, 0x6EF9, 0x6EFB, 0x6EFD, 0x6F04, 0x6F08,
	0x6F0A, 0x6F0C, 0x6F0D, 0x6F16, 0x6F18, 0x6F1A, 0x6F1B, 0x6F26, 0x6F29, 0x6F2A, 0x6F2F, 0x6F30,
	0x6F33, 0x6F36, 0x6F3B, 0x6F3C, 0x6F2D, 0x6F4F, 0x6F51, 0x6F52, 0x6F53, 0x6F57, 0x6F59, 0x6F5A,
	0x6F5D, 0x6F5E, 0x6F61, 0x6F62, 0x6F68, 0x6F6C, 0x6F7D, 0x6F7E, 0x6F83, 0x6F87, 0x6F88, 0x6F8B,
	0x6F8C, 0x6F8D, 0x6F90, 0x6F92, 0x6F93, 0x6F94, 0x6F96, 0x6F9A, 0x6F9F, 0x6FA0, 0x6FA5, 0x6FA6,
	0x6FA7, 0x6FA8, 0x6FAE, 0x6FAF, 0x6FB0, 0x6FB5, 0x6FB6, 0x6FBC, 0x6FC5, 0x6FC7, 0x6FC8, 0x6FCA,
	0x6FDA, 0x6FDE, 0x6FE8, 0x6FE9, 0x6FF0, 0x6FF5, 0x6FF9, 0x6FFC, 0x6FFD, 0x7000, 0x7005, 0x7006,
	0x7007, 0x700D, 0x7017, 0x7020, 0x7023, 0x702F, 0x7034, 0x7037, 0x7039, 0x703C, 0x7043, 0x7044,
	0x7048, 0x7049, 0x704A, 0x704B, 0x7054, 0x7055, 0x705D, 0x705E, 0x704E, 0x7064, 0x7065, 0x706C,
	0x706E, 0x7075, 0x7076, 0x707E, 0x7081, 0x7085, 0x7086, 0x7094, 0x7095, 0x7096, 0x7097, 0x7098,
	0x709B, 0x70A4, 0x70AB, 0x70B0, 0x70B1, 0x70B4, 0x70B7, 0x70CA, 0x70D1, 0x70D3, 0x70D4, 0x70D5,
	0x70D6, 0x70D8, 0x70DC, 0x70E4, 0x70FA, 0x7103, 0x7104, 0x7105, 0x7106, 0x7107, 0x710B, 0x710C,
	0x710F, 0x711E, 0x7120, 0x712B, 0x712D, 0x712F, 0x7130, 0x7131, 0x7138, 0x7141, 0x7145, 0x7146,
	0x7147, 0x714A, 0x714B, 0x7150, 0x7152, 0x7157, 0x715A, 0x715C, 0x715E, 0x7160, 0x7168, 0x7179,
	0x7180, 0x7185, 0x7187, 0x718C, 0x7192, 0x719A, 0x719B, 0x71A0, 0x71A2, 0x71AF, 0x71B0, 0x71B2,
	0x71B3, 0x71BA, 0x71BF, 0x71C0, 0x71C1, 0x71C4, 0x71CB, 0x71CC, 0x71D3, 0x71D6, 0x71D9, 0x71DA,
	0x71DC, 0x71F8, 0x71FE, 0x7200, 0x7207, 0x7208, 0x7209, 0x7213, 0x7217, 0x721A, 0x721D, 0x721F,
	0x7224, 0x722B, 0x722F, 0x7234, 0x7238, 0x7239, 0x7241, 0x7242, 0x7243, 0x7245, 0x724E, 0x724F,
	0x7250, 0x7253, 0x7255, 0x7256, 0x725A, 0x725C, 0x725E, 0x7260, 0x7263, 0x7268, 0x726B, 0x726E,
	0x726F, 0x7271, 0x7277, 0x7278, 0x727B, 0x727C, 0x727F, 0x7284, 0x7289, 0x728D, 0x728E, 0x7293,
	0x729B, 0x72A8, 0x72AD, 0x72AE, 0x72B1, 0x72B4, 0x72BE, 0x72C1, 0x72C7, 0x72C9, 0x72CC, 0x72D5,
	0x72D6, 0x72D8, 0x72DF, 0x72E5, 0x72F3, 0x72F4, 0x72FA, 0x72FB, 0x72FE, 0x7302, 0x7304, 0x7305,
	0x7307, 0x730B, 0x730D, 0x7312, 0x7313, 0x7318, 0x7319, 0x731E, 0x7322, 0x7324, 0x7327, 0x7328,
	0x732C, 0x7331, 0x7332, 0x7335, 0x733A, 0x733B, 0x733D, 0x7343, 0x734D, 0x7350, 0x7352, 0x7356,
	0x7358, 0x735D, 0x735E, 0x735F, 0x7360, 0x7366, 0x7367, 0x7369, 0x736B, 0x736C, 0x736E, 0x736F,
	0x7371, 0x7377, 0x7379, 0x737C, 0x7380, 0x7381, 0x7383, 0x7385, 0x7386, 0x738E, 0x7390, 0x7393,
	0x7395, 0x7397, 0x7398, 0x739C, 0x739E, 0x739F, 0x73A0, 0x73A2, 0x73A5, 0x73A6, 0x73AA, 0x73AB,
	0x73AD, 0x73B5, 0x73B7, 0x73B9, 0x73BC, 0x73BD, 0x73BF, 0x73C5, 0x73C6, 0x73C9, 0x73CB, 0x73CC,
	0x73CF, 0x73D2, 0x73D3, 0x73D6, 0x73D9, 0x73DD, 0x73E1, 0x73E3, 0x73E6, 0x73E7, 0x73E9, 0x73F4,
	0x73F5, 0x73F7, 0x73F9, 0x73FA, 0x73FB, 0x73FD, 0x73FF, 0x7400, 0x7401, 0x7404, 0x7407, 0x740A,
	0x7411, 0x741A, 0x741B, 0x7424, 0x7426, 0x7428, 0x7429, 0x742A, 0x742B, 0x742C, 0x742D, 0x742E,
	0x742F, 0x7430, 0x7431, 0x7439, 0x7440, 0x7443, 0x7444, 0x7446, 0x7447, 0x744B, 0x744D, 0x7451,
	0x7452, 0x7457, 0x745D, 0x7462, 0x7466, 0x7467, 0x7468, 0x746B, 0x746D, 0x746E, 0x7471, 0x7472,
	0x7480, 0x7481, 0x7485, 0x7486, 0x7487, 0x7489, 0x748F, 0x7490, 0x7491, 0x7492, 0x7498, 0x7499,
	0x749A, 0x749C, 0x749F, 0x74A0, 0x74A1, 0x74A3, 0x74A6, 0x74A8, 0x74A9, 0x74AA, 0x74AB, 0x74AE,
	0x74AF, 0x74B1, 0x74B2, 0x74B5, 0x74B9, 0x74BB, 0x74BF, 0x74C8, 0x74C9, 0x74CC, 0x74D0, 0x74D3,
	0x74D8, 0x74DA, 0x74DB, 0x74DE, 0x74DF, 0x74E4, 0x74E8, 0x74EA, 0x74EB, 0x74EF, 0x74F4, 0x74FA,
	0x74FB, 0x74FC, 0x74FF, 0x7506, 0x7512, 0x7516, 0x7517, 0x7520, 0x7521, 0x7524, 0x7527, 0x7529,
	0x752A, 0x752F, 0x7536, 0x7539, 0x753D, 0x753E, 0x753F, 0x7540, 0x7543, 0x7547, 0x7548, 0x754E,
	0x7550, 0x7552, 0x7557, 0x755E, 0x755F, 0x7561, 0x756F, 0x7571, 0x7579, 0x757A, 0x757B, 0x757C,
	0x757D, 0x757E, 0x7581, 0x7585, 0x7590, 0x7592, 0x7593, 0x7595, 0x7599, 0x759C, 0x75A2, 0x75A4,
	0x75B4, 0x75BA, 0x75BF, 0x75C0, 0x75C1, 0x75C4, 0x75C6, 0x75CC, 0x75CE, 0x75CF, 0x75D7, 0x75DC,
	0x75DF, 0x75E0, 0x75E1, 0x75E4, 0x75E7, 0x75EC, 0x75EE, 0x75EF, 0x75F1, 0x75F9, 0x7600, 0x7602,
	0x7603, 0x7604, 0x7607, 0x7608, 0x760A, 0x760C, 0x760F, 0x7612, 0x7613, 0x7615, 0x7616, 0x7619,
	0x761B, 0x761C, 0x761D, 0x761E, 0x7623, 0x7625, 0x7626, 0x7629, 0x762D, 0x7632, 0x7633, 0x7635,
	0x7638, 0x7639, 0x763A, 0x763C, 0x764A, 0x7640, 0x7641, 0x7643, 0x7644, 0x7645, 0x7649, 0x764B,
	0x7655, 0x7659, 0x765F, 0x7664, 0x7665, 0x766D, 0x766E, 0x766F, 0x7671, 0x7674, 0x7681, 0x7685,
	0x768C, 0x768D, 0x7695, 0x769B, 0x769C, 0x769D, 0x769F, 0x76A0, 0x76A2, 0x76A3, 0x76A4, 0x76A5,
	0x76A6, 0x76A7, 0x76A8, 0x76AA, 0x76AD, 0x76BD, 0x76C1, 0x76C5, 0x76C9, 0x76CB, 0x76CC, 0x76CE,
	0x76D4, 0x76D9, 0x76E0, 0x76E6, 0x76E8, 0x76EC, 0x76F0, 0x76F1, 0x76F6, 0x76F9, 0x76FC, 0x7700,
	0x7706, 0x770A, 0x770E, 0x7712, 0x7714, 0x7715, 0x7717, 0x7719, 0x771A, 0x771C, 0x7722, 0x7728,
	0x772D, 0x772E, 0x772F, 0x7734, 0x7735, 0x7736, 0x7739, 0x773D, 0x773E, 0x7742, 0x7745, 0x7746,
	0x774A, 0x774D, 0x774E, 0x774F, 0x7752, 0x7756, 0x7757, 0x775C, 0x775E, 0x775F, 0x7760, 0x7762,
	0x7764, 0x7767, 0x776A, 0x776C, 0x7770, 0x7772, 0x7773, 0x7774, 0x777A, 0x777D, 0x7780, 0x7784,
	0x778C, 0x778D, 0x7794, 0x7795, 0x7796, 0x779A, 0x779F, 0x77A2, 0x77A7, 0x77AA, 0x77AE, 0x77AF,
	0x77B1, 0x77B5, 0x77BE, 0x77C3, 0x77C9, 0x77D1, 0x77D2, 0x77D5, 0x77D9, 0x77DE, 0x77DF, 0x77E0,
	0x77E4, 0x77E6, 0x77EA, 0x77EC, 0x77F0, 0x77F1, 0x77F4, 0x77F8, 0x77FB, 0x7805, 0x7806, 0x7809,
	0x780D, 0x780E, 0x7811, 0x781D, 0x7821, 0x7822, 0x7823, 0x782D, 0x782E, 0x7830, 0x7835, 0x7837,
	0x7843, 0x7844, 0x7847, 0x7848, 0x784C, 0x784E, 0x7852, 0x785C, 0x785E, 0x7860, 0x7861, 0x7863,
	0x7864, 0x7868, 0x786A, 0x786E, 0x787A, 0x787E, 0x788A, 0x788F, 0x7894, 0x7898, 0x78A1, 0x789D,
	0x789E, 0x789F, 0x78A4, 0x78A8, 0x78AC, 0x78AD, 0x78B0, 0x78B1, 0x78B2, 0x78B3, 0x78BB, 0x78BD,
	0x78BF, 0x78C7, 0x78C8, 0x78C9, 0x78CC, 0x78CE, 0x78D2, 0x78D3, 0x78D5, 0x78D6, 0x78E4, 0x78DB,
	0x78DF, 0x78E0, 0x78E1, 0x78E6, 0x78EA, 0x78F2, 0x78F3, 0x7900, 0x78F6, 0x78F7, 0x78FA, 0x78FB,
	0x78FF, 0x7906, 0x790C, 0x7910, 0x791A, 0x791C, 0x791E, 0x791F, 0x7920, 0x7925, 0x7927, 0x7929,
	0x792D, 0x7931, 0x7934, 0x7935, 0x793B, 0x793D, 0x793F, 0x7944, 0x7945, 0x7946, 0x794A, 0x794B,
	0x794F, 0x7951, 0x7954, 0x7958, 0x795B, 0x795C, 0x7967, 0x7969, 0x796B, 0x7972, 0x7979, 0x797B,
	0x797C, 0x797E, 0x798B, 0x798C, 0x7991, 0x7993, 0x7994, 0x7995, 0x7996, 0x7998, 0x799B, 0x799C,
	0x79A1, 0x79A8, 0x79A9, 0x79AB, 0x79AF, 0x79B1, 0x79B4, 0x79B8, 0x79BB, 0x79C2, 0x79C4, 0x79C7,
	0x79C8, 0x79CA, 0x79CF, 0x79D4, 0x79D6, 0x79DA, 0x79DD, 0x79DE, 0x79E0, 0x79E2, 0x79E5, 0x79EA,
	0x79EB, 0x79ED, 0x79F1, 0x79F8, 0x79FC, 0x7A02, 0x7A03, 0x7A07, 0x7A09, 0x7A0A, 0x7A0C, 0x7A11,
	0x7A15, 0x7A1B, 0x7A1E, 0x7A21, 0x7A27, 0x7A2B, 0x7A2D, 0x7A2F, 0x7A30, 0x7A34, 0x7A35, 0x7A38,
	0x7A39, 0x7A3A, 0x7A44, 0x7A45, 0x7A47, 0x7A48, 0x7A4C, 0x7A55, 0x7A56, 0x7A59, 0x7A5C, 0x7A5D,
	0x7A5F, 0x7A60, 0x7A65, 0x7A67, 0x7A6A, 0x7A6D, 0x7A75, 0x7A78, 0x7A7E, 0x7A80, 0x7A82, 0x7A85,
	0x7A86, 0x7A8A, 0x7A8B, 0x7A90, 0x7A91, 0x7A94, 0x7A9E, 0x7AA0, 0x7AA3, 0x7AAC, 0x7AB3, 0x7AB5,
	0x7AB9, 0x7ABB, 0x7ABC, 0x7AC6, 0x7AC9, 0x7ACC, 0x7ACE, 0x7AD1, 0x7ADB, 0x7AE8, 0x7AE9, 0x7AEB,
	0x7AEC, 0x7AF1, 0x7AF4, 0x7AFB, 0x7AFD, 0x7AFE, 0x7B07, 0x7B14, 0x7B1F, 0x7B23, 0x7B27, 0x7B29,
	0x7B2A, 0x7B2B, 0x7B2D, 0x7B2E, 0x7B2F, 0x7B30, 0x7B31, 0x7B34, 0x7B3D, 0x7B3F, 0x7B40, 0x7B41,
	0x7B47, 0x7B4E, 0x7B55, 0x7B60, 0x7B64, 0x7B66, 0x7B69, 0x7B6A, 0x7B6D, 0x7B6F, 0x7B72, 0x7B73,
	0x7B77, 0x7B84, 0x7B89, 0x7B8E, 0x7B90, 0x7B91, 0x7B96, 0x7B9B, 0x7B9E, 0x7BA0, 0x7BA5, 0x7BAC,
	0x7BAF, 0x7BB0, 0x7BB2, 0x7BB5, 0x7BB6, 0x7BBA, 0x7BBB, 0x7BBC, 0x7BBD, 0x7BC2, 0x7BC5, 0x7BC8,
	0x7BCA, 0x7BD4, 0x7BD6, 0x7BD7, 0x7BD9, 0x7BDA, 0x7BDB, 0x7BE8, 0x7BEA, 0x7BF2, 0x7BF4, 0x7BF5,
	0x7BF8, 0x7BF9, 0x7BFA, 0x7BFC, 0x7BFE, 0x7C01, 0x7C02, 0x7C03, 0x7C04, 0x7C06, 0x7C09, 0x7C0B,
	0x7C0C, 0x7C0E, 0x7C0F, 0x7C19, 0x7C1B, 0x7C20, 0x7C25, 0x7C26, 0x7C28, 0x7C2C, 0x7C31, 0x7C33,
	0x7C34, 0x7C36, 0x7C39, 0x7C3A, 0x7C46, 0x7C4A, 0x7C55, 0x7C51, 0x7C52, 0x7C53, 0x7C59, 0x7C5A,
	0x7C5B, 0x7C5C, 0x7C5D, 0x7C5E, 0x7C61, 0x7C63, 0x7C67, 0x7C69, 0x7C6D, 0x7C6E, 0x7C70, 0x7C72,
	0x7C79, 0x7C7C, 0x7C7D, 0x7C86, 0x7C87, 0x7C8F, 0x7C94, 0x7C9E, 0x7CA0, 0x7CA6, 0x7CB0, 0x7CB6,
	0x7CB7, 0x7CBA, 0x7CBB, 0x7CBC, 0x7CBF, 0x7CC4, 0x7CC7, 0x7CC8, 0x7CC9, 0x7CCD, 0x7CCF, 0x7CD3,
	0x7CD4, 0x7CD5, 0x7CD7, 0x7CD9, 0x7CDA, 0x7CDD, 0x7CE6, 0x7CE9, 0x7CEB, 0x7CF5, 0x7D03, 0x7D07,
	0x7D08, 0x7D09, 0x7D0F, 0x7D11, 0x7D12, 0x7D13, 0x7D16, 0x7D1D, 0x7D1E, 0x7D23, 0x7D26, 0x7D2A,
	0x7D2D, 0x7D31, 0x7D3C, 0x7D3D, 0x7D3E, 0x7D40, 0x7D41, 0x7D47, 0x7D48, 0x7D4D, 0x7D51, 0x7D53,
	0x7D57, 0x7D59, 0x7D5A, 0x7D5C, 0x7D5D, 0x7D65, 0x7D67, 0x7D6A, 0x7D70, 0x7D78, 0x7D7A, 0x7D7B,
	0x7D7F, 0x7D81, 0x7D82, 0x7D83, 0x7D85, 0x7D86, 0x7D88, 0x7D8B, 0x7D8C, 0x7D8D, 0x7D91, 0x7D96,
	0x7D97, 0x7D9D, 0x7D9E, 0x7DA6, 0x7DA7, 0x7DAA, 0x7DB3, 0x7DB6, 0x7DB7, 0x7DB9, 0x7DC2, 0x7DC3,
	0x7DC4, 0x7DC5, 0x7DC6, 0x7DCC, 0x7DCD, 0x7DCE, 0x7DD7, 0x7DD9, 0x7E00, 0x7DE2, 0x7DE5, 0x7DE6,
	0x7DEA, 0x7DEB, 0x7DED, 0x7DF1, 0x7DF5, 0x7DF6, 0x7DF9, 0x7DFA, 0x7E08, 0x7E10, 0x7E11, 0x7E15,
	0x7E17, 0x7E1C, 0x7E1D, 0x7E20, 0x7E27, 0x7E28, 0x7E2C, 0x7E2D, 0x7E2F, 0x7E33, 0x7E36, 0x7E3F,
	0x7E44, 0x7E45, 0x7E47, 0x7E4E, 0x7E50, 0x7E52, 0x7E58, 0x7E5F, 0x7E61, 0x7E62, 0x7E65, 0x7E6B,
	0x7E6E, 0x7E6F, 0x7E73, 0x7E78, 0x7E7E, 0x7E81, 0x7E86, 0x7E87, 0x7E8A, 0x7E8D, 0x7E91, 0x7E95,
	0x7E98, 0x7E9A, 0x7E9D, 0x7E9E, 0x7F3C, 0x7F3B, 0x7F3D, 0x7F3E, 0x7F3F, 0x7F43, 0x7F44, 0x7F47,
	0x7F4F, 0x7F52, 0x7F53, 0x7F5B, 0x7F5C, 0x7F5D, 0x7F61, 0x7F63, 0x7F64, 0x7F65, 0x7F66, 0x7F6D,
	0x7F71, 0x7F7D, 0x7F7E, 0x7F7F, 0x7F80, 0x7F8B, 0x7F8D, 0x7F8F, 0x7F90, 0x7F91, 0x7F96, 0x7F97,
	0x7F9C, 0x7FA1, 0x7FA2, 0x7FA6, 0x7FAA, 0x7FAD, 0x7FB4, 0x7FBC, 0x7FBF, 0x7FC0, 0x7FC3, 0x7FC8,
	0x7FCE, 0x7FCF, 0x7FDB, 0x7FDF, 0x7FE3, 0x7FE5, 0x7FE8, 0x7FEC, 0x7FEE, 0x7FEF, 0x7FF2, 0x7FFA,
	0x7FFD, 0x7FFE, 0x7FFF, 0x8007, 0x8008, 0x800A, 0x800D, 0x800E, 0x800F, 0x8011, 0x8013, 0x8014,
	0x8016, 0x801D, 0x801E, 0x801F, 0x8020, 0x8024, 0x8026, 0x802C, 0x802E, 0x8030, 0x8034, 0x8035,
	0x8037, 0x8039, 0x803A, 0x803C, 0x803E, 0x8040, 0x8044, 0x8060, 0x8064, 0x8066, 0x806D, 0x8071,
	0x8075, 0x8081, 0x8088, 0x808E, 0x809C, 0x809E, 0x80A6, 0x80A7, 0x80AB, 0x80B8, 0x80B9, 0x80C8,
	0x80CD, 0x80CF, 0x80D2, 0x80D4, 0x80D5, 0x80D7, 0x80D8, 0x80E0, 0x80ED, 0x80EE, 0x80F0, 0x80F2,
	0x80F3, 0x80F6, 0x80F9, 0x80FA, 0x80FE, 0x8103, 0x810B, 0x8116, 0x8117, 0x8118, 0x811C, 0x811E,
	0x8120, 0x8124, 0x8127, 0x812C, 0x8130, 0x8135, 0x813A, 0x813C, 0x8145, 0x8147, 0x814A, 0x814C,
	0x8152, 0x8157, 0x8160, 0x8161, 0x8167, 0x8168, 0x8169, 0x816D, 0x816F, 0x8177, 0x8181, 0x8190,
	0x8184, 0x8185, 0x8186, 0x818B, 0x818E, 0x8196, 0x8198, 0x819B, 0x819E, 0x81A2, 0x81AE, 0x81B2,
	0x81B4, 0x81BB, 0x81CB, 0x81C3, 0x81C5, 0x81CA, 0x81CE, 0x81CF, 0x81D5, 0x81D7, 0x81DB, 0x81DD,
	0x81DE, 0x81E1, 0x81E4, 0x81EB, 0x81EC, 0x81F0, 0x81F1, 0x81F2, 0x81F5, 0x81F6, 0x81F8, 0x81F9,
	0x81FD, 0x81FF, 0x8200, 0x8203, 0x820F, 0x8213, 0x8214, 0x8219, 0x821A, 0x821D, 0x8221, 0x8222,
	0x8228, 0x8232, 0x8234, 0x823A, 0x8243, 0x8244, 0x8245, 0x8246, 0x824B, 0x824E, 0x824F, 0x8251,
	0x8256, 0x825C, 0x8260, 0x8263, 0x8267, 0x826D, 0x8274, 0x827B, 0x827D, 0x827F, 0x8280, 0x8281,
	0x8283, 0x8284, 0x8287, 0x8289, 0x828A, 0x828E, 0x8291, 0x8294, 0x8296, 0x8298, 0x829A, 0x829B,
	0x82A0, 0x82A1, 0x82A3, 0x82A4, 0x82A7, 0x82A8, 0x82A9, 0x82AA, 0x82AE, 0x82B0, 0x82B2, 0x82B4,
	0x82B7, 0x82BA, 0x82BC, 0x82BE, 0x82BF, 0x82C6, 0x82D0, 0x82D5, 0x82DA, 0x82E0, 0x82E2, 0x82E4,
	0x82E8, 0x82EA, 0x82ED, 0x82EF, 0x82F6, 0x82F7, 0x82FD, 0x82FE, 0x8300, 0x8301, 0x8307, 0x8308,
	0x830A, 0x830B, 0x8354, 0x831B, 0x831D, 0x831E, 0x831F, 0x8321, 0x8322, 0x832C, 0x832D, 0x832E,
	0x8330, 0x8333, 0x8337, 0x833A, 0x833C, 0x833D, 0x8342, 0x8343, 0x8344, 0x8347, 0x834D, 0x834E,
	0x8351, 0x8355, 0x8356, 0x8357, 0x8370, 0x8378, 0x837D, 0x837F, 0x8380, 0x8382, 0x8384, 0x8386,
	0x838D, 0x8392, 0x8394, 0x8395, 0x8398, 0x8399, 0x839B, 0x839C, 0x839D, 0x83A6, 0x83A7, 0x83A9,
	0x83AC, 0x83BE, 0x83BF, 0x83C0, 0x83C7, 0x83C9, 0x83CF, 0x83D0, 0x83D1, 0x83D4, 0x83DD, 0x8353,
	0x83E8, 0x83EA, 0x83F6, 0x83F8, 0x83F9, 0x83FC, 0x8401, 0x8406, 0x840A, 0x840F, 0x8411, 0x8415,
	0x8419, 0x83AD, 0x842F, 0x8439, 0x8445, 0x8447, 0x8448, 0x844A, 0x844D, 0x844F, 0x8451, 0x8452,
	0x8456, 0x8458, 0x8459, 0x845A, 0x845C, 0x8460, 0x8464, 0x8465, 0x8467, 0x846A, 0x8470, 0x8473,
	0x8474, 0x8476, 0x8478, 0x847C, 0x847D, 0x8481, 0x8485, 0x8492, 0x8493, 0x8495, 0x849E, 0x84A6,
	0x84A8, 0x84A9, 0x84AA, 0x84AF, 0x84B1, 0x84B4, 0x84BA, 0x84BD, 0x84BE, 0x84C0, 0x84C2, 0x84C7,
	0x84C8, 0x84CC, 0x84CF, 0x84D3, 0x84DC, 0x84E7, 0x84EA, 0x84EF, 0x84F0, 0x84F1, 0x84F2, 0x84F7,
	0x8532, 0x84FA, 0x84FB, 0x84FD, 0x8502, 0x8503, 0x8507, 0x850C, 0x850E, 0x8510, 0x851C, 0x851E,
	0x8522, 0x8523, 0x8524, 0x8525, 0x8527, 0x852A, 0x852B, 0x852F, 0x8533, 0x8534, 0x8536, 0x853F,
	0x8546, 0x854F, 0x8550, 0x8551, 0x8552, 0x8553, 0x8556, 0x8559, 0x855C, 0x855D, 0x855E, 0x855F,
	0x8560, 0x8561, 0x8562, 0x8564, 0x856B, 0x856F, 0x8579, 0x857A, 0x857B, 0x857D, 0x857F, 0x8581,
	0x8585, 0x8586, 0x8589, 0x858B, 0x858C, 0x858F, 0x8593, 0x8598, 0x859D, 0x859F, 0x85A0, 0x85A2,
	0x85A5, 0x85A7, 0x85B4, 0x85B6, 0x85B7, 0x85B8, 0x85BC, 0x85BD, 0x85BE, 0x85BF, 0x85C2, 0x85C7,
	0x85CA, 0x85CB, 0x85CE, 0x85AD, 0x85D8, 0x85DA, 0x85DF, 0x85E0, 0x85E6, 0x85E8, 0x85ED, 0x85F3,
	0x85F6, 0x85FC, 0x85FF, 0x8600, 0x8604, 0x8605, 0x860D, 0x860E, 0x8610, 0x8611, 0x8612, 0x8618,
	0x8619, 0x861B, 0x861E, 0x8621, 0x8627, 0x8629, 0x8636, 0x8638, 0x863A, 0x863C, 0x863D, 0x8640,
	0x8642, 0x8646, 0x8652, 0x8653, 0x8656, 0x8657, 0x8658, 0x8659, 0x865D, 0x8660, 0x8661, 0x8662,
	0x8663, 0x8664, 0x8669, 0x866C, 0x866F, 0x8675, 0x8676, 0x8677, 0x867A, 0x868D, 0x8691, 0x8696,
	0x8698, 0x869A, 0x869C, 0x86A1, 0x86A6, 0x86A7, 0x86A8, 0x86AD, 0x86B1, 0x86B3, 0x86B4, 0x86B5,
	0x86B7, 0x86B8, 0x86B9, 0x86BF, 0x86C0, 0x86C1, 0x86C3, 0x86C5, 0x86D1, 0x86D2, 0x86D5, 0x86D7,
	0x86DA, 0x86DC, 0x86E0, 0x86E3, 0x86E5, 0x86E7, 0x8688, 0x86FA, 0x86FC, 0x86FD, 0x8704, 0x8705,
	0x8707, 0x870B, 0x870E, 0x870F, 0x8710, 0x8713, 0x8714, 0x8719, 0x871E, 0x871F, 0x8721, 0x8723,
	0x8728, 0x872E, 0x872F, 0x8731, 0x8732, 0x8739, 0x873A, 0x873C, 0x873D, 0x873E, 0x8740, 0x8743,
	0x8745, 0x874D, 0x8758, 0x875D, 0x8761, 0x8764, 0x8765, 0x876F, 0x8771, 0x8772, 0x877B, 0x8783,
	0x8784, 0x8785, 0x8786, 0x8787, 0x8788, 0x8789, 0x878B, 0x878C, 0x8790, 0x8793, 0x8795, 0x8797,
	0x8798, 0x8799, 0x879E, 0x87A0, 0x87A3, 0x87A7, 0x87AC, 0x87AD, 0x87AE, 0x87B1, 0x87B5, 0x87BE,
	0x87BF, 0x87C1, 0x87C8, 0x87C9, 0x87CA, 0x87CE, 0x87D5, 0x87D6, 0x87D9, 0x87DA, 0x87DC, 0x87DF,
	0x87E2, 0x87E3, 0x87E4, 0x87EA, 0x87EB, 0x87ED, 0x87F1, 0x87F3, 0x87F8, 0x87FA, 0x87FF, 0x8801,
	0x8803, 0x8806, 0x8809, 0x880A, 0x880B, 0x8810, 0x8819, 0x8812, 0x8813, 0x8814, 0x8818, 0x881A,
	0x881B, 0x881C, 0x881E, 0x881F, 0x8828, 0x882D, 0x882E, 0x8830, 0x8832, 0x8835, 0x883A, 0x883C,
	0x8841, 0x8843, 0x8845, 0x8848, 0x8849, 0x884A, 0x884B, 0x884E, 0x8851, 0x8855, 0x8856, 0x8858,
	0x885A, 0x885C, 0x885F, 0x8860, 0x8864, 0x8869, 0x8871, 0x8879, 0x887B, 0x8880, 0x8898, 0x889A,
	0x889B, 0x889C, 0x889F, 0x88A0, 0x88A8, 0x88AA, 0x88BA, 0x88BD, 0x88BE, 0x88C0, 0x88CA, 0x88CB,
	0x88CC, 0x88CD, 0x88CE, 0x88D1, 0x88D2, 0x88D3, 0x88DB, 0x88DE, 0x88E7, 0x88EF, 0x88F0, 0x88F1,
	0x88F5, 0x88F7, 0x8901, 0x8906, 0x890D, 0x890E, 0x890F, 0x8915, 0x8916, 0x8918, 0x8919, 0x891A,
	0x891C, 0x8920, 0x8926, 0x8927, 0x8928, 0x8930, 0x8931, 0x8932, 0x8935, 0x8939, 0x893A, 0x893E,
	0x8940, 0x8942, 0x8945, 0x8946, 0x8949, 0x894F, 0x8952, 0x8957, 0x895A, 0x895B, 0x895C, 0x8961,
	0x8962, 0x8963, 0x896B, 0x896E, 0x8970, 0x8973, 0x8975, 0x897A, 0x897B, 0x897C, 0x897D, 0x8989,
	0x898D, 0x8990, 0x8994, 0x8995, 0x899B, 0x899C, 0x899F, 0x89A0, 0x89A5, 0x89B0, 0x89B4, 0x89B5,
	0x89B6, 0x89B7, 0x89BC, 0x89D4, 0x89D5, 0x89D6, 0x89D7, 0x89D8, 0x89E5, 0x89E9, 0x89EB, 0x89ED,
	0x89F1, 0x89F3, 0x89F6, 0x89F9, 0x89FD, 0x89FF, 0x8A04, 0x8A05, 0x8A07, 0x8A0F, 0x8A11, 0x8A12,
	0x8A14, 0x8A15, 0x8A1E, 0x8A20, 0x8A22, 0x8A24, 0x8A26, 0x8A2B, 0x8A2C, 0x8A2F, 0x8A35, 0x8A37,
	0x8A3D, 0x8A3E, 0x8A40, 0x8A43, 0x8A45, 0x8A47, 0x8A49, 0x8A4D, 0x8A4E, 0x8A53, 0x8A56, 0x8A57,
	0x8A58, 0x8A5C, 0x8A5D, 0x8A61, 0x8A65, 0x8A67, 0x8A75, 0x8A76, 0x8A77, 0x8A79, 0x8A7A, 0x8A7B,
	0x8A7E, 0x8A7F, 0x8A80, 0x8A83, 0x8A86, 0x8A8B, 0x8A8F, 0x8A90, 0x8A92, 0x8A96, 0x8A97, 0x8A99,
	0x8A9F, 0x8AA7, 0x8AA9, 0x8AAE, 0x8AAF, 0x8AB3, 0x8AB6, 0x8AB7, 0x8ABB, 0x8ABE, 0x8AC3, 0x8AC6,
	0x8AC8, 0x8AC9, 0x8ACA, 0x8AD1, 0x8AD3, 0x8AD4, 0x8AD5, 0x8AD7, 0x8ADD, 0x8ADF, 0x8AEC, 0x8AF0,
	0x8AF4, 0x8AF5, 0x8AF6, 0x8AFC, 0x8AFF, 0x8B05, 0x8B06, 0x8B0B, 0x8B11, 0x8B1C, 0x8B1E, 0x8B1F,
	0x8B0A, 0x8B2D, 0x8B30, 0x8B37, 0x8B3C, 0x8B42, 0x8B43, 0x8B44, 0x8B45, 0x8B46, 0x8B48, 0x8B52,
	0x8B53, 0x8B54, 0x8B59, 0x8B4D, 0x8B5E, 0x8B63, 0x8B6D, 0x8B76, 0x8B78, 0x8B79, 0x8B7C, 0x8B7E,
	0x8B81, 0x8B84, 0x8B85, 0x8B8B, 0x8B8D, 0x8B8F, 0x8B94, 0x8B95, 0x8B9C, 0x8B9E, 0x8B9F, 0x8C38,
	0x8C39, 0x8C3D, 0x8C3E, 0x8C45, 0x8C47, 0x8C49, 0x8C4B, 0x8C4F, 0x8C51, 0x8C53, 0x8C54, 0x8C57,
	0x8C58, 0x8C5B, 0x8C5D, 0x8C59, 0x8C63, 0x8C64, 0x8C66, 0x8C68, 0x8C69, 0x8C6D, 0x8C73, 0x8C75,
	0x8C76, 0x8C7B, 0x8C7E, 0x8C86, 0x8C87, 0x8C8B, 0x8C90, 0x8C92, 0x8C93, 0x8C99, 0x8C9B, 0x8C9C,
	0x8CA4, 0x8CB9, 0x8CBA, 0x8CC5, 0x8CC6, 0x8CC9, 0x8CCB, 0x8CCF, 0x8CD6, 0x8CD5, 0x8CD9, 0x8CDD,
	0x8CE1, 0x8CE8, 0x8CEC, 0x8CEF, 0x8CF0, 0x8CF2, 0x8CF5, 0x8CF7, 0x8CF8, 0x8CFE, 0x8CFF, 0x8D01,
	0x8D03, 0x8D09, 0x8D12, 0x8D17, 0x8D1B, 0x8D65, 0x8D69, 0x8D6C, 0x8D6E, 0x8D7F, 0x8D82, 0x8D84,
	0x8D88, 0x8D8D, 0x8D90, 0x8D91, 0x8D95, 0x8D9E, 0x8D9F, 0x8DA0, 0x8DA6, 0x8DAB, 0x8DAC, 0x8DAF,
	0x8DB2, 0x8DB5, 0x8DB7, 0x8DB9, 0x8DBB, 0x8DC0, 0x8DC5, 0x8DC6, 0x8DC7, 0x8DC8, 0x8DCA, 0x8DCE,
	0x8DD1, 0x8DD4, 0x8DD5, 0x8DD7, 0x8DD9, 0x8DE4, 0x8DE5, 0x8DE7, 0x8DEC, 0x8DF0, 0x8DBC, 0x8DF1,
	0x8DF2, 0x8DF4, 0x8DFD, 0x8E01, 0x8E04, 0x8E05, 0x8E06, 0x8E0B, 0x8E11, 0x8E14, 0x8E16, 0x8E20,
	0x8E21, 0x8E22, 0x8E23, 0x8E26, 0x8E27, 0x8E31, 0x8E33, 0x8E36, 0x8E37, 0x8E38, 0x8E39, 0x8E3D,
	0x8E40, 0x8E41, 0x8E4B, 0x8E4D, 0x8E4E, 0x8E4F, 0x8E54, 0x8E5B, 0x8E5C, 0x8E5D, 0x8E5E, 0x8E61,
	0x8E62, 0x8E69, 0x8E6C, 0x8E6D, 0x8E6F, 0x8E70, 0x8E71, 0x8E79, 0x8E7A, 0x8E7B, 0x8E82, 0x8E83,
	0x8E89, 0x8E90, 0x8E92, 0x8E95, 0x8E9A, 0x8E9B, 0x8E9D, 0x8E9E, 0x8EA2, 0x8EA7, 0x8EA9, 0x8EAD,
	0x8EAE, 0x8EB3, 0x8EB5, 0x8EBA, 0x8EBB, 0x8EC0, 0x8EC1, 0x8EC3, 0x8EC4, 0x8EC7, 0x8ECF, 0x8ED1,
	0x8ED4, 0x8EDC, 0x8EE8, 0x8EEE, 0x8EF0, 0x8EF1, 0x8EF7, 0x8EF9, 0x8EFA, 0x8EED, 0x8F00, 0x8F02,
	0x8F07, 0x8F08, 0x8F0F, 0x8F10, 0x8F16, 0x8F17, 0x8F18, 0x8F1E, 0x8F20, 0x8F21, 0x8F23, 0x8F25,
	0x8F27, 0x8F28, 0x8F2C, 0x8F2D, 0x8F2E, 0x8F34, 0x8F35, 0x8F36, 0x8F37, 0x8F3A, 0x8F40, 0x8F41,
	0x8F43, 0x8F47, 0x8F4F, 0x8F51, 0x8F52, 0x8F53, 0x8F54, 0x8F55, 0x8F58, 0x8F5D, 0x8F5E, 0x8F65,
	0x8F9D, 0x8FA0, 0x8FA1, 0x8FA4, 0x8FA5, 0x8FA6, 0x8FB5, 0x8FB6, 0x8FB8, 0x8FBE, 0x8FC0, 0x8FC1,
	0x8FC6, 0x8FCA, 0x8FCB, 0x8FCD, 0x8FD0, 0x8FD2, 0x8FD3, 0x8FD5, 0x8FE0, 0x8FE3, 0x8FE4, 0x8FE8,
	0x8FEE, 0x8FF1, 0x8FF5, 0x8FF6, 0x8FFB, 0x8FFE, 0x9002, 0x9004, 0x9008, 0x900C, 0x9018, 0x901B,
	0x9028, 0x9029, 0x902F, 0x902A, 0x902C, 0x902D, 0x9033, 0x9034, 0x9037, 0x903F, 0x9043, 0x9044,
	0x904C, 0x905B, 0x905D, 0x9062, 0x9066, 0x9067, 0x906C, 0x9070, 0x9074, 0x9079, 0x9085, 0x9088,
	0x908B, 0x908C, 0x908E, 0x9090, 0x9095, 0x9097, 0x9098, 0x9099, 0x909B, 0x90A0, 0x90A1, 0x90A2,
	0x90A5, 0x90B0, 0x90B2, 0x90B3, 0x90B4, 0x90B6, 0x90BD, 0x90CC, 0x90BE, 0x90C3, 0x90C4, 0x90C5,
	0x90C7, 0x90C8, 0x90D5, 0x90D7, 0x90D8, 0x90D9, 0x90DC, 0x90DD, 0x90DF, 0x90E5, 0x90D2, 0x90F6,
	0x90EB, 0x90EF, 0x90F0, 0x90F4, 0x90FE, 0x90FF, 0x9100, 0x9104, 0x9105, 0x9106, 0x9108, 0x910D,
	0x9110, 0x9114, 0x9116, 0x9117, 0x9118, 0x911A, 0x911C, 0x911E, 0x9120, 0x9125, 0x9122, 0x9123,
	0x9127, 0x9129, 0x912E, 0x912F, 0x9131, 0x9134, 0x9136, 0x9137, 0x9139, 0x913A, 0x913C, 0x913D,
	0x9143, 0x9147, 0x9148, 0x914F, 0x9153, 0x9157, 0x9159, 0x915A, 0x915B, 0x9161, 0x9164, 0x9167,
	0x916D, 0x9174, 0x9179, 0x917A, 0x917B, 0x9181, 0x9183, 0x9185, 0x9186, 0x918A, 0x918E, 0x9191,
	0x9193, 0x9194, 0x9195, 0x9198, 0x919E, 0x91A1, 0x91A6, 0x91A8, 0x91AC, 0x91AD, 0x91AE, 0x91B0,
	0x91B1, 0x91B2, 0x91B3, 0x91B6, 0x91BB, 0x91BC, 0x91BD, 0x91BF, 0x91C2, 0x91C3, 0x91C5, 0x91D3,
	0x91D4, 0x91D7, 0x91D9, 0x91DA, 0x91DE, 0x91E4, 0x91E5, 0x91E9, 0x91EA, 0x91EC, 0x91ED, 0x91EE,
	0x91EF, 0x91F0, 0x91F1, 0x91F7, 0x91F9, 0x91FB, 0x91FD, 0x9200, 0x9201, 0x9204, 0x9205, 0x9206,
	0x9207, 0x9209, 0x920A, 0x920C, 0x9210, 0x9212, 0x9213, 0x9216, 0x9218, 0x921C, 0x921D, 0x9223,
	0x9224, 0x9225, 0x9226, 0x9228, 0x922E, 0x922F, 0x9230, 0x9233, 0x9235, 0x9236, 0x9238, 0x9239,
	0x923A, 0x923C, 0x923E, 0x9240, 0x9242, 0x9243, 0x9246, 0x9247, 0x924A, 0x924D, 0x924E, 0x924F,
	0x9251, 0x9258, 0x9259, 0x925C, 0x925D, 0x9260, 0x9261, 0x9265, 0x9267, 0x9268, 0x9269, 0x926E,
	0x926F, 0x9270, 0x9275, 0x9276, 0x9277, 0x9278, 0x9279, 0x927B, 0x927C, 0x927D, 0x927F, 0x9288,
	0x9289, 0x928A, 0x928D, 0x928E, 0x9292, 0x9297, 0x9299, 0x929F, 0x92A0, 0x92A4, 0x92A5, 0x92A7,
	0x92A8, 0x92AB, 0x92AF, 0x92B2, 0x92B6, 0x92B8, 0x92BA, 0x92BB, 0x92BC, 0x92BD, 0x92BF, 0x92C0,
	0x92C1, 0x92C2, 0x92C3, 0x92C5, 0x92C6, 0x92C7, 0x92C8, 0x92CB, 0x92CC, 0x92CD, 0x92CE, 0x92D0,
	0x92D3, 0x92D5, 0x92D7, 0x92D8, 0x92D9, 0x92DC, 0x92DD, 0x92DF, 0x92E0, 0x92E1, 0x92E3, 0x92E5,
	0x92E7, 0x92E8, 0x92EC, 0x92EE, 0x92F0, 0x92F9, 0x92FB, 0x92FF, 0x9300, 0x9302, 0x9308, 0x930D,
	0x9311, 0x9314, 0x9315, 0x931C, 0x931D, 0x931E, 0x931F, 0x9321, 0x9324, 0x9325, 0x9327, 0x9329,
	0x932A, 0x9333, 0x9334, 0x9336, 0x9337, 0x9347, 0x9348, 0x9349, 0x9350, 0x9351, 0x9352, 0x9355,
	0x9357, 0x9358, 0x935A, 0x935E, 0x9364, 0x9365, 0x9367, 0x9369, 0x936A, 0x936D, 0x936F, 0x9370,
	0x9371, 0x9373, 0x9374, 0x9376, 0x937A, 0x937D, 0x937F, 0x9380, 0x9381, 0x9382, 0x9388, 0x938A,
	0x938B, 0x938D, 0x938F, 0x9392, 0x9395, 0x9398, 0x939B, 0x939E, 0x93A1, 0x93A3, 0x93A4, 0x93A6,
	0x93A8, 0x93AB, 0x93B4, 0x93B5, 0x93B6, 0x93BA, 0x93A9, 0x93C1, 0x93C4, 0x93C5, 0x93C6, 0x93C7,
	0x93C9, 0x93CA, 0x93CB, 0x93CC, 0x93CD, 0x93D3, 0x93D9, 0x93DC, 0x93DE, 0x93DF, 0x93E2, 0x93E6,
	0x93E7, 0x93F9, 0x93F7, 0x93F8, 0x93FA, 0x93FB, 0x93FD, 0x9401, 0x9402, 0x9404, 0x9408, 0x9409,
	0x940D, 0x940E, 0x940F, 0x9415, 0x9416, 0x9417, 0x941F, 0x942E, 0x942F, 0x9431, 0x9432, 0x9433,
	0x9434, 0x943B, 0x943F, 0x943D, 0x9443, 0x9445, 0x9448, 0x944A, 0x944C, 0x9455, 0x9459, 0x945C,
	0x945F, 0x9461, 0x9463, 0x9468, 0x946B, 0x946D, 0x946E, 0x946F, 0x9471, 0x9472, 0x9484, 0x9483,
	0x9578, 0x9579, 0x957E, 0x9584, 0x9588, 0x958C, 0x958D, 0x958E, 0x959D, 0x959E, 0x959F, 0x95A1,
	0x95A6, 0x95A9, 0x95AB, 0x95AC, 0x95B4, 0x95B6, 0x95BA, 0x95BD, 0x95BF, 0x95C6, 0x95C8, 0x95C9,
	0x95CB, 0x95D0, 0x95D1, 0x95D2, 0x95D3, 0x95D9, 0x95DA, 0x95DD, 0x95DE, 0x95DF, 0x95E0, 0x95E4,
	0x95E6, 0x961D, 0x961E, 0x9622, 0x9624, 0x9625, 0x9626, 0x962C, 0x9631, 0x9633, 0x9637, 0x9638,
	0x9639, 0x963A, 0x963C, 0x963D, 0x9641, 0x9652, 0x9654, 0x9656, 0x9657, 0x9658, 0x9661, 0x966E,
	0x9674, 0x967B, 0x967C, 0x967E, 0x967F, 0x9681, 0x9682, 0x9683, 0x9684, 0x9689, 0x9691, 0x9696,
	0x969A, 0x969D, 0x969F, 0x96A4, 0x96A5, 0x96A6, 0x96A9, 0x96AE, 0x96AF, 0x96B3, 0x96BA, 0x96CA,
	0x96D2, 0x5DB2, 0x96D8, 0x96DA, 0x96DD, 0x96DE, 0x96DF, 0x96E9, 0x96EF, 0x96F1, 0x96FA, 0x9702,
	0x9703, 0x9705, 0x9709, 0x971A, 0x971B, 0x971D, 0x9721, 0x9722, 0x9723, 0x9728, 0x9731, 0x9733,
	0x9741, 0x9743, 0x974A, 0x974E, 0x974F, 0x9755, 0x9757, 0x9758, 0x975A, 0x975B, 0x9763, 0x9767,
	0x976A, 0x976E, 0x9773, 0x9776, 0x9777, 0x9778, 0x977B, 0x977D, 0x977F, 0x9780, 0x9789, 0x9795,
	0x9796, 0x9797, 0x9799, 0x979A, 0x979E, 0x979F, 0x97A2, 0x97AC, 0x97AE, 0x97B1, 0x97B2, 0x97B5,
	0x97B6, 0x97B8, 0x97B9, 0x97BA, 0x97BC, 0x97BE, 0x97BF, 0x97C1, 0x97C4, 0x97C5, 0x97C7, 0x97C9,
	0x97CA, 0x97CC, 0x97CD, 0x97CE, 0x97D0, 0x97D1, 0x97D4, 0x97D7, 0x97D8, 0x97D9, 0x97DD, 0x97DE,
	0x97E0, 0x97DB, 0x97E1, 0x97E4, 0x97EF, 0x97F1, 0x97F4, 0x97F7, 0x97F8, 0x97FA, 0x9807, 0x980A,
	0x9819, 0x980D, 0x980E, 0x9814, 0x9816, 0x981C, 0x981E, 0x9820, 0x9823, 0x9826, 0x982B, 0x982E,
	0x982F, 0x9830, 0x9832, 0x9833, 0x9835, 0x9825, 0x983E, 0x9844, 0x9847, 0x984A, 0x9851, 0x9852,
	0x9853, 0x9856, 0x9857, 0x9859, 0x985A, 0x9862, 0x9863, 0x9865, 0x9866, 0x986A, 0x986C, 0x98AB,
	0x98AD, 0x98AE, 0x98B0, 0x98B4, 0x98B7, 0x98B8, 0x98BA, 0x98BB, 0x98BF, 0x98C2, 0x98C5, 0x98C8,
	0x98CC, 0x98E1, 0x98E3, 0x98E5, 0x98E6, 0x98E7, 0x98EA, 0x98F3, 0x98F6, 0x9902, 0x9907, 0x9908,
	0x9911, 0x9915, 0x9916, 0x9917, 0x991A, 0x991B, 0x991C, 0x991F, 0x9922, 0x9926, 0x9927, 0x992B,
	0x9931, 0x9932, 0x9933, 0x9934, 0x9935, 0x9939, 0x993A, 0x993B, 0x993C, 0x9940, 0x9941, 0x9946,
	0x9947, 0x9948, 0x994D, 0x994E, 0x9954, 0x9958, 0x9959, 0x995B, 0x995C, 0x995E, 0x995F, 0x9960,
	0x999B, 0x999D, 0x999F, 0x99A6, 0x99B0, 0x99B1, 0x99B2, 0x99B5, 0x99B9, 0x99BA, 0x99BD, 0x99BF,
	0x99C3, 0x99C9, 0x99D3, 0x99D4, 0x99D9, 0x99DA, 0x99DC, 0x99DE, 0x99E7, 0x99EA, 0x99EB, 0x99EC,
	0x99F0, 0x99F4, 0x99F5, 0x99F9, 0x99FD, 0x99FE, 0x9A02, 0x9A03, 0x9A04, 0x9A0B, 0x9A0C, 0x9A10,
	0x9A11, 0x9A16, 0x9A1E, 0x9A20, 0x9A22, 0x9A23, 0x9A24, 0x9A27, 0x9A2D, 0x9A2E, 0x9A33, 0x9A35,
	0x9A36, 0x9A38, 0x9A47, 0x9A41, 0x9A44, 0x9A4A, 0x9A4B, 0x9A4C, 0x9A4E, 0x9A51, 0x9A54, 0x9A56,
	0x9A5D, 0x9AAA, 0x9AAC, 0x9AAE, 0x9AAF, 0x9AB2, 0x9AB4, 0x9AB5, 0x9AB6, 0x9AB9, 0x9ABB, 0x9ABE,
	0x9ABF, 0x9AC1, 0x9AC3, 0x9AC6, 0x9AC8, 0x9ACE, 0x9AD0, 0x9AD2, 0x9AD5, 0x9AD6, 0x9AD7, 0x9ADB,
	0x9ADC, 0x9AE0, 0x9AE4, 0x9AE5, 0x9AE7, 0x9AE9, 0x9AEC, 0x9AF2, 0x9AF3, 0x9AF5, 0x9AF9, 0x9AFA,
	0x9AFD, 0x9AFF, 0x9B00, 0x9B01, 0x9B02, 0x9B03, 0x9B04, 0x9B05, 0x9B08, 0x9B09, 0x9B0B, 0x9B0C,
	0x9B0D, 0x9B0E, 0x9B10, 0x9B12, 0x9B16, 0x9B19, 0x9B1B, 0x9B1C, 0x9B20, 0x9B26, 0x9B2B, 0x9B2D,
	0x9B33, 0x9B34, 0x9B35, 0x9B37, 0x9B39, 0x9B3A, 0x9B3D, 0x9B48, 0x9B4B, 0x9B4C, 0x9B55, 0x9B56,
	0x9B57, 0x9B5B, 0x9B5E, 0x9B61, 0x9B63, 0x9B65, 0x9B66, 0x9B68, 0x9B6A, 0x9B6B, 0x9B6C, 0x9B6D,
	0x9B6E, 0x9B73, 0x9B75, 0x9B77, 0x9B78, 0x9B79, 0x9B7F, 0x9B80, 0x9B84, 0x9B85, 0x9B86, 0x9B87,
	0x9B89, 0x9B8A, 0x9B8B, 0x9B8D, 0x9B8F, 0x9B90, 0x9B94, 0x9B9A, 0x9B9D, 0x9B9E, 0x9BA6, 0x9BA7,
	0x9BA9, 0x9BAC, 0x9BB0, 0x9BB1, 0x9BB2, 0x9BB7, 0x9BB8, 0x9BBB, 0x9BBC, 0x9BBE, 0x9BBF, 0x9BC1,
	0x9BC7, 0x9BC8, 0x9BCE, 0x9BD0, 0x9BD7, 0x9BD8, 0x9BDD, 0x9BDF, 0x9BE5, 0x9BE7, 0x9BEA, 0x9BEB,
	0x9BEF, 0x9BF3, 0x9BF7, 0x9BF8, 0x9BF9, 0x9BFA, 0x9BFD, 0x9BFF, 0x9C00, 0x9C02, 0x9C0B, 0x9C0F,
	0x9C11, 0x9C16, 0x9C18, 0x9C19, 0x9C1A, 0x9C1C, 0x9C1E, 0x9C22, 0x9C23, 0x9C26, 0x9C27, 0x9C28,
	0x9C29, 0x9C2A, 0x9C31, 0x9C35, 0x9C36, 0x9C37, 0x9C3D, 0x9C41, 0x9C43, 0x9C44, 0x9C45, 0x9C49,
	0x9C4A, 0x9C4E, 0x9C4F, 0x9C50, 0x9C53, 0x9C54, 0x9C56, 0x9C58, 0x9C5B, 0x9C5D, 0x9C5E, 0x9C5F,
	0x9C63, 0x9C69, 0x9C6A, 0x9C5C, 0x9C6B, 0x9C68, 0x9C6E, 0x9C70, 0x9C72, 0x9C75, 0x9C77, 0x9C7B,
	0x9CE6, 0x9CF2, 0x9CF7, 0x9CF9, 0x9D0B, 0x9D02, 0x9D11, 0x9D17, 0x9D18, 0x9D1C, 0x9D1D, 0x9D1E,
	0x9D2F, 0x9D30, 0x9D32, 0x9D33, 0x9D34, 0x9D3A, 0x9D3C, 0x9D45, 0x9D3D, 0x9D42, 0x9D43, 0x9D47,
	0x9D4A, 0x9D53, 0x9D54, 0x9D5F, 0x9D63, 0x9D62, 0x9D65, 0x9D69, 0x9D6A, 0x9D6B, 0x9D70, 0x9D76,
	0x9D77, 0x9D7B, 0x9D7C, 0x9D7E, 0x9D83, 0x9D84, 0x9D86, 0x9D8A, 0x9D8D, 0x9D8E, 0x9D92, 0x9D93,
	0x9D95, 0x9D96, 0x9D97, 0x9D98, 0x9DA1, 0x9DAA, 0x9DAC, 0x9DAE, 0x9DB1, 0x9DB5, 0x9DB9, 0x9DBC,
	0x9DBF, 0x9DC3, 0x9DC7, 0x9DC9, 0x9DCA, 0x9DD4, 0x9DD5, 0x9DD6, 0x9DD7, 0x9DDA, 0x9DDE, 0x9DDF,
	0x9DE0, 0x9DE5, 0x9DE7, 0x9DE9, 0x9DEB, 0x9DEE, 0x9DF0, 0x9DF3, 0x9DF4, 0x9DFE, 0x9E0A, 0x9E02,
	0x9E07, 0x9E0E, 0x9E10, 0x9E11, 0x9E12, 0x9E15, 0x9E16, 0x9E19, 0x9E1C, 0x9E1D, 0x9E7A, 0x9E7B,
	0x9E7C, 0x9E80, 0x9E82, 0x9E83, 0x9E84, 0x9E85, 0x9E87, 0x9E8E, 0x9E8F, 0x9E96, 0x9E98, 0x9E9B,
	0x9E9E, 0x9EA4, 0x9EA8, 0x9EAC, 0x9EAE, 0x9EAF, 0x9EB0, 0x9EB3, 0x9EB4, 0x9EB5, 0x9EC6, 0x9EC8,
	0x9ECB, 0x9ED5, 0x9EDF, 0x9EE4, 0x9EE7, 0x9EEC, 0x9EED, 0x9EEE, 0x9EF0, 0x9EF1, 0x9EF2, 0x9EF5,
	0x9EF8, 0x9EFF, 0x9F02, 0x9F03, 0x9F09, 0x9F0F, 0x9F10, 0x9F11, 0x9F12, 0x9F14, 0x9F16, 0x9F17,
	0x9F19, 0x9F1A, 0x9F1B, 0x9F1F, 0x9F22, 0x9F26, 0x9F2A, 0x9F2B, 0x9F2F, 0x9F31, 0x9F32, 0x9F34,
	0x9F37, 0x9F39, 0x9F3A, 0x9F3C, 0x9F3D, 0x9F3F, 0x9F41, 0x9F43, 0x9F44, 0x9F45, 0x9F46, 0x9F47,
	0x9F53, 0x9F55, 0x9F56, 0x9F57, 0x9F58, 0x9F5A, 0x9F5D, 0x9F5E, 0x9F68, 0x9F69, 0x9F6D, 0x9F6E,
	0x9F6F, 0x9F70, 0x9F71, 0x9F73, 0x9F75, 0x9F7A, 0x9F7D, 0x9F8F, 0x9F90, 0x9F91, 0x9F92, 0x9F94,
	0x9F96, 0x9F97, 0x9F9E, 0x9FA1, 0x9FA2, 0x9FA3, 0x9FA5, 0x0000, 0x0000, 0x0000, 0x0000, 0x0000,
	0x0000, 0x0000, 0x0000, 0x0000, 0x0000, 0x0000, 0x0000, 0x0000, 0x0000, 0x0000, 0x0000, 0x0000,
	0x0000, 0x0000, 0x0000, 0x0000, 0x0000, 0x0000, 0x0000, 0x0000, 0x0000, 0x0000,
};

/* zone C: GB 2312, at (first - 21) * 126 + second - 80 */
const UH bpk_tron_zc[94 * 94] = {
	0x3000, 0x3001, 0x3002, 0x30FB, 0x02C9, 0x02C7, 0x00A8, 0x3003, 0x3005, 0x2015, 0xFF5E, 0x2016,
	0x2026, 0x2018, 0x2019, 0x201C, 0x201D, 0x3014, 0x3015, 0x3008, 0x3009, 0x300A, 0x300B, 0x300C,
	0x300D, 0x300E, 0x300F, 0x3016, 0x3017, 0x3010, 0x3011, 0x00B1, 0x00D7, 0x00F7, 0x2236, 0x2227,
	0x2228, 0x2211, 0x220F, 0x222A, 0x2229, 0x2208, 0x2237, 0x221A, 0x22A5, 0x2225, 0x2220, 0x2312,
	0x2299, 0x222B, 0x222E, 0x2261, 0x224C, 0x2248, 0x223D, 0x221D, 0x2260, 0x226E, 0x226F, 0x2264,
	0x2265, 0x221E, 0x2235, 0x2234, 0x2642, 0x2640, 0x00B0, 0x2032, 0x2033, 0x2103, 0xFF04, 0x00A4,
	0xFFE0, 0xFFE1, 0x2030, 0x00A7, 0x2116, 0x2606, 0x2605, 0x25CB, 0x25CF, 0x25CE, 0x25C7, 0x25C6,
	0x25A1, 0x25A0, 0x25B3, 0x25B2, 0x203B, 0x2192, 0x2190, 0x2191, 0x2193, 0x3013, 0x0000, 0x0000,
	0x0000, 0x0000, 0x0000, 0x0000, 0x0000, 0x0000, 0x0000, 0x0000, 0x0000, 0x0000, 0x0000, 0x0000,
	0x0000, 0x0000, 0x2488, 0x2489, 0x248A, 0x248B, 0x248C, 0x248D, 0x248E, 0x248F, 0x2490, 0x2491,
	0x2492, 0x2493, 0x2494, 0x2495, 0x2496, 0x2497, 0x2498, 0x2499, 0x249A, 0x249B, 0x2474, 0x2475,
	0x2476, 0x2477, 0x2478, 0x2479, 0x247A, 0x247B, 0x247C, 0x247D, 0x247E, 0x247F, 0x2480, 0x2481,
	0x2482, 0x2483, 0x2484, 0x2485, 0x2486, 0x2487, 0x2460, 0x2461, 0x2462, 0x2463, 0x2464, 0x2465,
	0x2466, 0x2467, 0x2468, 0x2469, 0x0000, 0x0000, 0x3220, 0x3221, 0x3222, 0x3223, 0x3224, 0x3225,
	0x3226, 0x3227, 0x3228, 0x3229, 0x0000, 0x0000, 0x2160, 0x2161, 0x2162, 0x2163, 0x2164, 0x2165,
	0x2166, 0x2167, 0x2168, 0x2169, 0x216A, 0x216B, 0x0000, 0x0000, 0xFF01, 0xFF02, 0xFF03, 0xFFE5,
	0xFF05, 0xFF06, 0xFF07, 0xFF08, 0xFF09, 0xFF0A, 0xFF0B, 0xFF0C, 0xFF0D, 0xFF0E, 0xFF0F, 0xFF10,
	0xFF11, 0xFF12, 0xFF13, 0xFF14, 0xFF15, 0xFF16, 0xFF17, 0xFF18, 0xFF19, 0xFF1A, 0xFF1B, 0xFF1C,
	0xFF1D, 0xFF1E, 0xFF1F, 0xFF20, 0xFF21, 0xFF22, 0xFF23, 0xFF24, 0xFF25, 0xFF26, 0xFF27, 0xFF28,
	0xFF29, 0xFF2A, 0xFF2B, 0xFF2C, 0xFF2D, 0xFF2E, 0xFF2F, 0xFF30, 0xFF31, 0xFF32, 0xFF33, 0xFF34,
	0xFF35, 0xFF36, 0xFF37, 0xFF38, 0xFF39, 0xFF3A, 0xFF3B, 0xFF3C, 0xFF3D, 0xFF3E, 0xFF3F, 0xFF40,
	0xFF41, 0xFF42, 0xFF43, 0xFF44, 0xFF45, 0xFF46, 0xFF47, 0xFF48, 0xFF49, 0xFF4A, 0xFF4B, 0xFF4C,
	0xFF4D, 0xFF4E, 0xFF4F, 0xFF50, 0xFF51, 0xFF52, 0xFF53, 0xFF54, 0xFF55, 0xFF56, 0xFF57, 0xFF58,
	0xFF59, 0xFF5A, 0xFF5B, 0xFF5C, 0xFF5D, 0xFFE3, 0x3041, 0x3042, 0x3043, 0x3044, 0x3045, 0x3046,
	0x3047, 0x3048, 0x3049, 0x304A, 0x304B, 0x304C, 0x304D, 0x304E, 0x304F, 0x3050, 0x3051, 0x3052,
	0x3053, 0x3054, 0x3055, 0x3056, 0x3057, 0x3058, 0x3059, 0x305A, 0x305B, 0x305C, 0x305D, 0x305E,
	0x305F, 0x3060, 0x3061, 0x3062, 0x3063, 0x3064, 0x3065, 0x3066, 0x3067, 0x3068, 0x3069, 0x306A,
	0x306B, 0x306C, 0x306D, 0x306E, 0x306F, 0x3070, 0x3071, 0x3072, 0x3073, 0x3074, 0x3075, 0x3076,
	0x3077, 0x3078, 0x3079, 0x307A, 0x307B, 0x307C, 0x307D, 0x307E, 0x307F, 0x3080, 0x3081, 0x3082,
	0x3083, 0x3084, 0x3085, 0x3086, 0x3087, 0x3088, 0x3089, 0x308A, 0x308B, 0x308C, 0x308D, 0x308E,
	0x308F, 0x3090, 0x3091, 0x3092, 0x3093, 0x0000, 0x0000, 0x0000, 0x0000, 0x0000, 0x0000, 0x0000,
	0x0000, 0x0000, 0x0000, 0x0000, 0x30A1, 0x30A2, 0x30A3, 0x30A4, 0x30A5, 0x30A6, 0x30A7, 0x30A8,
	0x30A9, 0x30AA, 0x30AB, 0x30AC, 0x30AD, 0x30AE, 0x30AF, 0x30B0, 0x30B1, 0x30B2, 0x30B3, 0x30B4,
	0x30B5, 0x30B6, 0x30B7, 0x30B8, 0x30B9, 0x30BA, 0x30BB, 0x30BC, 0x30BD, 0x30BE, 0x30BF, 0x30C0,
	0x30C1, 0x30C2, 0x30C3, 0x30C4, 0x30C5, 0x30C6, 0x30C7, 0x30C8, 0x30C9, 0x30CA, 0x30CB, 0x30CC,
	0x30CD, 0x30CE, 0x30CF, 0x30D0, 0x30D1, 0x30D2, 0x30D3, 0x30D4, 0x30D5, 0x30D6, 0x30D7, 0x30D8,
	0x30D9, 0x30DA, 0x30DB, 0x30DC, 0x30DD, 0x30DE, 0x30DF, 0x30E0, 0x30E1, 0x30E2, 0x30E3, 0x30E4,
	0x30E5, 0x30E6, 0x30E7, 0x30E8, 0x30E9, 0x30EA, 0x30EB, 0x30EC, 0x30ED, 0x30EE, 0x30EF, 0x30F0,
	0x30F1, 0x30F2, 0x30F3, 0x30F4, 0x30F5, 0x30F6, 0x0000, 0x0000, 0x0000, 0x0000, 0x0000, 0x0000,
	0x0000, 0x0000, 0x0391, 0x0392, 0x0393, 0x0394, 0x0395, 0x0396, 0x0397, 0x0398, 0x0399, 0x039A,
	0x039B, 0x039C, 0x039D, 0x039E, 0x039F, 0x03A0, 0x03A1, 0x03A3, 0x03A4, 0x03A5, 0x03A6, 0x03A7,
	0x03A8, 0x03A9, 0x0000, 0x0000, 0x0000, 0x0000, 0x0000, 0x0000, 0x0000, 0x0000, 0x03B1, 0x03B2,
	0x03B3, 0x03B4, 0x03B5, 0x03B6, 0x03B7, 0x03B8, 0x03B9, 0x03BA, 0x03BB, 0x03BC, 0x03BD, 0x03BE,
	0x03BF, 0x03C0, 0x03C1, 0x03C3, 0x03C4, 0x03C5, 0x03C6, 0x03C7, 0x03C8, 0x03C9, 0x0000, 0x0000,
	0x0000, 0x0000, 0x0000, 0x0000, 0x0000, 0x0000, 0x0000, 0x0000, 0x0000, 0x0000, 0x0000, 0x0000,
	0x0000, 0x0000, 0x0000, 0x0000, 0x0000, 0x0000, 0x0000, 0x0000, 0x0000, 0x0000, 0x0000, 0x0000,
	0x0000, 0x0000, 0x0000, 0x0000, 0x0000, 0x0000, 0x0000, 0x0000, 0x0000, 0x0000, 0x0000, 0x0000,
	0x0410, 0x0411, 0x0412, 0x0413, 0x0414, 0x0415, 0x0401, 0x0416, 0x0417, 0x0418, 0x0419, 0x041A,
	0x041B, 0x041C, 0x041D, 0x041E, 0x041F, 0x0420, 0x0421, 0x0422, 0x0423, 0x0424, 0x0425, 0x0426,
	0x0427, 0x0428, 0x0429, 0x042A, 0x042B, 0x042C, 0x042D, 0x042E, 0x042F, 0x0000, 0x0000, 0x0000,
	0x0000, 0x0000, 0x0000, 0x0000, 0x0000, 0x0000, 0x0000, 0x0000, 0x0000, 0x0000, 0x0000, 0x0000,
	0x0430, 0x0431, 0x0432, 0x0433, 0x0434, 0x0435, 0x0451, 0x0436, 0x0437, 0x0438, 0x0439, 0x043A,
	0x043B, 0x043C, 0x043D, 0x043E, 0x043F, 0x0440, 0x0441, 0x0442, 0x0443, 0x0444, 0x0445, 0x0446,
	0x0447, 0x0448, 0x0449, 0x044A, 0x044B, 0x044C, 0x044D, 0x044E, 0x044F, 0x0000, 0x0000, 0x0000,
	0x0000, 0x0000, 0x0000, 0x0000, 0x0000, 0x0000, 0x0000, 0x0000, 0x0000, 0x0000, 0x0101, 0x00E1,
	0x01CE, 0x00E0, 0x0113, 0x00E9, 0x011B, 0x00E8, 0x012B, 0x00ED, 0x01D0, 0x00EC, 0x014D, 0x00F3,
	0x01D2, 0x00F2, 0x016B, 0x00FA, 0x01D4, 0x00F9, 0x01D6, 0x01D8, 0x01DA, 0x01DC, 0x00FC, 0x00EA,
	0x0000, 0x0000, 0x0000, 0x0000, 0x0000, 0x0000, 0x0000, 0x0000, 0x0000, 0x0000, 0x3105, 0x3106,
	0x3107, 0x3108, 0x3109, 0x310A, 0x310B, 0x310C, 0x310D, 0x310E, 0x310F, 0x3110, 0x3111, 0x3112,
	0x3113, 0x3114, 0x3115, 0x3116, 0x3117, 0x3118, 0x3119, 0x311A, 0x311B, 0x311C, 0x311D, 0x311E,
	0x311F, 0x3120, 0x3121, 0x3122, 0x3123, 0x3124, 0x3125, 0x3126, 0x3127, 0x3128, 0x3129, 0x0000,
	0x0000, 0x0000, 0x0000, 0x0000, 0x0000, 0x0000, 0x0000, 0x0000, 0x0000, 0x0000, 0x0000, 0x0000,
	0x0000, 0x0000, 0x0000, 0x0000, 0x0000, 0x0000, 0x0000, 0x0000, 0x0000, 0x0000, 0x0000, 0x2500,
	0x2501, 0x2502, 0x2503, 0x2504, 0x2505, 0x2506, 0x2507, 0x2508, 0x2509, 0x250A, 0x250B, 0x250C,
	0x250D, 0x250E, 0x250F, 0x2510, 0x2511, 0x2512, 0x2513, 0x2514, 0x2515, 0x2516, 0x2517, 0x2518,
	0x2519, 0x251A, 0x251B, 0x251C, 0x251D, 0x251E, 0x251F, 0x2520, 0x2521, 0x2522, 0x2523, 0x2524,
	0x2525, 0x2526, 0x2527, 0x2528, 0x2529, 0x252A, 0x252B, 0x252C, 0x252D, 0x252E, 0x252F, 0x2530,
	0x2531, 0x2532, 0x2533, 0x2534, 0x2535, 0x2536, 0x2537, 0x2538, 0x2539, 0x253A, 0x253B, 0x253C,
	0x253D, 0x253E, 0x253F, 0x2540, 0x2541, 0x2542, 0x2543, 0x2544, 0x2545, 0x2546, 0x2547, 0x2548,
	0x2549, 0x254A, 0x254B, 0x0000, 0x0000, 0x0000, 0x0000, 0x0000, 0x0000, 0x0000, 0x0000, 0x0000,
	0x0000, 0x0000, 0x0000, 0x0000, 0x0000, 0x0000, 0x0000, 0x0000, 0x0000, 0x0000, 0x0000, 0x0000,
	0x0000, 0x0000, 0x0000, 0x0000, 0x0000, 0x0000, 0x0000, 0x0000, 0x0000, 0x0000, 0x0000, 0x0000,
	0x0000, 0x0000, 0x0000, 0x0000, 0x0000, 0x0000, 0x0000, 0x0000, 0x0000, 0x0000, 0x0000, 0x0000,
	0x0000, 0x0000, 0x0000, 0x0000, 0x0000, 0x0000, 0x0000, 0x0000, 0x0000, 0x0000, 0x0000, 0x0000,
	0x0000, 0x0000, 0x0000, 0x0000, 0x0000, 0x0000, 0x0000, 0x0000, 0x0000, 0x0000, 0x0000, 0x0000,
	0x0000, 0x0000, 0x0000, 0x0000, 0x0000, 0x0000, 0x0000, 0x0000, 0x0000, 0x0000, 0x0000, 0x0000,
	0x0000, 0x0000, 0x0000, 0x0000, 0x0000, 0x0000, 0x0000, 0x0000, 0x0000, 0x0000, 0x0000, 0x0000,
	0x0000, 0x0000, 0x0000, 0x0000, 0x0000, 0x0000, 0x0000, 0x0000, 0x0000, 0x0000, 0x0000, 0x0000,
	0x0000, 0x0000, 0x0000, 0x0000, 0x0000, 0x0000, 0x0000, 0x0000, 0x0000, 0x0000, 0x0000, 0x0000,
	0x0000, 0x0000, 0x0000, 0x0000, 0x0000, 0x0000, 0x0000, 0x0000, 0x0000, 0x0000, 0x0000, 0x0000,
	0x0000, 0x0000, 0x0000, 0x0000, 0x0000, 0x0000, 0x0000, 0x0000, 0x0000, 0x0000, 0x0000, 0x0000,
	0x0000, 0x0000, 0x0000, 0x0000, 0x0000, 0x0000, 0x0000, 0x0000, 0x0000, 0x0000, 0x0000, 0x0000,
	0x0000, 0x0000, 0x0000, 0x0000, 0x0000, 0x0000, 0x0000, 0x0000, 0x0000, 0x0000, 0x0000, 0x0000,
	0x0000, 0x0000, 0x0000, 0x0000, 0x0000, 0x0000, 0x0000, 0x0000, 0x0000, 0x0000, 0x0000, 0x0000,
	0x0000, 0x0000, 0x0000, 0x0000, 0x0000, 0x0000, 0x0000, 0x0000, 0x0000, 0x0000, 0x0000, 0x0000,
	0x0000, 0x0000, 0x0000, 0x0000, 0x0000, 0x0000, 0x0000, 0x0000, 0x0000, 0x0000, 0x0000, 0x0000,
	0x0000, 0x0000, 0x0000, 0x0000, 0x0000, 0x0000, 0x0000, 0x0000, 0x0000, 0x0000, 0x0000, 0x0000,
	0x0000, 0x0000, 0x0000, 0x0000, 0x0000, 0x0000, 0x0000, 0x0000, 0x0000, 0x0000, 0x0000, 0x0000,
	0x0000, 0x0000, 0x0000, 0x0000, 0x0000, 0x0000, 0x0000, 0x0000, 0x0000, 0x0000, 0x0000, 0x0000,
	0x0000, 0x0000, 0x0000, 0x0000, 0x0000, 0x0000, 0x0000, 0x0000, 0x0000, 0x0000, 0x0000, 0x0000,
	0x0000, 0x0000, 0x0000, 0x0000, 0x0000, 0x0000, 0x0000, 0x0000, 0x0000, 0x0000, 0x0000, 0x0000,
	0x0000, 0x0000, 0x0000, 0x0000, 0x0000, 0x0000, 0x0000, 0x0000, 0x0000, 0x0000, 0x0000, 0x0000,
	0x0000, 0x0000, 0x0000, 0x0000, 0x0000, 0x0000, 0x0000, 0x0000, 0x0000, 0x0000, 0x0000, 0x0000,
	0x0000, 0x0000, 0x0000, 0x0000, 0x0000, 0x0000, 0x0000, 0x0000, 0x0000, 0x0000, 0x0000, 0x0000,
	0x0000, 0x0000, 0x0000, 0x0000, 0x0000, 0x0000, 0x0000, 0x0000, 0x0000, 0x0000, 0x0000, 0x0000,
	0x0000, 0x0000, 0x0000, 0x0000, 0x0000, 0x0000, 0x0000, 0x0000, 0x0000, 0x0000, 0x0000, 0x0000,
	0x0000, 0x0000, 0x0000, 0x0000, 0x0000, 0x0000, 0x0000, 0x0000, 0x0000, 0x0000, 0x0000, 0x0000,
	0x0000, 0x0000, 0x0000, 0x0000, 0x0000, 0x0000, 0x0000, 0x0000, 0x0000, 0x0000, 0x0000, 0x0000,
	0x0000, 0x0000, 0x0000, 0x0000, 0x0000, 0x0000, 0x0000, 0x0000, 0x0000, 0x0000, 0x0000, 0x0000,
	0x0000, 0x0000, 0x0000, 0x0000, 0x0000, 0x0000, 0x0000, 0x0000, 0x0000, 0x0000, 0x0000, 0x0000,
	0x0000, 0x0000, 0x0000, 0x0000, 0x0000, 0x0000, 0x0000, 0x0000, 0x0000, 0x0000, 0x0000, 0x0000,
	0x0000, 0x0000, 0x0000, 0x0000, 0x0000, 0x0000, 0x0000, 0x0000, 0x0000, 0x0000, 0x0000, 0x0000,
	0x0000, 0x0000, 0x0000, 0x0000, 0x0000, 0x0000, 0x0000, 0x0000, 0x0000, 0x0000, 0x0000, 0x0000,
	0x0000, 0x0000, 0x0000, 0x0000, 0x0000, 0x0000, 0x0000, 0x0000, 0x0000, 0x0000, 0x0000, 0x0000,
	0x0000, 0x0000, 0x0000, 0x0000, 0x0000, 0x0000, 0x0000, 0x0000, 0x0000, 0x0000, 0x0000, 0x0000,
	0x0000, 0x0000, 0x0000, 0x0000, 0x0000, 0x0000, 0x0000, 0x0000, 0x0000, 0x0000, 0x0000, 0x0000,
	0x0000, 0x0000, 0x0000, 0x0000, 0x0000, 0x0000, 0x0000, 0x0000, 0x0000, 0x0000, 0x0000, 0x0000,
	0x0000, 0x0000, 0x0000, 0x0000, 0x0000, 0x0000, 0x0000, 0x0000, 0x0000, 0x0000, 0x0000, 0x0000,
	0x0000, 0x0000, 0x0000, 0x0000, 0x0000, 0x0000, 0x0000, 0x0000, 0x0000, 0x0000, 0x0000, 0x0000,
	0x0000, 0x0000, 0x0000, 0x0000, 0x0000, 0x0000, 0x0000, 0x0000, 0x0000, 0x0000, 0x0000, 0x0000,
	0x0000, 0x0000, 0x0000, 0x0000, 0x0000, 0x0000, 0x0000, 0x0000, 0x0000, 0x0000, 0x0000, 0x0000,
	0x0000, 0x0000, 0x0000, 0x0000, 0x0000, 0x0000, 0x0000, 0x0000, 0x0000, 0x0000, 0x0000, 0x0000,
	0x0000, 0x0000, 0x0000, 0x0000, 0x0000, 0x0000, 0x0000, 0x0000, 0x0000, 0x0000, 0x0000, 0x0000,
	0x0000, 0x0000, 0x0000, 0x0000, 0x0000, 0x0000, 0x0000, 0x0000, 0x0000, 0x0000, 0x0000, 0x0000,
	0x0000, 0x0000, 0x0000, 0x0000, 0x0000, 0x0000, 0x0000, 0x0000, 0x0000, 0x0000, 0x0000, 0x0000,
	0x0000, 0x0000, 0x0000, 0x0000, 0x0000, 0x0000, 0x0000, 0x0000, 0x0000, 0x0000, 0x0000, 0x0000,
	0x0000, 0x0000, 0x0000, 0x0000, 0x0000, 0x0000, 0x0000, 0x0000, 0x0000, 0x0000, 0x0000, 0x0000,
	0x0000, 0x0000, 0x0000, 0x0000, 0x0000, 0x0000, 0x554A, 0x963F, 0x57C3, 0x6328, 0x54CE, 0x5509,
	0x54C0, 0x7691, 0x764C, 0x853C, 0x77EE, 0x827E, 0x788D, 0x7231, 0x9698, 0x978D, 0x6C28, 0x5B89,
	0x4FFA, 0x6309, 0x6697, 0x5CB8, 0x80FA, 0x6848, 0x80AE, 0x6602, 0x76CE, 0x51F9, 0x6556, 0x71AC,
	0x7FF1, 0x8884, 0x50B2, 0x5965, 0x61CA, 0x6FB3, 0x82AD, 0x634C, 0x6252, 0x53ED, 0x5427, 0x7B06,
	0x516B, 0x75A4, 0x5DF4, 0x62D4, 0x8DCB, 0x9776, 0x628A, 0x8019, 0x575D, 0x9738, 0x7F62, 0x7238,
	0x767D, 0x67CF, 0x767E, 0x6446, 0x4F70, 0x8D25, 0x62DC, 0x7A17, 0x6591, 0x73ED, 0x642C, 0x6273,
	0x822C, 0x9881, 0x677F, 0x7248, 0x626E, 0x62CC, 0x4F34, 0x74E3, 0x534A, 0x529E, 0x7ECA, 0x90A6,
	0x5E2E, 0x6886, 0x699C, 0x8180, 0x7ED1, 0x68D2, 0x78C5, 0x868C, 0x9551, 0x508D, 0x8C24, 0x82DE,
	0x80DE, 0x5305, 0x8912, 0x5265, 0x8584, 0x96F9, 0x4FDD, 0x5821, 0x9971, 0x5B9D, 0x62B1, 0x62A5,
	0x66B4, 0x8C79, 0x9C8D, 0x7206, 0x676F, 0x7891, 0x60B2, 0x5351, 0x5317, 0x8F88, 0x80CC, 0x8D1D,
	0x94A1, 0x500D, 0x72C8, 0x5907, 0x60EB, 0x7119, 0x88AB, 0x5954, 0x82EF, 0x672C, 0x7B28, 0x5D29,
	0x7EF7, 0x752D, 0x6CF5, 0x8E66, 0x8FF8, 0x903C, 0x9F3B, 0x6BD4, 0x9119, 0x7B14, 0x5F7C, 0x78A7,
	0x84D6, 0x853D, 0x6BD5, 0x6BD9, 0x6BD6, 0x5E01, 0x5E87, 0x75F9, 0x95ED, 0x655D, 0x5F0A, 0x5FC5,
	0x8F9F, 0x58C1, 0x81C2, 0x907F, 0x965B, 0x97AD, 0x8FB9, 0x7F16, 0x8D2C, 0x6241, 0x4FBF, 0x53D8,
	0x535E, 0x8FA8, 0x8FA9, 0x8FAB, 0x904D, 0x6807, 0x5F6A, 0x8198, 0x8868, 0x9CD6, 0x618B, 0x522B,
	0x762A, 0x5F6C, 0x658C, 0x6FD2, 0x6EE8, 0x5BBE, 0x6448, 0x5175, 0x51B0, 0x67C4, 0x4E19, 0x79C9,
	0x997C, 0x70B3, 0x75C5, 0x5E76, 0x73BB, 0x83E0, 0x64AD, 0x62E8, 0x94B5, 0x6CE2, 0x535A, 0x52C3,
	0x640F, 0x94C2, 0x7B94, 0x4F2F, 0x5E1B, 0x8236, 0x8116, 0x818A, 0x6E24, 0x6CCA, 0x9A73, 0x6355,
	0x535C, 0x54FA, 0x8865, 0x57E0, 0x4E0D, 0x5E03, 0x6B65, 0x7C3F, 0x90E8, 0x6016, 0x64E6, 0x731C,
	0x88C1, 0x6750, 0x624D, 0x8D22, 0x776C, 0x8E29, 0x91C7, 0x5F69, 0x83DC, 0x8521, 0x9910, 0x53C2,
	0x8695, 0x6B8B, 0x60ED, 0x60E8, 0x707F, 0x82CD, 0x8231, 0x4ED3, 0x6CA7, 0x85CF, 0x64CD, 0x7CD9,
	0x69FD, 0x66F9, 0x8349, 0x5395, 0x7B56, 0x4FA7, 0x518C, 0x6D4B, 0x5C42, 0x8E6D, 0x63D2, 0x53C9,
	0x832C, 0x8336, 0x67E5, 0x78B4, 0x643D, 0x5BDF, 0x5C94, 0x5DEE, 0x8BE7, 0x62C6, 0x67F4, 0x8C7A,
	0x6400, 0x63BA, 0x8749, 0x998B, 0x8C17, 0x7F20, 0x94F2, 0x4EA7, 0x9610, 0x98A4, 0x660C, 0x7316,
	0x573A, 0x5C1D, 0x5E38, 0x957F, 0x507F, 0x80A0, 0x5382, 0x655E, 0x7545, 0x5531, 0x5021, 0x8D85,
	0x6284, 0x949E, 0x671D, 0x5632, 0x6F6E, 0x5DE2, 0x5435, 0x7092, 0x8F66, 0x626F, 0x64A4, 0x63A3,
	0x5F7B, 0x6F88, 0x90F4, 0x81E3, 0x8FB0, 0x5C18, 0x6668, 0x5FF1, 0x6C89, 0x9648, 0x8D81, 0x886C,
	0x6491, 0x79F0, 0x57CE, 0x6A59, 0x6210, 0x5448, 0x4E58, 0x7A0B, 0x60E9, 0x6F84, 0x8BDA, 0x627F,
	0x901E, 0x9A8B, 0x79E4, 0x5403, 0x75F4, 0x6301, 0x5319, 0x6C60, 0x8FDF, 0x5F1B, 0x9A70, 0x803B,
	0x9F7F, 0x4F88, 0x5C3A, 0x8D64, 0x7FC5, 0x65A5, 0x70BD, 0x5145, 0x51B2, 0x866B, 0x5D07, 0x5BA0,
	0x62BD, 0x916C, 0x7574, 0x8E0C, 0x7A20, 0x6101, 0x7B79, 0x4EC7, 0x7EF8, 0x7785, 0x4E11, 0x81ED,
	0x521D, 0x51FA, 0x6A71, 0x53A8, 0x8E87, 0x9504, 0x96CF, 0x6EC1, 0x9664, 0x695A, 0x7840, 0x50A8,
	0x77D7, 0x6410, 0x89E6, 0x5904, 0x63E3, 0x5DDD, 0x7A7F, 0x693D, 0x4F20, 0x8239, 0x5598, 0x4E32,
	0x75AE, 0x7A97, 0x5E62, 0x5E8A, 0x95EF, 0x521B, 0x5439, 0x708A, 0x6376, 0x9524, 0x5782, 0x6625,
	0x693F, 0x9187, 0x5507, 0x6DF3, 0x7EAF, 0x8822, 0x6233, 0x7EF0, 0x75B5, 0x8328, 0x78C1, 0x96CC,
	0x8F9E, 0x6148, 0x74F7, 0x8BCD, 0x6B64, 0x523A, 0x8D50, 0x6B21, 0x806A, 0x8471, 0x56F1, 0x5306,
	0x4ECE, 0x4E1B, 0x51D1, 0x7C97, 0x918B, 0x7C07, 0x4FC3, 0x8E7F, 0x7BE1, 0x7A9C, 0x6467, 0x5D14,
	0x50AC, 0x8106, 0x7601, 0x7CB9, 0x6DEC, 0x7FE0, 0x6751, 0x5B58, 0x5BF8, 0x78CB, 0x64AE, 0x6413,
	0x63AA, 0x632B, 0x9519, 0x642D, 0x8FBE, 0x7B54, 0x7629, 0x6253, 0x5927, 0x5446, 0x6B79, 0x50A3,
	0x6234, 0x5E26, 0x6B86, 0x4EE3, 0x8D37, 0x888B, 0x5F85, 0x902E, 0x6020, 0x803D, 0x62C5, 0x4E39,
	0x5355, 0x90F8, 0x63B8, 0x80C6, 0x65E6, 0x6C2E, 0x4F46, 0x60EE, 0x6DE1, 0x8BDE, 0x5F39, 0x86CB,
	0x5F53, 0x6321, 0x515A, 0x8361, 0x6863, 0x5200, 0x6363, 0x8E48, 0x5012, 0x5C9B, 0x7977, 0x5BFC,
	0x5230, 0x7A3B, 0x60BC, 0x9053, 0x76D7, 0x5FB7, 0x5F97, 0x7684, 0x8E6C, 0x706F, 0x767B, 0x7B49,
	0x77AA, 0x51F3, 0x9093, 0x5824, 0x4F4E, 0x6EF4, 0x8FEA, 0x654C, 0x7B1B, 0x72C4, 0x6DA4, 0x7FDF,
	0x5AE1, 0x62B5, 0x5E95, 0x5730, 0x8482, 0x7B2C, 0x5E1D, 0x5F1F, 0x9012, 0x7F14, 0x98A0, 0x6382,
	0x6EC7, 0x7898, 0x70B9, 0x5178, 0x975B, 0x57AB, 0x7535, 0x4F43, 0x7538, 0x5E97, 0x60E6, 0x5960,
	0x6DC0, 0x6BBF, 0x7889, 0x53FC, 0x96D5, 0x51CB, 0x5201, 0x6389, 0x540A, 0x9493, 0x8C03, 0x8DCC,
	0x7239, 0x789F, 0x8776, 0x8FED, 0x8C0D, 0x53E0, 0x4E01, 0x76EF, 0x53EE, 0x9489, 0x9876, 0x9F0E,
	0x952D, 0x5B9A, 0x8BA2, 0x4E22, 0x4E1C, 0x51AC, 0x8463, 0x61C2, 0x52A8, 0x680B, 0x4F97, 0x606B,
	0x51BB, 0x6D1E, 0x515C, 0x6296, 0x6597, 0x9661, 0x8C46, 0x9017, 0x75D8, 0x90FD, 0x7763, 0x6BD2,
	0x728A, 0x72EC, 0x8BFB, 0x5835, 0x7779, 0x8D4C, 0x675C, 0x9540, 0x809A, 0x5EA6, 0x6E21, 0x5992,
	0x7AEF, 0x77ED, 0x953B, 0x6BB5, 0x65AD, 0x7F0E, 0x5806, 0x5151, 0x961F, 0x5BF9, 0x58A9, 0x5428,
	0x8E72, 0x6566, 0x987F, 0x56E4, 0x949D, 0x76FE, 0x9041, 0x6387, 0x54C6, 0x591A, 0x593A, 0x579B,
	0x8EB2, 0x6735, 0x8DFA, 0x8235, 0x5241, 0x60F0, 0x5815, 0x86FE, 0x5CE8, 0x9E45, 0x4FC4, 0x989D,
	0x8BB9, 0x5A25, 0x6076, 0x5384, 0x627C, 0x904F, 0x9102, 0x997F, 0x6069, 0x800C, 0x513F, 0x8033,
	0x5C14, 0x9975, 0x6D31, 0x4E8C, 0x8D30, 0x53D1, 0x7F5A, 0x7B4F, 0x4F10, 0x4E4F, 0x9600, 0x6CD5,
	0x73D0, 0x85E9, 0x5E06, 0x756A, 0x7FFB, 0x6A0A, 0x77FE, 0x9492, 0x7E41, 0x51E1, 0x70E6, 0x53CD,
	0x8FD4, 0x8303, 0x8D29, 0x72AF, 0x996D, 0x6CDB, 0x574A, 0x82B3, 0x65B9, 0x80AA, 0x623F, 0x9632,
	0x59A8, 0x4EFF, 0x8BBF, 0x7EBA, 0x653E, 0x83F2, 0x975E, 0x5561, 0x98DE, 0x80A5, 0x532A, 0x8BFD,
	0x5420, 0x80BA, 0x5E9F, 0x6CB8, 0x8D39, 0x82AC, 0x915A, 0x5429, 0x6C1B, 0x5206, 0x7EB7, 0x575F,
	0x711A, 0x6C7E, 0x7C89, 0x594B, 0x4EFD, 0x5FFF, 0x6124, 0x7CAA, 0x4E30, 0x5C01, 0x67AB, 0x8702,
	0x5CF0, 0x950B, 0x98CE, 0x75AF, 0x70FD, 0x9022, 0x51AF, 0x7F1D, 0x8BBD, 0x5949, 0x51E4, 0x4F5B,
	0x5426, 0x592B, 0x6577, 0x80A4, 0x5B75, 0x6276, 0x62C2, 0x8F90, 0x5E45, 0x6C1F, 0x7B26, 0x4F0F,
	0x4FD8, 0x670D, 0x6D6E, 0x6DAA, 0x798F, 0x88B1, 0x5F17, 0x752B, 0x629A, 0x8F85, 0x4FEF, 0x91DC,
	0x65A7, 0x812F, 0x8151, 0x5E9C, 0x8150, 0x8D74, 0x526F, 0x8986, 0x8D4B, 0x590D, 0x5085, 0x4ED8,
	0x961C, 0x7236, 0x8179, 0x8D1F, 0x5BCC, 0x8BA3, 0x9644, 0x5987, 0x7F1A, 0x5490, 0x5676, 0x560E,
	0x8BE5, 0x6539, 0x6982, 0x9499, 0x76D6, 0x6E89, 0x5E72, 0x7518, 0x6746, 0x67D1, 0x7AFF, 0x809D,
	0x8D76, 0x611F, 0x79C6, 0x6562, 0x8D63, 0x5188, 0x521A, 0x94A2, 0x7F38, 0x809B, 0x7EB2, 0x5C97,
	0x6E2F, 0x6760, 0x7BD9, 0x768B, 0x9AD8, 0x818F, 0x7F94, 0x7CD5, 0x641E, 0x9550, 0x7A3F, 0x544A,
	0x54E5, 0x6B4C, 0x6401, 0x6208, 0x9E3D, 0x80F3, 0x7599, 0x5272, 0x9769, 0x845B, 0x683C, 0x86E4,
	0x9601, 0x9694, 0x94EC, 0x4E2A, 0x5404, 0x7ED9, 0x6839, 0x8DDF, 0x8015, 0x66F4, 0x5E9A, 0x7FB9,
	0x57C2, 0x803F, 0x6897, 0x5DE5, 0x653B, 0x529F, 0x606D, 0x9F9A, 0x4F9B, 0x8EAC, 0x516C, 0x5BAB,
	0x5F13, 0x5DE9, 0x6C5E, 0x62F1, 0x8D21, 0x5171, 0x94A9, 0x52FE, 0x6C9F, 0x82DF, 0x72D7, 0x57A2,
	0x6784, 0x8D2D, 0x591F, 0x8F9C, 0x83C7, 0x5495, 0x7B8D, 0x4F30, 0x6CBD, 0x5B64, 0x59D1, 0x9F13,
	0x53E4, 0x86CA, 0x9AA8, 0x8C37, 0x80A1, 0x6545, 0x987E, 0x56FA, 0x96C7, 0x522E, 0x74DC, 0x5250,
	0x5BE1, 0x6302, 0x8902, 0x4E56, 0x62D0, 0x602A, 0x68FA, 0x5173, 0x5B98, 0x51A0, 0x89C2, 0x7BA1,
	0x9986, 0x7F50, 0x60EF, 0x704C, 0x8D2F, 0x5149, 0x5E7F, 0x901B, 0x7470, 0x89C4, 0x572D, 0x7845,
	0x5F52, 0x9F9F, 0x95FA, 0x8F68, 0x9B3C, 0x8BE1, 0x7678, 0x6842, 0x67DC, 0x8DEA, 0x8D35, 0x523D,
	0x8F8A, 0x6EDA, 0x68CD, 0x9505, 0x90ED, 0x56FD, 0x679C, 0x88F9, 0x8FC7, 0x54C8, 0x9AB8, 0x5B69,
	0x6D77, 0x6C26, 0x4EA5, 0x5BB3, 0x9A87, 0x9163, 0x61A8, 0x90AF, 0x97E9, 0x542B, 0x6DB5, 0x5BD2,
	0x51FD, 0x558A, 0x7F55, 0x7FF0, 0x64BC, 0x634D, 0x65F1, 0x61BE, 0x608D, 0x710A, 0x6C57, 0x6C49,
	0x592F, 0x676D, 0x822A, 0x58D5, 0x568E, 0x8C6A, 0x6BEB, 0x90DD, 0x597D, 0x8017, 0x53F7, 0x6D69,
	0x5475, 0x559D, 0x8377, 0x83CF, 0x6838, 0x79BE, 0x548C, 0x4F55, 0x5408, 0x76D2, 0x8C89, 0x9602,
	0x6CB3, 0x6DB8, 0x8D6B, 0x8910, 0x9E64, 0x8D3A, 0x563F, 0x9ED1, 0x75D5, 0x5F88, 0x72E0, 0x6068,
	0x54FC, 0x4EA8, 0x6A2A, 0x8861, 0x6052, 0x8F70, 0x54C4, 0x70D8, 0x8679, 0x9E3F, 0x6D2A, 0x5B8F,
	0x5F18, 0x7EA2, 0x5589, 0x4FAF, 0x7334, 0x543C, 0x539A, 0x5019, 0x540E, 0x547C, 0x4E4E, 0x5FFD,
	0x745A, 0x58F6, 0x846B, 0x80E1, 0x8774, 0x72D0, 0x7CCA, 0x6E56, 0x5F27, 0x864E, 0x552C, 0x62A4,
	0x4E92, 0x6CAA, 0x6237, 0x82B1, 0x54D7, 0x534E, 0x733E, 0x6ED1, 0x753B, 0x5212, 0x5316, 0x8BDD,
	0x69D0, 0x5F8A, 0x6000, 0x6DEE, 0x574F, 0x6B22, 0x73AF, 0x6853, 0x8FD8, 0x7F13, 0x6362, 0x60A3,
	0x5524, 0x75EA, 0x8C62, 0x7115, 0x6DA3, 0x5BA6, 0x5E7B, 0x8352, 0x614C, 0x9EC4, 0x78FA, 0x8757,
	0x7C27, 0x7687, 0x51F0, 0x60F6, 0x714C, 0x6643, 0x5E4C, 0x604D, 0x8C0E, 0x7070, 0x6325, 0x8F89,
	0x5FBD, 0x6062, 0x86D4, 0x56DE, 0x6BC1, 0x6094, 0x6167, 0x5349, 0x60E0, 0x6666, 0x8D3F, 0x79FD,
	0x4F1A, 0x70E9, 0x6C47, 0x8BB3, 0x8BF2, 0x7ED8, 0x8364, 0x660F, 0x5A5A, 0x9B42, 0x6D51, 0x6DF7,
	0x8C41, 0x6D3B, 0x4F19, 0x706B, 0x83B7, 0x6216, 0x60D1, 0x970D, 0x8D27, 0x7978, 0x51FB, 0x573E,
	0x57FA, 0x673A, 0x7578, 0x7A3D, 0x79EF, 0x7B95, 0x808C, 0x9965, 0x8FF9, 0x6FC0, 0x8BA5, 0x9E21,
	0x59EC, 0x7EE9, 0x7F09, 0x5409, 0x6781, 0x68D8, 0x8F91, 0x7C4D, 0x96C6, 0x53CA, 0x6025, 0x75BE,
	0x6C72, 0x5373, 0x5AC9, 0x7EA7, 0x6324, 0x51E0, 0x810A, 0x5DF1, 0x84DF, 0x6280, 0x5180, 0x5B63,
	0x4F0E, 0x796D, 0x5242, 0x60B8, 0x6D4E, 0x5BC4, 0x5BC2, 0x8BA1, 0x8BB0, 0x65E2, 0x5FCC, 0x9645,
	0x5993, 0x7EE7, 0x7EAA, 0x5609, 0x67B7, 0x5939, 0x4F73, 0x5BB6, 0x52A0, 0x835A, 0x988A, 0x8D3E,
	0x7532, 0x94BE, 0x5047, 0x7A3C, 0x4EF7, 0x67B6, 0x9A7E, 0x5AC1, 0x6B7C, 0x76D1, 0x575A, 0x5C16,
	0x7B3A, 0x95F4, 0x714E, 0x517C, 0x80A9, 0x8270, 0x5978, 0x7F04, 0x8327, 0x68C0, 0x67EC, 0x78B1,
	0x7877, 0x62E3, 0x6361, 0x7B80, 0x4FED, 0x526A, 0x51CF, 0x8350, 0x69DB, 0x9274, 0x8DF5, 0x8D31,
	0x89C1, 0x952E, 0x7BAD, 0x4EF6, 0x5065, 0x8230, 0x5251, 0x996F, 0x6E10, 0x6E85, 0x6DA7, 0x5EFA,
	0x50F5, 0x59DC, 0x5C06, 0x6D46, 0x6C5F, 0x7586, 0x848B, 0x6868, 0x5956, 0x8BB2, 0x5320, 0x9171,
	0x964D, 0x8549, 0x6912, 0x7901, 0x7126, 0x80F6, 0x4EA4, 0x90CA, 0x6D47, 0x9A84, 0x5A07, 0x56BC,
	0x6405, 0x94F0, 0x77EB, 0x4FA5, 0x811A, 0x72E1, 0x89D2, 0x997A, 0x7F34, 0x7EDE, 0x527F, 0x6559,
	0x9175, 0x8F7F, 0x8F83, 0x53EB, 0x7A96, 0x63ED, 0x63A5, 0x7686, 0x79F8, 0x8857, 0x9636, 0x622A,
	0x52AB, 0x8282, 0x6854, 0x6770, 0x6377, 0x776B, 0x7AED, 0x6D01, 0x7ED3, 0x89E3, 0x59D0, 0x6212,
	0x85C9, 0x82A5, 0x754C, 0x501F, 0x4ECB, 0x75A5, 0x8BEB, 0x5C4A, 0x5DFE, 0x7B4B, 0x65A4, 0x91D1,
	0x4ECA, 0x6D25, 0x895F, 0x7D27, 0x9526, 0x4EC5, 0x8C28, 0x8FDB, 0x9773, 0x664B, 0x7981, 0x8FD1,
	0x70EC, 0x6D78, 0x5C3D, 0x52B2, 0x8346, 0x5162, 0x830E, 0x775B, 0x6676, 0x9CB8, 0x4EAC, 0x60CA,
	0x7CBE, 0x7CB3, 0x7ECF, 0x4E95, 0x8B66, 0x666F, 0x9888, 0x9759, 0x5883, 0x656C, 0x955C, 0x5F84,
	0x75C9, 0x9756, 0x7ADF, 0x7ADE, 0x51C0, 0x70AF, 0x7A98, 0x63EA, 0x7A76, 0x7EA0, 0x7396, 0x97ED,
	0x4E45, 0x7078, 0x4E5D, 0x9152, 0x53A9, 0x6551, 0x65E7, 0x81FC, 0x8205, 0x548E, 0x5C31, 0x759A,
	0x97A0, 0x62D8, 0x72D9, 0x75BD, 0x5C45, 0x9A79, 0x83CA, 0x5C40, 0x5480, 0x77E9, 0x4E3E, 0x6CAE,
	0x805A, 0x62D2, 0x636E, 0x5DE8, 0x5177, 0x8DDD, 0x8E1E, 0x952F, 0x4FF1, 0x53E5, 0x60E7, 0x70AC,
	0x5267, 0x6350, 0x9E43, 0x5A1F, 0x5026, 0x7737, 0x5377, 0x7EE2, 0x6485, 0x652B, 0x6289, 0x6398,
	0x5014, 0x7235, 0x89C9, 0x51B3, 0x8BC0, 0x7EDD, 0x5747, 0x83CC, 0x94A7, 0x519B, 0x541B, 0x5CFB,
	0x4FCA, 0x7AE3, 0x6D5A, 0x90E1, 0x9A8F, 0x5580, 0x5496, 0x5361, 0x54AF, 0x5F00, 0x63E9, 0x6977,
	0x51EF, 0x6168, 0x520A, 0x582A, 0x52D8, 0x574E, 0x780D, 0x770B, 0x5EB7, 0x6177, 0x7CE0, 0x625B,
	0x6297, 0x4EA2, 0x7095, 0x8003, 0x62F7, 0x70E4, 0x9760, 0x5777, 0x82DB, 0x67EF, 0x68F5, 0x78D5,
	0x9897, 0x79D1, 0x58F3, 0x54B3, 0x53EF, 0x6E34, 0x514B, 0x523B, 0x5BA2, 0x8BFE, 0x80AF, 0x5543,
	0x57A6, 0x6073, 0x5751, 0x542D, 0x7A7A, 0x6050, 0x5B54, 0x63A7, 0x62A0, 0x53E3, 0x6263, 0x5BC7,
	0x67AF, 0x54ED, 0x7A9F, 0x82E6, 0x9177, 0x5E93, 0x88E4, 0x5938, 0x57AE, 0x630E, 0x8DE8, 0x80EF,
	0x5757, 0x7B77, 0x4FA9, 0x5FEB, 0x5BBD, 0x6B3E, 0x5321, 0x7B50, 0x72C2, 0x6846, 0x77FF, 0x7736,
	0x65F7, 0x51B5, 0x4E8F, 0x76D4, 0x5CBF, 0x7AA5, 0x8475, 0x594E, 0x9B41, 0x5080, 0x9988, 0x6127,
	0x6E83, 0x5764, 0x6606, 0x6346, 0x56F0, 0x62EC, 0x6269, 0x5ED3, 0x9614, 0x5783, 0x62C9, 0x5587,
	0x8721, 0x814A, 0x8FA3, 0x5566, 0x83B1, 0x6765, 0x8D56, 0x84DD, 0x5A6A, 0x680F, 0x62E6, 0x7BEE,
	0x9611, 0x5170, 0x6F9C, 0x8C30, 0x63FD, 0x89C8, 0x61D2, 0x7F06, 0x70C2, 0x6EE5, 0x7405, 0x6994,
	0x72FC, 0x5ECA, 0x90CE, 0x6717, 0x6D6A, 0x635E, 0x52B3, 0x7262, 0x8001, 0x4F6C, 0x59E5, 0x916A,
	0x70D9, 0x6D9D, 0x52D2, 0x4E50, 0x96F7, 0x956D, 0x857E, 0x78CA, 0x7D2F, 0x5121, 0x5792, 0x64C2,
	0x808B, 0x7C7B, 0x6CEA, 0x68F1, 0x695E, 0x51B7, 0x5398, 0x68A8, 0x7281, 0x9ECE, 0x7BF1, 0x72F8,
	0x79BB, 0x6F13, 0x7406, 0x674E, 0x91CC, 0x9CA4, 0x793C, 0x8389, 0x8354, 0x540F, 0x6817, 0x4E3D,
	0x5389, 0x52B1, 0x783E, 0x5386, 0x5229, 0x5088, 0x4F8B, 0x4FD0, 0x75E2, 0x7ACB, 0x7C92, 0x6CA5,
	0x96B6, 0x529B, 0x7483, 0x54E9, 0x4FE9, 0x8054, 0x83B2, 0x8FDE, 0x9570, 0x5EC9, 0x601C, 0x6D9F,
	0x5E18, 0x655B, 0x8138, 0x94FE, 0x604B, 0x70BC, 0x7EC3, 0x7CAE, 0x51C9, 0x6881, 0x7CB1, 0x826F,
	0x4E24, 0x8F86, 0x91CF, 0x667E, 0x4EAE, 0x8C05, 0x64A9, 0x804A, 0x50DA, 0x7597, 0x71CE, 0x5BE5,
	0x8FBD, 0x6F66, 0x4E86, 0x6482, 0x9563, 0x5ED6, 0x6599, 0x5217, 0x88C2, 0x70C8, 0x52A3, 0x730E,
	0x7433, 0x6797, 0x78F7, 0x9716, 0x4E34, 0x90BB, 0x9CDE, 0x6DCB, 0x51DB, 0x8D41, 0x541D, 0x62CE,
	0x73B2, 0x83F1, 0x96F6, 0x9F84, 0x94C3, 0x4F36, 0x7F9A, 0x51CC, 0x7075, 0x9675, 0x5CAD, 0x9886,
	0x53E6, 0x4EE4, 0x6E9C, 0x7409, 0x69B4, 0x786B, 0x998F, 0x7559, 0x5218, 0x7624, 0x6D41, 0x67F3,
	0x516D, 0x9F99, 0x804B, 0x5499, 0x7B3C, 0x7ABF, 0x9686, 0x5784, 0x62E2, 0x9647, 0x697C, 0x5A04,
	0x6402, 0x7BD3, 0x6F0F, 0x964B, 0x82A6, 0x5362, 0x9885, 0x5E90, 0x7089, 0x63B3, 0x5364, 0x864F,
	0x9C81, 0x9E93, 0x788C, 0x9732, 0x8DEF, 0x8D42, 0x9E7F, 0x6F5E, 0x7984, 0x5F55, 0x9646, 0x622E,
	0x9A74, 0x5415, 0x94DD, 0x4FA3, 0x65C5, 0x5C65, 0x5C61, 0x7F15, 0x8651, 0x6C2F, 0x5F8B, 0x7387,
	0x6EE4, 0x7EFF, 0x5CE6, 0x631B, 0x5B6A, 0x6EE6, 0x5375, 0x4E71, 0x63A0, 0x7565, 0x62A1, 0x8F6E,
	0x4F26, 0x4ED1, 0x6CA6, 0x7EB6, 0x8BBA, 0x841D, 0x87BA, 0x7F57, 0x903B, 0x9523, 0x7BA9, 0x9AA1,
	0x88F8, 0x843D, 0x6D1B, 0x9A86, 0x7EDC, 0x5988, 0x9EBB, 0x739B, 0x7801, 0x8682, 0x9A6C, 0x9A82,
	0x561B, 0x5417, 0x57CB, 0x4E70, 0x9EA6, 0x5356, 0x8FC8, 0x8109, 0x7792, 0x9992, 0x86EE, 0x6EE1,
	0x8513, 0x66FC, 0x6162, 0x6F2B, 0x8C29, 0x8292, 0x832B, 0x76F2, 0x6C13, 0x5FD9, 0x83BD, 0x732B,
	0x8305, 0x951A, 0x6BDB, 0x77DB, 0x94C6, 0x536F, 0x8302, 0x5192, 0x5E3D, 0x8C8C, 0x8D38, 0x4E48,
	0x73AB, 0x679A, 0x6885, 0x9176, 0x9709, 0x7164, 0x6CA1, 0x7709, 0x5A92, 0x9541, 0x6BCF, 0x7F8E,
	0x6627, 0x5BD0, 0x59B9, 0x5A9A, 0x95E8, 0x95F7, 0x4EEC, 0x840C, 0x8499, 0x6AAC, 0x76DF, 0x9530,
	0x731B, 0x68A6, 0x5B5F, 0x772F, 0x919A, 0x9761, 0x7CDC, 0x8FF7, 0x8C1C, 0x5F25, 0x7C73, 0x79D8,
	0x89C5, 0x6CCC, 0x871C, 0x5BC6, 0x5E42, 0x68C9, 0x7720, 0x7EF5, 0x5195, 0x514D, 0x52C9, 0x5A29,
	0x7F05, 0x9762, 0x82D7, 0x63CF, 0x7784, 0x85D0, 0x79D2, 0x6E3A, 0x5E99, 0x5999, 0x8511, 0x706D,
	0x6C11, 0x62BF, 0x76BF, 0x654F, 0x60AF, 0x95FD, 0x660E, 0x879F, 0x9E23, 0x94ED, 0x540D, 0x547D,
	0x8C2C, 0x6478, 0x6479, 0x8611, 0x6A21, 0x819C, 0x78E8, 0x6469, 0x9B54, 0x62B9, 0x672B, 0x83AB,
	0x58A8, 0x9ED8, 0x6CAB, 0x6F20, 0x5BDE, 0x964C, 0x8C0B, 0x725F, 0x67D0, 0x62C7, 0x7261, 0x4EA9,
	0x59C6, 0x6BCD, 0x5893, 0x66AE, 0x5E55, 0x52DF, 0x6155, 0x6728, 0x76EE, 0x7766, 0x7267, 0x7A46,
	0x62FF, 0x54EA, 0x5450, 0x94A0, 0x90A3, 0x5A1C, 0x7EB3, 0x6C16, 0x4E43, 0x5976, 0x8010, 0x5948,
	0x5357, 0x7537, 0x96BE, 0x56CA, 0x6320, 0x8111, 0x607C, 0x95F9, 0x6DD6, 0x5462, 0x9981, 0x5185,
	0x5AE9, 0x80FD, 0x59AE, 0x9713, 0x502A, 0x6CE5, 0x5C3C, 0x62DF, 0x4F60, 0x533F, 0x817B, 0x9006,
	0x6EBA, 0x852B, 0x62C8, 0x5E74, 0x78BE, 0x64B5, 0x637B, 0x5FF5, 0x5A18, 0x917F, 0x9E1F, 0x5C3F,
	0x634F, 0x8042, 0x5B7D, 0x556E, 0x954A, 0x954D, 0x6D85, 0x60A8, 0x67E0, 0x72DE, 0x51DD, 0x5B81,
	0x62E7, 0x6CDE, 0x725B, 0x626D, 0x94AE, 0x7EBD, 0x8113, 0x6D53, 0x519C, 0x5F04, 0x5974, 0x52AA,
	0x6012, 0x5973, 0x6696, 0x8650, 0x759F, 0x632A, 0x61E6, 0x7CEF, 0x8BFA, 0x54E6, 0x6B27, 0x9E25,
	0x6BB4, 0x85D5, 0x5455, 0x5076, 0x6CA4, 0x556A, 0x8DB4, 0x722C, 0x5E15, 0x6015, 0x7436, 0x62CD,
	0x6392, 0x724C, 0x5F98, 0x6E43, 0x6D3E, 0x6500, 0x6F58, 0x76D8, 0x78D0, 0x76FC, 0x7554, 0x5224,
	0x53DB, 0x4E53, 0x5E9E, 0x65C1, 0x802A, 0x80D6, 0x629B, 0x5486, 0x5228, 0x70AE, 0x888D, 0x8DD1,
	0x6CE1, 0x5478, 0x80DA, 0x57F9, 0x88F4, 0x8D54, 0x966A, 0x914D, 0x4F69, 0x6C9B, 0x55B7, 0x76C6,
	0x7830, 0x62A8, 0x70F9, 0x6F8E, 0x5F6D, 0x84EC, 0x68DA, 0x787C, 0x7BF7, 0x81A8, 0x670B, 0x9E4F,
	0x6367, 0x78B0, 0x576F, 0x7812, 0x9739, 0x6279, 0x62AB, 0x5288, 0x7435, 0x6BD7, 0x5564, 0x813E,
	0x75B2, 0x76AE, 0x5339, 0x75DE, 0x50FB, 0x5C41, 0x8B6C, 0x7BC7, 0x504F, 0x7247, 0x9A97, 0x98D8,
	0x6F02, 0x74E2, 0x7968, 0x6487, 0x77A5, 0x62FC, 0x9891, 0x8D2B, 0x54C1, 0x8058, 0x4E52, 0x576A,
	0x82F9, 0x840D, 0x5E73, 0x51ED, 0x74F6, 0x8BC4, 0x5C4F, 0x5761, 0x6CFC, 0x9887, 0x5A46, 0x7834,
	0x9B44, 0x8FEB, 0x7C95, 0x5256, 0x6251, 0x94FA, 0x4EC6, 0x8386, 0x8461, 0x83E9, 0x84B2, 0x57D4,
	0x6734, 0x5703, 0x666E, 0x6D66, 0x8C31, 0x66DD, 0x7011, 0x671F, 0x6B3A, 0x6816, 0x621A, 0x59BB,
	0x4E03, 0x51C4, 0x6F06, 0x67D2, 0x6C8F, 0x5176, 0x68CB, 0x5947, 0x6B67, 0x7566, 0x5D0E, 0x8110,
	0x9F50, 0x65D7, 0x7948, 0x7941, 0x9A91, 0x8D77, 0x5C82, 0x4E5E, 0x4F01, 0x542F, 0x5951, 0x780C,
	0x5668, 0x6C14, 0x8FC4, 0x5F03, 0x6C7D, 0x6CE3, 0x8BAB, 0x6390, 0x6070, 0x6D3D, 0x7275, 0x6266,
	0x948E, 0x94C5, 0x5343, 0x8FC1, 0x7B7E, 0x4EDF, 0x8C26, 0x4E7E, 0x9ED4, 0x94B1, 0x94B3, 0x524D,
	0x6F5C, 0x9063, 0x6D45, 0x8C34, 0x5811, 0x5D4C, 0x6B20, 0x6B49, 0x67AA, 0x545B, 0x8154, 0x7F8C,
	0x5899, 0x8537, 0x5F3A, 0x62A2, 0x6A47, 0x9539, 0x6572, 0x6084, 0x6865, 0x77A7, 0x4E54, 0x4FA8,
	0x5DE7, 0x9798, 0x64AC, 0x7FD8, 0x5CED, 0x4FCF, 0x7A8D, 0x5207, 0x8304, 0x4E14, 0x602F, 0x7A83,
	0x94A6, 0x4FB5, 0x4EB2, 0x79E6, 0x7434, 0x52E4, 0x82B9, 0x64D2, 0x79BD, 0x5BDD, 0x6C81, 0x9752,
	0x8F7B, 0x6C22, 0x503E, 0x537F, 0x6E05, 0x64CE, 0x6674, 0x6C30, 0x60C5, 0x9877, 0x8BF7, 0x5E86,
	0x743C, 0x7A77, 0x79CB, 0x4E18, 0x90B1, 0x7403, 0x6C42, 0x56DA, 0x914B, 0x6CC5, 0x8D8B, 0x533A,
	0x86C6, 0x66F2, 0x8EAF, 0x5C48, 0x9A71, 0x6E20, 0x53D6, 0x5A36, 0x9F8B, 0x8DA3, 0x53BB, 0x5708,
	0x98A7, 0x6743, 0x919B, 0x6CC9, 0x5168, 0x75CA, 0x62F3, 0x72AC, 0x5238, 0x529D, 0x7F3A, 0x7094,
	0x7638, 0x5374, 0x9E4A, 0x69B7, 0x786E, 0x96C0, 0x88D9, 0x7FA4, 0x7136, 0x71C3, 0x5189, 0x67D3,
	0x74E4, 0x58E4, 0x6518, 0x56B7, 0x8BA9, 0x9976, 0x6270, 0x7ED5, 0x60F9, 0x70ED, 0x58EC, 0x4EC1,
	0x4EBA, 0x5FCD, 0x97E7, 0x4EFB, 0x8BA4, 0x5203, 0x598A, 0x7EAB, 0x6254, 0x4ECD, 0x65E5, 0x620E,
	0x8338, 0x84C9, 0x8363, 0x878D, 0x7194, 0x6EB6, 0x5BB9, 0x7ED2, 0x5197, 0x63C9, 0x67D4, 0x8089,
	0x8339, 0x8815, 0x5112, 0x5B7A, 0x5982, 0x8FB1, 0x4E73, 0x6C5D, 0x5165, 0x8925, 0x8F6F, 0x962E,
	0x854A, 0x745E, 0x9510, 0x95F0, 0x6DA6, 0x82E5, 0x5F31, 0x6492, 0x6D12, 0x8428, 0x816E, 0x9CC3,
	0x585E, 0x8D5B, 0x4E09, 0x53C1, 0x4F1E, 0x6563, 0x6851, 0x55D3, 0x4E27, 0x6414, 0x9A9A, 0x626B,
	0x5AC2, 0x745F, 0x8272, 0x6DA9, 0x68EE, 0x50E7, 0x838E, 0x7802, 0x6740, 0x5239, 0x6C99, 0x7EB1,
	0x50BB, 0x5565, 0x715E, 0x7B5B, 0x6652, 0x73CA, 0x82EB, 0x6749, 0x5C71, 0x5220, 0x717D, 0x886B,
	0x95EA, 0x9655, 0x64C5, 0x8D61, 0x81B3, 0x5584, 0x6C55, 0x6247, 0x7F2E, 0x5892, 0x4F24, 0x5546,
	0x8D4F, 0x664C, 0x4E0A, 0x5C1A, 0x88F3, 0x68A2, 0x634E, 0x7A0D, 0x70E7, 0x828D, 0x52FA, 0x97F6,
	0x5C11, 0x54E8, 0x90B5, 0x7ECD, 0x5962, 0x8D4A, 0x86C7, 0x820C, 0x820D, 0x8D66, 0x6444, 0x5C04,
	0x6151, 0x6D89, 0x793E, 0x8BBE, 0x7837, 0x7533, 0x547B, 0x4F38, 0x8EAB, 0x6DF1, 0x5A20, 0x7EC5,
	0x795E, 0x6C88, 0x5BA1, 0x5A76, 0x751A, 0x80BE, 0x614E, 0x6E17, 0x58F0, 0x751F, 0x7525, 0x7272,
	0x5347, 0x7EF3, 0x7701, 0x76DB, 0x5269, 0x80DC, 0x5723, 0x5E08, 0x5931, 0x72EE, 0x65BD, 0x6E7F,
	0x8BD7, 0x5C38, 0x8671, 0x5341, 0x77F3, 0x62FE, 0x65F6, 0x4EC0, 0x98DF, 0x8680, 0x5B9E, 0x8BC6,
	0x53F2, 0x77E2, 0x4F7F, 0x5C4E, 0x9A76, 0x59CB, 0x5F0F, 0x793A, 0x58EB, 0x4E16, 0x67FF, 0x4E8B,
	0x62ED, 0x8A93, 0x901D, 0x52BF, 0x662F, 0x55DC, 0x566C, 0x9002, 0x4ED5, 0x4F8D, 0x91CA, 0x9970,
	0x6C0F, 0x5E02, 0x6043, 0x5BA4, 0x89C6, 0x8BD5, 0x6536, 0x624B, 0x9996, 0x5B88, 0x5BFF, 0x6388,
	0x552E, 0x53D7, 0x7626, 0x517D, 0x852C, 0x67A2, 0x68B3, 0x6B8A, 0x6292, 0x8F93, 0x53D4, 0x8212,
	0x6DD1, 0x758F, 0x4E66, 0x8D4E, 0x5B70, 0x719F, 0x85AF, 0x6691, 0x66D9, 0x7F72, 0x8700, 0x9ECD,
	0x9F20, 0x5C5E, 0x672F, 0x8FF0, 0x6811, 0x675F, 0x620D, 0x7AD6, 0x5885, 0x5EB6, 0x6570, 0x6F31,
	0x6055, 0x5237, 0x800D, 0x6454, 0x8870, 0x7529, 0x5E05, 0x6813, 0x62F4, 0x971C, 0x53CC, 0x723D,
	0x8C01, 0x6C34, 0x7761, 0x7A0E, 0x542E, 0x77AC, 0x987A, 0x821C, 0x8BF4, 0x7855, 0x6714, 0x70C1,
	0x65AF, 0x6495, 0x5636, 0x601D, 0x79C1, 0x53F8, 0x4E1D, 0x6B7B, 0x8086, 0x5BFA, 0x55E3, 0x56DB,
	0x4F3A, 0x4F3C, 0x9972, 0x5DF3, 0x677E, 0x8038, 0x6002, 0x9882, 0x9001, 0x5B8B, 0x8BBC, 0x8BF5,
	0x641C, 0x8258, 0x64DE, 0x55FD, 0x82CF, 0x9165, 0x4FD7, 0x7D20, 0x901F, 0x7C9F, 0x50F3, 0x5851,
	0x6EAF, 0x5BBF, 0x8BC9, 0x8083, 0x9178, 0x849C, 0x7B97, 0x867D, 0x968B, 0x968F, 0x7EE5, 0x9AD3,
	0x788E, 0x5C81, 0x7A57, 0x9042, 0x96A7, 0x795F, 0x5B59, 0x635F, 0x7B0B, 0x84D1, 0x68AD, 0x5506,
	0x7F29, 0x7410, 0x7D22, 0x9501, 0x6240, 0x584C, 0x4ED6, 0x5B83, 0x5979, 0x5854, 0x736D, 0x631E,
	0x8E4B, 0x8E0F, 0x80CE, 0x82D4, 0x62AC, 0x53F0, 0x6CF0, 0x915E, 0x592A, 0x6001, 0x6C70, 0x574D,
	0x644A, 0x8D2A, 0x762B, 0x6EE9, 0x575B, 0x6A80, 0x75F0, 0x6F6D, 0x8C2D, 0x8C08, 0x5766, 0x6BEF,
	0x8892, 0x78B3, 0x63A2, 0x53F9, 0x70AD, 0x6C64, 0x5858, 0x642A, 0x5802, 0x68E0, 0x819B, 0x5510,
	0x7CD6, 0x5018, 0x8EBA, 0x6DCC, 0x8D9F, 0x70EB, 0x638F, 0x6D9B, 0x6ED4, 0x7EE6, 0x8404, 0x6843,
	0x9003, 0x6DD8, 0x9676, 0x8BA8, 0x5957, 0x7279, 0x85E4, 0x817E, 0x75BC, 0x8A8A, 0x68AF, 0x5254,
	0x8E22, 0x9511, 0x63D0, 0x9898, 0x8E44, 0x557C, 0x4F53, 0x66FF, 0x568F, 0x60D5, 0x6D95, 0x5243,
	0x5C49, 0x5929, 0x6DFB, 0x586B, 0x7530, 0x751C, 0x606C, 0x8214, 0x8146, 0x6311, 0x6761, 0x8FE2,
	0x773A, 0x8DF3, 0x8D34, 0x94C1, 0x5E16, 0x5385, 0x542C, 0x70C3, 0x6C40, 0x5EF7, 0x505C, 0x4EAD,
	0x5EAD, 0x633A, 0x8247, 0x901A, 0x6850, 0x916E, 0x77B3, 0x540C, 0x94DC, 0x5F64, 0x7AE5, 0x6876,
	0x6345, 0x7B52, 0x7EDF, 0x75DB, 0x5077, 0x6295, 0x5934, 0x900F, 0x51F8, 0x79C3, 0x7A81, 0x56FE,
	0x5F92, 0x9014, 0x6D82, 0x5C60, 0x571F, 0x5410, 0x5154, 0x6E4D, 0x56E2, 0x63A8, 0x9893, 0x817F,
	0x8715, 0x892A, 0x9000, 0x541E, 0x5C6F, 0x81C0, 0x62D6, 0x6258, 0x8131, 0x9E35, 0x9640, 0x9A6E,
	0x9A7C, 0x692D, 0x59A5, 0x62D3, 0x553E, 0x6316, 0x54C7, 0x86D9, 0x6D3C, 0x5A03, 0x74E6, 0x889C,
	0x6B6A, 0x5916, 0x8C4C, 0x5F2F, 0x6E7E, 0x73A9, 0x987D, 0x4E38, 0x70F7, 0x5B8C, 0x7897, 0x633D,
	0x665A, 0x7696, 0x60CB, 0x5B9B, 0x5A49, 0x4E07, 0x8155, 0x6C6A, 0x738B, 0x4EA1, 0x6789, 0x7F51,
	0x5F80, 0x65FA, 0x671B, 0x5FD8, 0x5984, 0x5A01, 0x5DCD, 0x5FAE, 0x5371, 0x97E6, 0x8FDD, 0x6845,
	0x56F4, 0x552F, 0x60DF, 0x4E3A, 0x6F4D, 0x7EF4, 0x82C7, 0x840E, 0x59D4, 0x4F1F, 0x4F2A, 0x5C3E,
	0x7EAC, 0x672A, 0x851A, 0x5473, 0x754F, 0x80C3, 0x5582, 0x9B4F, 0x4F4D, 0x6E2D, 0x8C13, 0x5C09,
	0x6170, 0x536B, 0x761F, 0x6E29, 0x868A, 0x6587, 0x95FB, 0x7EB9, 0x543B, 0x7A33, 0x7D0A, 0x95EE,
	0x55E1, 0x7FC1, 0x74EE, 0x631D, 0x8717, 0x6DA1, 0x7A9D, 0x6211, 0x65A1, 0x5367, 0x63E1, 0x6C83,
	0x5DEB, 0x545C, 0x94A8, 0x4E4C, 0x6C61, 0x8BEC, 0x5C4B, 0x65E0, 0x829C, 0x68A7, 0x543E, 0x5434,
	0x6BCB, 0x6B66, 0x4E94, 0x6342, 0x5348, 0x821E, 0x4F0D, 0x4FAE, 0x575E, 0x620A, 0x96FE, 0x6664,
	0x7269, 0x52FF, 0x52A1, 0x609F, 0x8BEF, 0x6614, 0x7199, 0x6790, 0x897F, 0x7852, 0x77FD, 0x6670,
	0x563B, 0x5438, 0x9521, 0x727A, 0x7A00, 0x606F, 0x5E0C, 0x6089, 0x819D, 0x5915, 0x60DC, 0x7184,
	0x70EF, 0x6EAA, 0x6C50, 0x7280, 0x6A84, 0x88AD, 0x5E2D, 0x4E60, 0x5AB3, 0x559C, 0x94E3, 0x6D17,
	0x7CFB, 0x9699, 0x620F, 0x7EC6, 0x778E, 0x867E, 0x5323, 0x971E, 0x8F96, 0x6687, 0x5CE1, 0x4FA0,
	0x72ED, 0x4E0B, 0x53A6, 0x590F, 0x5413, 0x6380, 0x9528, 0x5148, 0x4ED9, 0x9C9C, 0x7EA4, 0x54B8,
	0x8D24, 0x8854, 0x8237, 0x95F2, 0x6D8E, 0x5F26, 0x5ACC, 0x663E, 0x9669, 0x73B0, 0x732E, 0x53BF,
	0x817A, 0x9985, 0x7FA1, 0x5BAA, 0x9677, 0x9650, 0x7EBF, 0x76F8, 0x53A2, 0x9576, 0x9999, 0x7BB1,
	0x8944, 0x6E58, 0x4E61, 0x7FD4, 0x7965, 0x8BE6, 0x60F3, 0x54CD, 0x4EAB, 0x9879, 0x5DF7, 0x6A61,
	0x50CF, 0x5411, 0x8C61, 0x8427, 0x785D, 0x9704, 0x524A, 0x54EE, 0x56A3, 0x9500, 0x6D88, 0x5BB5,
	0x6DC6, 0x6653, 0x5C0F, 0x5B5D, 0x6821, 0x8096, 0x5578, 0x7B11, 0x6548, 0x6954, 0x4E9B, 0x6B47,
	0x874E, 0x978B, 0x534F, 0x631F, 0x643A, 0x90AA, 0x659C, 0x80C1, 0x8C10, 0x5199, 0x68B0, 0x5378,
	0x87F9, 0x61C8, 0x6CC4, 0x6CFB, 0x8C22, 0x5C51, 0x85AA, 0x82AF, 0x950C, 0x6B23, 0x8F9B, 0x65B0,
	0x5FFB, 0x5FC3, 0x4FE1, 0x8845, 0x661F, 0x8165, 0x7329, 0x60FA, 0x5174, 0x5211, 0x578B, 0x5F62,
	0x90A2, 0x884C, 0x9192, 0x5E78, 0x674F, 0x6027, 0x59D3, 0x5144, 0x51F6, 0x80F8, 0x5308, 0x6C79,
	0x96C4, 0x718A, 0x4F11, 0x4FEE, 0x7F9E, 0x673D, 0x55C5, 0x9508, 0x79C0, 0x8896, 0x7EE3, 0x589F,
	0x620C, 0x9700, 0x865A, 0x5618, 0x987B, 0x5F90, 0x8BB8, 0x84C4, 0x9157, 0x53D9, 0x65ED, 0x5E8F,
	0x755C, 0x6064, 0x7D6E, 0x5A7F, 0x7EEA, 0x7EED, 0x8F69, 0x55A7, 0x5BA3, 0x60AC, 0x65CB, 0x7384,
	0x9009, 0x7663, 0x7729, 0x7EDA, 0x9774, 0x859B, 0x5B66, 0x7A74, 0x96EA, 0x8840, 0x52CB, 0x718F,
	0x5FAA, 0x65EC, 0x8BE2, 0x5BFB, 0x9A6F, 0x5DE1, 0x6B89, 0x6C5B, 0x8BAD, 0x8BAF, 0x900A, 0x8FC5,
	0x538B, 0x62BC, 0x9E26, 0x9E2D, 0x5440, 0x4E2B, 0x82BD, 0x7259, 0x869C, 0x5D16, 0x8859, 0x6DAF,
	0x96C5, 0x54D1, 0x4E9A, 0x8BB6, 0x7109, 0x54BD, 0x9609, 0x70DF, 0x6DF9, 0x76D0, 0x4E25, 0x7814,
	0x8712, 0x5CA9, 0x5EF6, 0x8A00, 0x989C, 0x960E, 0x708E, 0x6CBF, 0x5944, 0x63A9, 0x773C, 0x884D,
	0x6F14, 0x8273, 0x5830, 0x71D5, 0x538C, 0x781A, 0x96C1, 0x5501, 0x5F66, 0x7130, 0x5BB4, 0x8C1A,
	0x9A8C, 0x6B83, 0x592E, 0x9E2F, 0x79E7, 0x6768, 0x626C, 0x4F6F, 0x75A1, 0x7F8A, 0x6D0B, 0x9633,
	0x6C27, 0x4EF0, 0x75D2, 0x517B, 0x6837, 0x6F3E, 0x9080, 0x8170, 0x5996, 0x7476, 0x6447, 0x5C27,
	0x9065, 0x7A91, 0x8C23, 0x59DA, 0x54AC, 0x8200, 0x836F, 0x8981, 0x8000, 0x6930, 0x564E, 0x8036,
	0x7237, 0x91CE, 0x51B6, 0x4E5F, 0x9875, 0x6396, 0x4E1A, 0x53F6, 0x66F3, 0x814B, 0x591C, 0x6DB2,
	0x4E00, 0x58F9, 0x533B, 0x63D6, 0x94F1, 0x4F9D, 0x4F0A, 0x8863, 0x9890, 0x5937, 0x9057, 0x79FB,
	0x4EEA, 0x80F0, 0x7591, 0x6C82, 0x5B9C, 0x59E8, 0x5F5D, 0x6905, 0x8681, 0x501A, 0x5DF2, 0x4E59,
	0x77E3, 0x4EE5, 0x827A, 0x6291, 0x6613, 0x9091, 0x5C79, 0x4EBF, 0x5F79, 0x81C6, 0x9038, 0x8084,
	0x75AB, 0x4EA6, 0x88D4, 0x610F, 0x6BC5, 0x5FC6, 0x4E49, 0x76CA, 0x6EA2, 0x8BE3, 0x8BAE, 0x8C0A,
	0x8BD1, 0x5F02, 0x7FFC, 0x7FCC, 0x7ECE, 0x8335, 0x836B, 0x56E0, 0x6BB7, 0x97F3, 0x9634, 0x59FB,
	0x541F, 0x94F6, 0x6DEB, 0x5BC5, 0x996E, 0x5C39, 0x5F15, 0x9690, 0x5370, 0x82F1, 0x6A31, 0x5A74,
	0x9E70, 0x5E94, 0x7F28, 0x83B9, 0x8424, 0x8425, 0x8367, 0x8747, 0x8FCE, 0x8D62, 0x76C8, 0x5F71,
	0x9896, 0x786C, 0x6620, 0x54DF, 0x62E5, 0x4F63, 0x81C3, 0x75C8, 0x5EB8, 0x96CD, 0x8E0A, 0x86F9,
	0x548F, 0x6CF3, 0x6D8C, 0x6C38, 0x607F, 0x52C7, 0x7528, 0x5E7D, 0x4F18, 0x60A0, 0x5FE7, 0x5C24,
	0x7531, 0x90AE, 0x94C0, 0x72B9, 0x6CB9, 0x6E38, 0x9149, 0x6709, 0x53CB, 0x53F3, 0x4F51, 0x91C9,
	0x8BF1, 0x53C8, 0x5E7C, 0x8FC2, 0x6DE4, 0x4E8E, 0x76C2, 0x6986, 0x865E, 0x611A, 0x8206, 0x4F59,
	0x4FDE, 0x903E, 0x9C7C, 0x6109, 0x6E1D, 0x6E14, 0x9685, 0x4E88, 0x5A31, 0x96E8, 0x4E0E, 0x5C7F,
	0x79B9, 0x5B87, 0x8BED, 0x7FBD, 0x7389, 0x57DF, 0x828B, 0x90C1, 0x5401, 0x9047, 0x55BB, 0x5CEA,
	0x5FA1, 0x6108, 0x6B32, 0x72F1, 0x80B2, 0x8A89, 0x6D74, 0x5BD3, 0x88D5, 0x9884, 0x8C6B, 0x9A6D,
	0x9E33, 0x6E0A, 0x51A4, 0x5143, 0x57A3, 0x8881, 0x539F, 0x63F4, 0x8F95, 0x56ED, 0x5458, 0x5706,
	0x733F, 0x6E90, 0x7F18, 0x8FDC, 0x82D1, 0x613F, 0x6028, 0x9662, 0x66F0, 0x7EA6, 0x8D8A, 0x8DC3,
	0x94A5, 0x5CB3, 0x7CA4, 0x6708, 0x60A6, 0x9605, 0x8018, 0x4E91, 0x90E7, 0x5300, 0x9668, 0x5141,
	0x8FD0, 0x8574, 0x915D, 0x6655, 0x97F5, 0x5B55, 0x531D, 0x7838, 0x6742, 0x683D, 0x54C9, 0x707E,
	0x5BB0, 0x8F7D, 0x518D, 0x5728, 0x54B1, 0x6512, 0x6682, 0x8D5E, 0x8D43, 0x810F, 0x846C, 0x906D,
	0x7CDF, 0x51FF, 0x85FB, 0x67A3, 0x65E9, 0x6FA1, 0x86A4, 0x8E81, 0x566A, 0x9020, 0x7682, 0x7076,
	0x71E5, 0x8D23, 0x62E9, 0x5219, 0x6CFD, 0x8D3C, 0x600E, 0x589E, 0x618E, 0x66FE, 0x8D60, 0x624E,
	0x55B3, 0x6E23, 0x672D, 0x8F67, 0x94E1, 0x95F8, 0x7728, 0x6805, 0x69A8, 0x548B, 0x4E4D, 0x70B8,
	0x8BC8, 0x6458, 0x658B, 0x5B85, 0x7A84, 0x503A, 0x5BE8, 0x77BB, 0x6BE1, 0x8A79, 0x7C98, 0x6CBE,
	0x76CF, 0x65A9, 0x8F97, 0x5D2D, 0x5C55, 0x8638, 0x6808, 0x5360, 0x6218, 0x7AD9, 0x6E5B, 0x7EFD,
	0x6A1F, 0x7AE0, 0x5F70, 0x6F33, 0x5F20, 0x638C, 0x6DA8, 0x6756, 0x4E08, 0x5E10, 0x8D26, 0x4ED7,
	0x80C0, 0x7634, 0x969C, 0x62DB, 0x662D, 0x627E, 0x6CBC, 0x8D75, 0x7167, 0x7F69, 0x5146, 0x8087,
	0x53EC, 0x906E, 0x6298, 0x54F2, 0x86F0, 0x8F99, 0x8005, 0x9517, 0x8517, 0x8FD9, 0x6D59, 0x73CD,
	0x659F, 0x771F, 0x7504, 0x7827, 0x81FB, 0x8D1E, 0x9488, 0x4FA6, 0x6795, 0x75B9, 0x8BCA, 0x9707,
	0x632F, 0x9547, 0x9635, 0x84B8, 0x6323, 0x7741, 0x5F81, 0x72F0, 0x4E89, 0x6014, 0x6574, 0x62EF,
	0x6B63, 0x653F, 0x5E27, 0x75C7, 0x90D1, 0x8BC1, 0x829D, 0x679D, 0x652F, 0x5431, 0x8718, 0x77E5,
	0x80A2, 0x8102, 0x6C41, 0x4E4B, 0x7EC7, 0x804C, 0x76F4, 0x690D, 0x6B96, 0x6267, 0x503C, 0x4F84,
	0x5740, 0x6307, 0x6B62, 0x8DBE, 0x53EA, 0x65E8, 0x7EB8, 0x5FD7, 0x631A, 0x63B7, 0x81F3, 0x81F4,
	0x7F6E, 0x5E1C, 0x5CD9, 0x5236, 0x667A, 0x79E9, 0x7A1A, 0x8D28, 0x7099, 0x75D4, 0x6EDE, 0x6CBB,
	0x7A92, 0x4E2D, 0x76C5, 0x5FE0, 0x949F, 0x8877, 0x7EC8, 0x79CD, 0x80BF, 0x91CD, 0x4EF2, 0x4F17,
	0x821F, 0x5468, 0x5DDE, 0x6D32, 0x8BCC, 0x7CA5, 0x8F74, 0x8098, 0x5E1A, 0x5492, 0x76B1, 0x5B99,
	0x663C, 0x9AA4, 0x73E0, 0x682A, 0x86DB, 0x6731, 0x732A, 0x8BF8, 0x8BDB, 0x9010, 0x7AF9, 0x70DB,
	0x716E, 0x62C4, 0x77A9, 0x5631, 0x4E3B, 0x8457, 0x67F1, 0x52A9, 0x86C0, 0x8D2E, 0x94F8, 0x7B51,
	0x4F4F, 0x6CE8, 0x795D, 0x9A7B, 0x6293, 0x722A, 0x62FD, 0x4E13, 0x7816, 0x8F6C, 0x64B0, 0x8D5A,
	0x7BC6, 0x6869, 0x5E84, 0x88C5, 0x5986, 0x649E, 0x58EE, 0x72B6, 0x690E, 0x9525, 0x8FFD, 0x8D58,
	0x5760, 0x7F00, 0x8C06, 0x51C6, 0x6349, 0x62D9, 0x5353, 0x684C, 0x7422, 0x8301, 0x914C, 0x5544,
	0x7740, 0x707C, 0x6D4A, 0x5179, 0x54A8, 0x8D44, 0x59FF, 0x6ECB, 0x6DC4, 0x5B5C, 0x7D2B, 0x4ED4,
	0x7C7D, 0x6ED3, 0x5B50, 0x81EA, 0x6E0D, 0x5B57, 0x9B03, 0x68D5, 0x8E2A, 0x5B97, 0x7EFC, 0x603B,
	0x7EB5, 0x90B9, 0x8D70, 0x594F, 0x63CD, 0x79DF, 0x8DB3, 0x5352, 0x65CF, 0x7956, 0x8BC5, 0x963B,
	0x7EC4, 0x94BB, 0x7E82, 0x5634, 0x9189, 0x6700, 0x7F6A, 0x5C0A, 0x9075, 0x6628, 0x5DE6, 0x4F50,
	0x67DE, 0x505A, 0x4F5C, 0x5750, 0x5EA7, 0x0000, 0x0000, 0x0000, 0x0000, 0x0000, 0x4E8D, 0x4E0C,
	0x5140, 0x4E10, 0x5EFF, 0x5345, 0x4E15, 0x4E98, 0x4E1E, 0x9B32, 0x5B6C, 0x5669, 0x4E28, 0x79BA,
	0x4E3F, 0x5315, 0x4E47, 0x592D, 0x723B, 0x536E, 0x6C10, 0x56DF, 0x80E4, 0x9997, 0x6BD3, 0x777E,
	0x9F17, 0x4E36, 0x4E9F, 0x9F10, 0x4E5C, 0x4E69, 0x4E93, 0x8288, 0x5B5B, 0x556C, 0x560F, 0x4EC4,
	0x538D, 0x539D, 0x53A3, 0x53A5, 0x53AE, 0x9765, 0x8D5D, 0x531A, 0x53F5, 0x5326, 0x532E, 0x533E,
	0x8D5C, 0x5366, 0x5363, 0x5202, 0x5208, 0x520E, 0x522D, 0x5233, 0x523F, 0x5240, 0x524C, 0x525E,
	0x5261, 0x525C, 0x84AF, 0x527D, 0x5282, 0x5281, 0x5290, 0x5293, 0x5182, 0x7F54, 0x4EBB, 0x4EC3,
	0x4EC9, 0x4EC2, 0x4EE8, 0x4EE1, 0x4EEB, 0x4EDE, 0x4F1B, 0x4EF3, 0x4F22, 0x4F64, 0x4EF5, 0x4F25,
	0x4F27, 0x4F09, 0x4F2B, 0x4F5E, 0x4F67, 0x6538, 0x4F5A, 0x4F5D, 0x4F5F, 0x4F57, 0x4F32, 0x4F3D,
	0x4F76, 0x4F74, 0x4F91, 0x4F89, 0x4F83, 0x4F8F, 0x4F7E, 0x4F7B, 0x4FAA, 0x4F7C, 0x4FAC, 0x4F94,
	0x4FE6, 0x4FE8, 0x4FEA, 0x4FC5, 0x4FDA, 0x4FE3, 0x4FDC, 0x4FD1, 0x4FDF, 0x4FF8, 0x5029, 0x504C,
	0x4FF3, 0x502C, 0x500F, 0x502E, 0x502D, 0x4FFE, 0x501C, 0x500C, 0x5025, 0x5028, 0x507E, 0x5043,
	0x5055, 0x5048, 0x504E, 0x506C, 0x507B, 0x50A5, 0x50A7, 0x50A9, 0x50BA, 0x50D6, 0x5106, 0x50ED,
	0x50EC, 0x50E6, 0x50EE, 0x5107, 0x510B, 0x4EDD, 0x6C3D, 0x4F58, 0x4F65, 0x4FCE, 0x9FA0, 0x6C46,
	0x7C74, 0x516E, 0x5DFD, 0x9EC9, 0x9998, 0x5181, 0x5914, 0x52F9, 0x530D, 0x8A07, 0x5310, 0x51EB,
	0x5919, 0x5155, 0x4EA0, 0x5156, 0x4EB3, 0x886E, 0x88A4, 0x4EB5, 0x8114, 0x88D2, 0x7980, 0x5B34,
	0x8803, 0x7FB8, 0x51AB, 0x51B1, 0x51BD, 0x51BC, 0x51C7, 0x5196, 0x51A2, 0x51A5, 0x8BA0, 0x8BA6,
	0x8BA7, 0x8BAA, 0x8BB4, 0x8BB5, 0x8BB7, 0x8BC2, 0x8BC3, 0x8BCB, 0x8BCF, 0x8BCE, 0x8BD2, 0x8BD3,
	0x8BD4, 0x8BD6, 0x8BD8, 0x8BD9, 0x8BDC, 0x8BDF, 0x8BE0, 0x8BE4, 0x8BE8, 0x8BE9, 0x8BEE, 0x8BF0,
	0x8BF3, 0x8BF6, 0x8BF9, 0x8BFC, 0x8BFF, 0x8C00, 0x8C02, 0x8C04, 0x8C07, 0x8C0C, 0x8C0F, 0x8C11,
	0x8C12, 0x8C14, 0x8C15, 0x8C16, 0x8C19, 0x8C1B, 0x8C18, 0x8C1D, 0x8C1F, 0x8C20, 0x8C21, 0x8C25,
	0x8C27, 0x8C2A, 0x8C2B, 0x8C2E, 0x8C2F, 0x8C32, 0x8C33, 0x8C35, 0x8C36, 0x5369, 0x537A, 0x961D,
	0x9622, 0x9621, 0x9631, 0x962A, 0x963D, 0x963C, 0x9642, 0x9649, 0x9654, 0x965F, 0x9667, 0x966C,
	0x9672, 0x9674, 0x9688, 0x968D, 0x9697, 0x96B0, 0x9097, 0x909B, 0x909D, 0x9099, 0x90AC, 0x90A1,
	0x90B4, 0x90B3, 0x90B6, 0x90BA, 0x90B8, 0x90B0, 0x90CF, 0x90C5, 0x90BE, 0x90D0, 0x90C4, 0x90C7,
	0x90D3, 0x90E6, 0x90E2, 0x90DC, 0x90D7, 0x90DB, 0x90EB, 0x90EF, 0x90FE, 0x9104, 0x9122, 0x911E,
	0x9123, 0x9131, 0x912F, 0x9139, 0x9143, 0x9146, 0x520D, 0x5942, 0x52A2, 0x52AC, 0x52AD, 0x52BE,
	0x54FF, 0x52D0, 0x52D6, 0x52F0, 0x53DF, 0x71EE, 0x77CD, 0x5EF4, 0x51F5, 0x51FC, 0x9B2F, 0x53B6,
	0x5F01, 0x755A, 0x5DEF, 0x574C, 0x57A9, 0x57A1, 0x587E, 0x58BC, 0x58C5, 0x58D1, 0x5729, 0x572C,
	0x572A, 0x5733, 0x5739, 0x572E, 0x572F, 0x575C, 0x573B, 0x5742, 0x5769, 0x5785, 0x576B, 0x5786,
	0x577C, 0x577B, 0x5768, 0x576D, 0x5776, 0x5773, 0x57AD, 0x57A4, 0x578C, 0x57B2, 0x57CF, 0x57A7,
	0x57B4, 0x5793, 0x57A0, 0x57D5, 0x57D8, 0x57DA, 0x57D9, 0x57D2, 0x57B8, 0x57F4, 0x57EF, 0x57F8,
	0x57E4, 0x57DD, 0x580B, 0x580D, 0x57FD, 0x57ED, 0x5800, 0x581E, 0x5819, 0x5844, 0x5820, 0x5865,
	0x586C, 0x5881, 0x5889, 0x589A, 0x5880, 0x99A8, 0x9F19, 0x61FF, 0x8279, 0x827D, 0x827F, 0x828F,
	0x828A, 0x82A8, 0x8284, 0x828E, 0x8291, 0x8297, 0x8299, 0x82AB, 0x82B8, 0x82BE, 0x82B0, 0x82C8,
	0x82CA, 0x82E3, 0x8298, 0x82B7, 0x82AE, 0x82CB, 0x82CC, 0x82C1, 0x82A9, 0x82B4, 0x82A1, 0x82AA,
	0x829F, 0x82C4, 0x82CE, 0x82A4, 0x82E1, 0x8309, 0x82F7, 0x82E4, 0x830F, 0x8307, 0x82DC, 0x82F4,
	0x82D2, 0x82D8, 0x830C, 0x82FB, 0x82D3, 0x8311, 0x831A, 0x8306, 0x8314, 0x8315, 0x82E0, 0x82D5,
	0x831C, 0x8351, 0x835B, 0x835C, 0x8308, 0x8392, 0x833C, 0x8334, 0x8331, 0x839B, 0x835E, 0x832F,
	0x834F, 0x8347, 0x8343, 0x835F, 0x8340, 0x8317, 0x8360, 0x832D, 0x833A, 0x8333, 0x8366, 0x8365,
	0x8368, 0x831B, 0x8369, 0x836C, 0x836A, 0x836D, 0x836E, 0x83B0, 0x8378, 0x83B3, 0x83B4, 0x83A0,
	0x83AA, 0x8393, 0x839C, 0x8385, 0x837C, 0x83B6, 0x83A9, 0x837D, 0x83B8, 0x837B, 0x8398, 0x839E,
	0x83A8, 0x83BA, 0x83BC, 0x83C1, 0x8401, 0x83E5, 0x83D8, 0x5807, 0x8418, 0x840B, 0x83DD, 0x83FD,
	0x83D6, 0x841C, 0x8438, 0x8411, 0x8406, 0x83D4, 0x83DF, 0x840F, 0x8403, 0x83F8, 0x83F9, 0x83EA,
	0x83C5, 0x83C0, 0x8426, 0x83F0, 0x83E1, 0x845C, 0x8451, 0x845A, 0x8459, 0x8473, 0x8487, 0x8488,
	0x847A, 0x8489, 0x8478, 0x843C, 0x8446, 0x8469, 0x8476, 0x848C, 0x848E, 0x8431, 0x846D, 0x84C1,
	0x84CD, 0x84D0, 0x84E6, 0x84BD, 0x84D3, 0x84CA, 0x84BF, 0x84BA, 0x84E0, 0x84A1, 0x84B9, 0x84B4,
	0x8497, 0x84E5, 0x84E3, 0x850C, 0x750D, 0x8538, 0x84F0, 0x8539, 0x851F, 0x853A, 0x8556, 0x853B,
	0x84FF, 0x84FC, 0x8559, 0x8548, 0x8568, 0x8564, 0x855E, 0x857A, 0x77A2, 0x8543, 0x8572, 0x857B,
	0x85A4, 0x85A8, 0x8587, 0x858F, 0x8579, 0x85AE, 0x859C, 0x8585, 0x85B9, 0x85B7, 0x85B0, 0x85D3,
	0x85C1, 0x85DC, 0x85FF, 0x8627, 0x8605, 0x8629, 0x8616, 0x863C, 0x5EFE, 0x5F08, 0x593C, 0x5941,
	0x8037, 0x5955, 0x595A, 0x5958, 0x530F, 0x5C22, 0x5C25, 0x5C2C, 0x5C34, 0x624C, 0x626A, 0x629F,
	0x62BB, 0x62CA, 0x62DA, 0x62D7, 0x62EE, 0x6322, 0x62F6, 0x6339, 0x634B, 0x6343, 0x63AD, 0x63F6,
	0x6371, 0x637A, 0x638E, 0x63B4, 0x636D, 0x63AC, 0x638A, 0x6369, 0x63AE, 0x63BC, 0x63F2, 0x63F8,
	0x63E0, 0x63FF, 0x63C4, 0x63DE, 0x63CE, 0x6452, 0x63C6, 0x63BE, 0x6445, 0x6441, 0x640B, 0x641B,
	0x6420, 0x640C, 0x6426, 0x6421, 0x645E, 0x6484, 0x646D, 0x6496, 0x647A, 0x64B7, 0x64B8, 0x6499,
	0x64BA, 0x64C0, 0x64D0, 0x64D7, 0x64E4, 0x64E2, 0x6509, 0x6525, 0x652E, 0x5F0B, 0x5FD2, 0x7519,
	0x5F11, 0x535F, 0x53F1, 0x53FD, 0x53E9, 0x53E8, 0x53FB, 0x5412, 0x5416, 0x5406, 0x544B, 0x5452,
	0x5453, 0x5454, 0x5456, 0x5443, 0x5421, 0x5457, 0x5459, 0x5423, 0x5432, 0x5482, 0x5494, 0x5477,
	0x5471, 0x5464, 0x549A, 0x549B, 0x5484, 0x5476, 0x5466, 0x549D, 0x54D0, 0x54AD, 0x54C2, 0x54B4,
	0x54D2, 0x54A7, 0x54A6, 0x54D3, 0x54D4, 0x5472, 0x54A3, 0x54D5, 0x54BB, 0x54BF, 0x54CC, 0x54D9,
	0x54DA, 0x54DC, 0x54A9, 0x54AA, 0x54A4, 0x54DD, 0x54CF, 0x54DE, 0x551B, 0x54E7, 0x5520, 0x54FD,
	0x5514, 0x54F3, 0x5522, 0x5523, 0x550F, 0x5511, 0x5527, 0x552A, 0x5567, 0x558F, 0x55B5, 0x5549,
	0x556D, 0x5541, 0x5555, 0x553F, 0x5550, 0x553C, 0x5537, 0x5556, 0x5575, 0x5576, 0x5577, 0x5533,
	0x5530, 0x555C, 0x558B, 0x55D2, 0x5583, 0x55B1, 0x55B9, 0x5588, 0x5581, 0x559F, 0x557E, 0x55D6,
	0x5591, 0x557B, 0x55DF, 0x55BD, 0x55BE, 0x5594, 0x5599, 0x55EA, 0x55F7, 0x55C9, 0x561F, 0x55D1,
	0x55EB, 0x55EC, 0x55D4, 0x55E6, 0x55DD, 0x55C4, 0x55EF, 0x55E5, 0x55F2, 0x55F3, 0x55CC, 0x55CD,
	0x55E8, 0x55F5, 0x55E4, 0x8F94, 0x561E, 0x5608, 0x560C, 0x5601, 0x5624, 0x5623, 0x55FE, 0x5600,
	0x5627, 0x562D, 0x5658, 0x5639, 0x5657, 0x562C, 0x564D, 0x5662, 0x5659, 0x565C, 0x564C, 0x5654,
	0x5686, 0x5664, 0x5671, 0x566B, 0x567B, 0x567C, 0x5685, 0x5693, 0x56AF, 0x56D4, 0x56D7, 0x56DD,
	0x56E1, 0x56F5, 0x56EB, 0x56F9, 0x56FF, 0x5704, 0x570A, 0x5709, 0x571C, 0x5E0F, 0x5E19, 0x5E14,
	0x5E11, 0x5E31, 0x5E3B, 0x5E3C, 0x5E37, 0x5E44, 0x5E54, 0x5E5B, 0x5E5E, 0x5E61, 0x5C8C, 0x5C7A,
	0x5C8D, 0x5C90, 0x5C96, 0x5C88, 0x5C98, 0x5C99, 0x5C91, 0x5C9A, 0x5C9C, 0x5CB5, 0x5CA2, 0x5CBD,
	0x5CAC, 0x5CAB, 0x5CB1, 0x5CA3, 0x5CC1, 0x5CB7, 0x5CC4, 0x5CD2, 0x5CE4, 0x5CCB, 0x5CE5, 0x5D02,
	0x5D03, 0x5D27, 0x5D26, 0x5D2E, 0x5D24, 0x5D1E, 0x5D06, 0x5D1B, 0x5D58, 0x5D3E, 0x5D34, 0x5D3D,
	0x5D6C, 0x5D5B, 0x5D6F, 0x5D5D, 0x5D6B, 0x5D4B, 0x5D4A, 0x5D69, 0x5D74, 0x5D82, 0x5D99, 0x5D9D,
	0x8C73, 0x5DB7, 0x5DC5, 0x5F73, 0x5F77, 0x5F82, 0x5F87, 0x5F89, 0x5F8C, 0x5F95, 0x5F99, 0x5F9C,
	0x5FA8, 0x5FAD, 0x5FB5, 0x5FBC, 0x8862, 0x5F61, 0x72AD, 0x72B0, 0x72B4, 0x72B7, 0x72B8, 0x72C3,
	0x72C1, 0x72CE, 0x72CD, 0x72D2, 0x72E8, 0x72EF, 0x72E9, 0x72F2, 0x72F4, 0x72F7, 0x7301, 0x72F3,
	0x7303, 0x72FA, 0x72FB, 0x7317, 0x7313, 0x7321, 0x730A, 0x731E, 0x731D, 0x7315, 0x7322, 0x7339,
	0x7325, 0x732C, 0x7338, 0x7331, 0x7350, 0x734D, 0x7357, 0x7360, 0x736C, 0x736F, 0x737E, 0x821B,
	0x5925, 0x98E7, 0x5924, 0x5902, 0x9963, 0x9967, 0x9968, 0x9969, 0x996A, 0x996B, 0x996C, 0x9974,
	0x9977, 0x997D, 0x9980, 0x9984, 0x9987, 0x998A, 0x998D, 0x9990, 0x9991, 0x9993, 0x9994, 0x9995,
	0x5E80, 0x5E91, 0x5E8B, 0x5E96, 0x5EA5, 0x5EA0, 0x5EB9, 0x5EB5, 0x5EBE, 0x5EB3, 0x8D53, 0x5ED2,
	0x5ED1, 0x5EDB, 0x5EE8, 0x5EEA, 0x81BA, 0x5FC4, 0x5FC9, 0x5FD6, 0x5FCF, 0x6003, 0x5FEE, 0x6004,
	0x5FE1, 0x5FE4, 0x5FFE, 0x6005, 0x6006, 0x5FEA, 0x5FED, 0x5FF8, 0x6019, 0x6035, 0x6026, 0x601B,
	0x600F, 0x600D, 0x6029, 0x602B, 0x600A, 0x603F, 0x6021, 0x6078, 0x6079, 0x607B, 0x607A, 0x6042,
	0x606A, 0x607D, 0x6096, 0x609A, 0x60AD, 0x609D, 0x6083, 0x6092, 0x608C, 0x609B, 0x60EC, 0x60BB,
	0x60B1, 0x60DD, 0x60D8, 0x60C6, 0x60DA, 0x60B4, 0x6120, 0x6126, 0x6115, 0x6123, 0x60F4, 0x6100,
	0x610E, 0x612B, 0x614A, 0x6175, 0x61AC, 0x6194, 0x61A7, 0x61B7, 0x61D4, 0x61F5, 0x5FDD, 0x96B3,
	0x95E9, 0x95EB, 0x95F1, 0x95F3, 0x95F5, 0x95F6, 0x95FC, 0x95FE, 0x9603, 0x9604, 0x9606, 0x9608,
	0x960A, 0x960B, 0x960C, 0x960D, 0x960F, 0x9612, 0x9615, 0x9616, 0x9617, 0x9619, 0x961A, 0x4E2C,
	0x723F, 0x6215, 0x6C35, 0x6C54, 0x6C5C, 0x6C4A, 0x6CA3, 0x6C85, 0x6C90, 0x6C94, 0x6C8C, 0x6C68,
	0x6C69, 0x6C74, 0x6C76, 0x6C86, 0x6CA9, 0x6CD0, 0x6CD4, 0x6CAD, 0x6CF7, 0x6CF8, 0x6CF1, 0x6CD7,
	0x6CB2, 0x6CE0, 0x6CD6, 0x6CFA, 0x6CEB, 0x6CEE, 0x6CB1, 0x6CD3, 0x6CEF, 0x6CFE, 0x6D39, 0x6D27,
	0x6D0C, 0x6D43, 0x6D48, 0x6D07, 0x6D04, 0x6D19, 0x6D0E, 0x6D2B, 0x6D4D, 0x6D2E, 0x6D35, 0x6D1A,
	0x6D4F, 0x6D52, 0x6D54, 0x6D33, 0x6D91, 0x6D6F, 0x6D9E, 0x6DA0, 0x6D5E, 0x6D93, 0x6D94, 0x6D5C,
	0x6D60, 0x6D7C, 0x6D63, 0x6E1A, 0x6DC7, 0x6DC5, 0x6DDE, 0x6E0E, 0x6DBF, 0x6DE0, 0x6E11, 0x6DE6,
	0x6DDD, 0x6DD9, 0x6E16, 0x6DAB, 0x6E0C, 0x6DAE, 0x6E2B, 0x6E6E, 0x6E4E, 0x6E6B, 0x6EB2, 0x6E5F,
	0x6E86, 0x6E53, 0x6E54, 0x6E32, 0x6E25, 0x6E44, 0x6EDF, 0x6EB1, 0x6E98, 0x6EE0, 0x6F2D, 0x6EE2,
	0x6EA5, 0x6EA7, 0x6EBD, 0x6EBB, 0x6EB7, 0x6ED7, 0x6EB4, 0x6ECF, 0x6E8F, 0x6EC2, 0x6E9F, 0x6F62,
	0x6F46, 0x6F47, 0x6F24, 0x6F15, 0x6EF9, 0x6F2F, 0x6F36, 0x6F4B, 0x6F74, 0x6F2A, 0x6F09, 0x6F29,
	0x6F89, 0x6F8D, 0x6F8C, 0x6F78, 0x6F72, 0x6F7C, 0x6F7A, 0x6FD1, 0x6FC9, 0x6FA7, 0x6FB9, 0x6FB6,
	0x6FC2, 0x6FE1, 0x6FEE, 0x6FDE, 0x6FE0, 0x6FEF, 0x701A, 0x7023, 0x701B, 0x7039, 0x7035, 0x704F,
	0x705E, 0x5B80, 0x5B84, 0x5B95, 0x5B93, 0x5BA5, 0x5BB8, 0x752F, 0x9A9E, 0x6434, 0x5BE4, 0x5BEE,
	0x8930, 0x5BF0, 0x8E47, 0x8B07, 0x8FB6, 0x8FD3, 0x8FD5, 0x8FE5, 0x8FEE, 0x8FE4, 0x8FE9, 0x8FE6,
	0x8FF3, 0x8FE8, 0x9005, 0x9004, 0x900B, 0x9026, 0x9011, 0x900D, 0x9016, 0x9021, 0x9035, 0x9036,
	0x902D, 0x902F, 0x9044, 0x9051, 0x9052, 0x9050, 0x9068, 0x9058, 0x9062, 0x905B, 0x66B9, 0x9074,
	0x907D, 0x9082, 0x9088, 0x9083, 0x908B, 0x5F50, 0x5F57, 0x5F56, 0x5F58, 0x5C3B, 0x54AB, 0x5C50,
	0x5C59, 0x5B71, 0x5C63, 0x5C66, 0x7FBC, 0x5F2A, 0x5F29, 0x5F2D, 0x8274, 0x5F3C, 0x9B3B, 0x5C6E,
	0x5981, 0x5983, 0x598D, 0x59A9, 0x59AA, 0x59A3, 0x5997, 0x59CA, 0x59AB, 0x599E, 0x59A4, 0x59D2,
	0x59B2, 0x59AF, 0x59D7, 0x59BE, 0x5A05, 0x5A06, 0x59DD, 0x5A08, 0x59E3, 0x59D8, 0x59F9, 0x5A0C,
	0x5A09, 0x5A32, 0x5A34, 0x5A11, 0x5A23, 0x5A13, 0x5A40, 0x5A67, 0x5A4A, 0x5A55, 0x5A3C, 0x5A62,
	0x5A75, 0x80EC, 0x5AAA, 0x5A9B, 0x5A77, 0x5A7A, 0x5ABE, 0x5AEB, 0x5AB2, 0x5AD2, 0x5AD4, 0x5AB8,
	0x5AE0, 0x5AE3, 0x5AF1, 0x5AD6, 0x5AE6, 0x5AD8, 0x5ADC, 0x5B09, 0x5B17, 0x5B16, 0x5B32, 0x5B37,
	0x5B40, 0x5C15, 0x5C1C, 0x5B5A, 0x5B65, 0x5B73, 0x5B51, 0x5B53, 0x5B62, 0x9A75, 0x9A77, 0x9A78,
	0x9A7A, 0x9A7F, 0x9A7D, 0x9A80, 0x9A81, 0x9A85, 0x9A88, 0x9A8A, 0x9A90, 0x9A92, 0x9A93, 0x9A96,
	0x9A98, 0x9A9B, 0x9A9C, 0x9A9D, 0x9A9F, 0x9AA0, 0x9AA2, 0x9AA3, 0x9AA5, 0x9AA7, 0x7E9F, 0x7EA1,
	0x7EA3, 0x7EA5, 0x7EA8, 0x7EA9, 0x7EAD, 0x7EB0, 0x7EBE, 0x7EC0, 0x7EC1, 0x7EC2, 0x7EC9, 0x7ECB,
	0x7ECC, 0x7ED0, 0x7ED4, 0x7ED7, 0x7EDB, 0x7EE0, 0x7EE1, 0x7EE8, 0x7EEB, 0x7EEE, 0x7EEF, 0x7EF1,
	0x7EF2, 0x7F0D, 0x7EF6, 0x7EFA, 0x7EFB, 0x7EFE, 0x7F01, 0x7F02, 0x7F03, 0x7F07, 0x7F08, 0x7F0B,
	0x7F0C, 0x7F0F, 0x7F11, 0x7F12, 0x7F17, 0x7F19, 0x7F1C, 0x7F1B, 0x7F1F, 0x7F21, 0x7F22, 0x7F23,
	0x7F24, 0x7F25, 0x7F26, 0x7F27, 0x7F2A, 0x7F2B, 0x7F2C, 0x7F2D, 0x7F2F, 0x7F30, 0x7F31, 0x7F32,
	0x7F33, 0x7F35, 0x5E7A, 0x757F, 0x5DDB, 0x753E, 0x9095, 0x738E, 0x7391, 0x73AE, 0x73A2, 0x739F,
	0x73CF, 0x73C2, 0x73D1, 0x73B7, 0x73B3, 0x73C0, 0x73C9, 0x73C8, 0x73E5, 0x73D9, 0x987C, 0x740A,
	0x73E9, 0x73E7, 0x73DE, 0x73BA, 0x73F2, 0x740F, 0x742A, 0x745B, 0x7426, 0x7425, 0x7428, 0x7430,
	0x742E, 0x742C, 0x741B, 0x741A, 0x7441, 0x745C, 0x7457, 0x7455, 0x7459, 0x7477, 0x746D, 0x747E,
	0x749C, 0x748E, 0x7480, 0x7481, 0x7487, 0x748B, 0x749E, 0x74A8, 0x74A9, 0x7490, 0x74A7, 0x74D2,
	0x74BA, 0x97EA, 0x97EB, 0x97EC, 0x674C, 0x6753, 0x675E, 0x6748, 0x6769, 0x67A5, 0x6787, 0x676A,
	0x6773, 0x6798, 0x67A7, 0x6775, 0x67A8, 0x679E, 0x67AD, 0x678B, 0x6777, 0x677C, 0x67F0, 0x6809,
	0x67D8, 0x680A, 0x67E9, 0x67B0, 0x680C, 0x67D9, 0x67B5, 0x67DA, 0x67B3, 0x67DD, 0x6800, 0x67C3,
	0x67B8, 0x67E2, 0x680E, 0x67C1, 0x67FD, 0x6832, 0x6833, 0x6860, 0x6861, 0x684E, 0x6862, 0x6844,
	0x6864, 0x6883, 0x681D, 0x6855, 0x6866, 0x6841, 0x6867, 0x6840, 0x683E, 0x684A, 0x6849, 0x6829,
	0x68B5, 0x688F, 0x6874, 0x6877, 0x6893, 0x686B, 0x68C2, 0x696E, 0x68FC, 0x691F, 0x6920, 0x68F9,
	0x6924, 0x68F0, 0x690B, 0x6901, 0x6957, 0x68E3, 0x6910, 0x6971, 0x6939, 0x6960, 0x6942, 0x695D,
	0x6984, 0x696B, 0x6980, 0x6998, 0x6978, 0x6934, 0x69CC, 0x6987, 0x6988, 0x69CE, 0x6989, 0x6966,
	0x6963, 0x6979, 0x699B, 0x69A7, 0x69BB, 0x69AB, 0x69AD, 0x69D4, 0x69B1, 0x69C1, 0x69CA, 0x69DF,
	0x6995, 0x69E0, 0x698D, 0x69FF, 0x6A2F, 0x69ED, 0x6A17, 0x6A18, 0x6A65, 0x69F2, 0x6A44, 0x6A3E,
	0x6AA0, 0x6A50, 0x6A5B, 0x6A35, 0x6A8E, 0x6A79, 0x6A3D, 0x6A28, 0x6A58, 0x6A7C, 0x6A91, 0x6A90,
	0x6AA9, 0x6A97, 0x6AAB, 0x7337, 0x7352, 0x6B81, 0x6B82, 0x6B87, 0x6B84, 0x6B92, 0x6B93, 0x6B8D,
	0x6B9A, 0x6B9B, 0x6BA1, 0x6BAA, 0x8F6B, 0x8F6D, 0x8F71, 0x8F72, 0x8F73, 0x8F75, 0x8F76, 0x8F78,
	0x8F77, 0x8F79, 0x8F7A, 0x8F7C, 0x8F7E, 0x8F81, 0x8F82, 0x8F84, 0x8F87, 0x8F8B, 0x8F8D, 0x8F8E,
	0x8F8F, 0x8F98, 0x8F9A, 0x8ECE, 0x620B, 0x6217, 0x621B, 0x621F, 0x6222, 0x6221, 0x6225, 0x6224,
	0x622C, 0x81E7, 0x74EF, 0x74F4, 0x74FF, 0x750F, 0x7511, 0x7513, 0x6534, 0x65EE, 0x65EF, 0x65F0,
	0x660A, 0x6619, 0x6772, 0x6603, 0x6615, 0x6600, 0x7085, 0x66F7, 0x661D, 0x6634, 0x6631, 0x6636,
	0x6635, 0x8006, 0x665F, 0x6654, 0x6641, 0x664F, 0x6656, 0x6661, 0x6657, 0x6677, 0x6684, 0x668C,
	0x66A7, 0x669D, 0x66BE, 0x66DB, 0x66DC, 0x66E6, 0x66E9, 0x8D32, 0x8D33, 0x8D36, 0x8D3B, 0x8D3D,
	0x8D40, 0x8D45, 0x8D46, 0x8D48, 0x8D49, 0x8D47, 0x8D4D, 0x8D55, 0x8D59, 0x89C7, 0x89CA, 0x89CB,
	0x89CC, 0x89CE, 0x89CF, 0x89D0, 0x89D1, 0x726E, 0x729F, 0x725D, 0x7266, 0x726F, 0x727E, 0x727F,
	0x7284, 0x728B, 0x728D, 0x728F, 0x7292, 0x6308, 0x6332, 0x63B0, 0x643F, 0x64D8, 0x8004, 0x6BEA,
	0x6BF3, 0x6BFD, 0x6BF5, 0x6BF9, 0x6C05, 0x6C07, 0x6C06, 0x6C0D, 0x6C15, 0x6C18, 0x6C19, 0x6C1A,
	0x6C21, 0x6C29, 0x6C24, 0x6C2A, 0x6C32, 0x6535, 0x6555, 0x656B, 0x724D, 0x7252, 0x7256, 0x7230,
	0x8662, 0x5216, 0x809F, 0x809C, 0x8093, 0x80BC, 0x670A, 0x80BD, 0x80B1, 0x80AB, 0x80AD, 0x80B4,
	0x80B7, 0x80E7, 0x80E8, 0x80E9, 0x80EA, 0x80DB, 0x80C2, 0x80C4, 0x80D9, 0x80CD, 0x80D7, 0x6710,
	0x80DD, 0x80EB, 0x80F1, 0x80F4, 0x80ED, 0x810D, 0x810E, 0x80F2, 0x80FC, 0x6715, 0x8112, 0x8C5A,
	0x8136, 0x811E, 0x812C, 0x8118, 0x8132, 0x8148, 0x814C, 0x8153, 0x8174, 0x8159, 0x815A, 0x8171,
	0x8160, 0x8169, 0x817C, 0x817D, 0x816D, 0x8167, 0x584D, 0x5AB5, 0x8188, 0x8182, 0x8191, 0x6ED5,
	0x81A3, 0x81AA, 0x81CC, 0x6726, 0x81CA, 0x81BB, 0x81C1, 0x81A6, 0x6B24, 0x6B37, 0x6B39, 0x6B43,
	0x6B46, 0x6B59, 0x98D1, 0x98D2, 0x98D3, 0x98D5, 0x98D9, 0x98DA, 0x6BB3, 0x5F40, 0x6BC2, 0x89F3,
	0x6590, 0x9F51, 0x6593, 0x65BC, 0x65C6, 0x65C4, 0x65C3, 0x65CC, 0x65CE, 0x65D2, 0x65D6, 0x7080,
	0x709C, 0x7096, 0x709D, 0x70BB, 0x70C0, 0x70B7, 0x70AB, 0x70B1, 0x70E8, 0x70CA, 0x7110, 0x7113,
	0x7116, 0x712F, 0x7131, 0x7173, 0x715C, 0x7168, 0x7145, 0x7172, 0x714A, 0x7178, 0x717A, 0x7198,
	0x71B3, 0x71B5, 0x71A8, 0x71A0, 0x71E0, 0x71D4, 0x71E7, 0x71F9, 0x721D, 0x7228, 0x706C, 0x7118,
	0x7166, 0x71B9, 0x623E, 0x623D, 0x6243, 0x6248, 0x6249, 0x793B, 0x7940, 0x7946, 0x7949, 0x795B,
	0x795C, 0x7953, 0x795A, 0x7962, 0x7957, 0x7960, 0x796F, 0x7967, 0x797A, 0x7985, 0x798A, 0x799A,
	0x79A7, 0x79B3, 0x5FD1, 0x5FD0, 0x603C, 0x605D, 0x605A, 0x6067, 0x6041, 0x6059, 0x6063, 0x60AB,
	0x6106, 0x610D, 0x615D, 0x61A9, 0x619D, 0x61CB, 0x61D1, 0x6206, 0x8080, 0x807F, 0x6C93, 0x6CF6,
	0x6DFC, 0x77F6, 0x77F8, 0x7800, 0x7809, 0x7817, 0x7818, 0x7811, 0x65AB, 0x782D, 0x781C, 0x781D,
	0x7839, 0x783A, 0x783B, 0x781F, 0x783C, 0x7825, 0x782C, 0x7823, 0x7829, 0x784E, 0x786D, 0x7856,
	0x7857, 0x7826, 0x7850, 0x7847, 0x784C, 0x786A, 0x789B, 0x7893, 0x789A, 0x7887, 0x789C, 0x78A1,
	0x78A3, 0x78B2, 0x78B9, 0x78A5, 0x78D4, 0x78D9, 0x78C9, 0x78EC, 0x78F2, 0x7905, 0x78F4, 0x7913,
	0x7924, 0x791E, 0x7934, 0x9F9B, 0x9EF9, 0x9EFB, 0x9EFC, 0x76F1, 0x7704, 0x770D, 0x76F9, 0x7707,
	0x7708, 0x771A, 0x7722, 0x7719, 0x772D, 0x7726, 0x7735, 0x7738, 0x7750, 0x7751, 0x7747, 0x7743,
	0x775A, 0x7768, 0x7762, 0x7765, 0x777F, 0x778D, 0x777D, 0x7780, 0x778C, 0x7791, 0x779F, 0x77A0,
	0x77B0, 0x77B5, 0x77BD, 0x753A, 0x7540, 0x754E, 0x754B, 0x7548, 0x755B, 0x7572, 0x7579, 0x7583,
	0x7F58, 0x7F61, 0x7F5F, 0x8A48, 0x7F68, 0x7F74, 0x7F71, 0x7F79, 0x7F81, 0x7F7E, 0x76CD, 0x76E5,
	0x8832, 0x9485, 0x9486, 0x9487, 0x948B, 0x948A, 0x948C, 0x948D, 0x948F, 0x9490, 0x9494, 0x9497,
	0x9495, 0x949A, 0x949B, 0x949C, 0x94A3, 0x94A4, 0x94AB, 0x94AA, 0x94AD, 0x94AC, 0x94AF, 0x94B0,
	0x94B2, 0x94B4, 0x94B6, 0x94B7, 0x94B8, 0x94B9, 0x94BA, 0x94BC, 0x94BD, 0x94BF, 0x94C4, 0x94C8,
	0x94C9, 0x94CA, 0x94CB, 0x94CC, 0x94CD, 0x94CE, 0x94D0, 0x94D1, 0x94D2, 0x94D5, 0x94D6, 0x94D7,
	0x94D9, 0x94D8, 0x94DB, 0x94DE, 0x94DF, 0x94E0, 0x94E2, 0x94E4, 0x94E5, 0x94E7, 0x94E8, 0x94EA,
	0x94E9, 0x94EB, 0x94EE, 0x94EF, 0x94F3, 0x94F4, 0x94F5, 0x94F7, 0x94F9, 0x94FC, 0x94FD, 0x94FF,
	0x9503, 0x9502, 0x9506, 0x9507, 0x9509, 0x950A, 0x950D, 0x950E, 0x950F, 0x9512, 0x9513, 0x9514,
	0x9515, 0x9516, 0x9518, 0x951B, 0x951D, 0x951E, 0x951F, 0x9522, 0x952A, 0x952B, 0x9529, 0x952C,
	0x9531, 0x9532, 0x9534, 0x9536, 0x9537, 0x9538, 0x953C, 0x953E, 0x953F, 0x9542, 0x9535, 0x9544,
	0x9545, 0x9546, 0x9549, 0x954C, 0x954E, 0x954F, 0x9552, 0x9553, 0x9554, 0x9556, 0x9557, 0x9558,
	0x9559, 0x955B, 0x955E, 0x955F, 0x955D, 0x9561, 0x9562, 0x9564, 0x9565, 0x9566, 0x9567, 0x9568,
	0x9569, 0x956A, 0x956B, 0x956C, 0x956F, 0x9571, 0x9572, 0x9573, 0x953A, 0x77E7, 0x77EC, 0x96C9,
	0x79D5, 0x79ED, 0x79E3, 0x79EB, 0x7A06, 0x5D47, 0x7A03, 0x7A02, 0x7A1E, 0x7A14, 0x7A39, 0x7A37,
	0x7A51, 0x9ECF, 0x99A5, 0x7A70, 0x7688, 0x768E, 0x7693, 0x7699, 0x76A4, 0x74DE, 0x74E0, 0x752C,
	0x9E20, 0x9E22, 0x9E28, 0x9E29, 0x9E2A, 0x9E2B, 0x9E2C, 0x9E32, 0x9E31, 0x9E36, 0x9E38, 0x9E37,
	0x9E39, 0x9E3A, 0x9E3E, 0x9E41, 0x9E42, 0x9E44, 0x9E46, 0x9E47, 0x9E48, 0x9E49, 0x9E4B, 0x9E4C,
	0x9E4E, 0x9E51, 0x9E55, 0x9E57, 0x9E5A, 0x9E5B, 0x9E5C, 0x9E5E, 0x9E63, 0x9E66, 0x9E67, 0x9E68,
	0x9E69, 0x9E6A, 0x9E6B, 0x9E6C, 0x9E71, 0x9E6D, 0x9E73, 0x7592, 0x7594, 0x7596, 0x75A0, 0x759D,
	0x75AC, 0x75A3, 0x75B3, 0x75B4, 0x75B8, 0x75C4, 0x75B1, 0x75B0, 0x75C3, 0x75C2, 0x75D6, 0x75CD,
	0x75E3, 0x75E8, 0x75E6, 0x75E4, 0x75EB, 0x75E7, 0x7603, 0x75F1, 0x75FC, 0x75FF, 0x7610, 0x7600,
	0x7605, 0x760C, 0x7617, 0x760A, 0x7625, 0x7618, 0x7615, 0x7619, 0x761B, 0x763C, 0x7622, 0x7620,
	0x7640, 0x762D, 0x7630, 0x763F, 0x7635, 0x7643, 0x763E, 0x7633, 0x764D, 0x765E, 0x7654, 0x765C,
	0x7656, 0x766B, 0x766F, 0x7FCA, 0x7AE6, 0x7A78, 0x7A79, 0x7A80, 0x7A86, 0x7A88, 0x7A95, 0x7AA6,
	0x7AA0, 0x7AAC, 0x7AA8, 0x7AAD, 0x7AB3, 0x8864, 0x8869, 0x8872, 0x887D, 0x887F, 0x8882, 0x88A2,
	0x88C6, 0x88B7, 0x88BC, 0x88C9, 0x88E2, 0x88CE, 0x88E3, 0x88E5, 0x88F1, 0x891A, 0x88FC, 0x88E8,
	0x88FE, 0x88F0, 0x8921, 0x8919, 0x8913, 0x891B, 0x890A, 0x8934, 0x892B, 0x8936, 0x8941, 0x8966,
	0x897B, 0x758B, 0x80E5, 0x76B2, 0x76B4, 0x77DC, 0x8012, 0x8014, 0x8016, 0x801C, 0x8020, 0x8022,
	0x8025, 0x8026, 0x8027, 0x8029, 0x8028, 0x8031, 0x800B, 0x8035, 0x8043, 0x8046, 0x804D, 0x8052,
	0x8069, 0x8071, 0x8983, 0x9878, 0x9880, 0x9883, 0x9889, 0x988C, 0x988D, 0x988F, 0x9894, 0x989A,
	0x989B, 0x989E, 0x989F, 0x98A1, 0x98A2, 0x98A5, 0x98A6, 0x864D, 0x8654, 0x866C, 0x866E, 0x867F,
	0x867A, 0x867C, 0x867B, 0x86A8, 0x868D, 0x868B, 0x86AC, 0x869D, 0x86A7, 0x86A3, 0x86AA, 0x8693,
	0x86A9, 0x86B6, 0x86C4, 0x86B5, 0x86CE, 0x86B0, 0x86BA, 0x86B1, 0x86AF, 0x86C9, 0x86CF, 0x86B4,
	0x86E9, 0x86F1, 0x86F2, 0x86ED, 0x86F3, 0x86D0, 0x8713, 0x86DE, 0x86F4, 0x86DF, 0x86D8, 0x86D1,
	0x8703, 0x8707, 0x86F8, 0x8708, 0x870A, 0x870D, 0x8709, 0x8723, 0x873B, 0x871E, 0x8725, 0x872E,
	0x871A, 0x873E, 0x8748, 0x8734, 0x8731, 0x8729, 0x8737, 0x873F, 0x8782, 0x8722, 0x877D, 0x877E,
	0x877B, 0x8760, 0x8770, 0x874C, 0x876E, 0x878B, 0x8753, 0x8763, 0x877C, 0x8764, 0x8759, 0x8765,
	0x8793, 0x87AF, 0x87A8, 0x87D2, 0x87C6, 0x8788, 0x8785, 0x87AD, 0x8797, 0x8783, 0x87AB, 0x87E5,
	0x87AC, 0x87B5, 0x87B3, 0x87CB, 0x87D3, 0x87BD, 0x87D1, 0x87C0, 0x87CA, 0x87DB, 0x87EA, 0x87E0,
	0x87EE, 0x8816, 0x8813, 0x87FE, 0x880A, 0x881B, 0x8821, 0x8839, 0x883C, 0x7F36, 0x7F42, 0x7F44,
	0x7F45, 0x8210, 0x7AFA, 0x7AFD, 0x7B08, 0x7B03, 0x7B04, 0x7B15, 0x7B0A, 0x7B2B, 0x7B0F, 0x7B47,
	0x7B38, 0x7B2A, 0x7B19, 0x7B2E, 0x7B31, 0x7B20, 0x7B25, 0x7B24, 0x7B33, 0x7B3E, 0x7B1E, 0x7B58,
	0x7B5A, 0x7B45, 0x7B75, 0x7B4C, 0x7B5D, 0x7B60, 0x7B6E, 0x7B7B, 0x7B62, 0x7B72, 0x7B71, 0x7B90,
	0x7BA6, 0x7BA7, 0x7BB8, 0x7BAC, 0x7B9D, 0x7BA8, 0x7B85, 0x7BAA, 0x7B9C, 0x7BA2, 0x7BAB, 0x7BB4,
	0x7BD1, 0x7BC1, 0x7BCC, 0x7BDD, 0x7BDA, 0x7BE5, 0x7BE6, 0x7BEA, 0x7C0C, 0x7BFE, 0x7BFC, 0x7C0F,
	0x7C16, 0x7C0B, 0x7C1F, 0x7C2A, 0x7C26, 0x7C38, 0x7C41, 0x7C40, 0x81FE, 0x8201, 0x8202, 0x8204,
	0x81EC, 0x8844, 0x8221, 0x8222, 0x8223, 0x822D, 0x822F, 0x8228, 0x822B, 0x8238, 0x823B, 0x8233,
	0x8234, 0x823E, 0x8244, 0x8249, 0x824B, 0x824F, 0x825A, 0x825F, 0x8268, 0x887E, 0x8885, 0x8888,
	0x88D8, 0x88DF, 0x895E, 0x7F9D, 0x7F9F, 0x7FA7, 0x7FAF, 0x7FB0, 0x7FB2, 0x7C7C, 0x6549, 0x7C91,
	0x7C9D, 0x7C9C, 0x7C9E, 0x7CA2, 0x7CB2, 0x7CBC, 0x7CBD, 0x7CC1, 0x7CC7, 0x7CCC, 0x7CCD, 0x7CC8,
	0x7CC5, 0x7CD7, 0x7CE8, 0x826E, 0x66A8, 0x7FBF, 0x7FCE, 0x7FD5, 0x7FE5, 0x7FE1, 0x7FE6, 0x7FE9,
	0x7FEE, 0x7FF3, 0x7CF8, 0x7D77, 0x7DA6, 0x7DAE, 0x7E47, 0x7E9B, 0x9EB8, 0x9EB4, 0x8D73, 0x8D84,
	0x8D94, 0x8D91, 0x8DB1, 0x8D67, 0x8D6D, 0x8C47, 0x8C49, 0x914A, 0x9150, 0x914E, 0x914F, 0x9164,
	0x9162, 0x9161, 0x9170, 0x9169, 0x916F, 0x917D, 0x917E, 0x9172, 0x9174, 0x9179, 0x918C, 0x9185,
	0x9190, 0x918D, 0x9191, 0x91A2, 0x91A3, 0x91AA, 0x91AD, 0x91AE, 0x91AF, 0x91B5, 0x91B4, 0x91BA,
	0x8C55, 0x9E7E, 0x8DB8, 0x8DEB, 0x8E05, 0x8E59, 0x8E69, 0x8DB5, 0x8DBF, 0x8DBC, 0x8DBA, 0x8DC4,
	0x8DD6, 0x8DD7, 0x8DDA, 0x8DDE, 0x8DCE, 0x8DCF, 0x8DDB, 0x8DC6, 0x8DEC, 0x8DF7, 0x8DF8, 0x8DE3,
	0x8DF9, 0x8DFB, 0x8DE4, 0x8E09, 0x8DFD, 0x8E14, 0x8E1D, 0x8E1F, 0x8E2C, 0x8E2E, 0x8E23, 0x8E2F,
	0x8E3A, 0x8E40, 0x8E39, 0x8E35, 0x8E3D, 0x8E31, 0x8E49, 0x8E41, 0x8E42, 0x8E51, 0x8E52, 0x8E4A,
	0x8E70, 0x8E76, 0x8E7C, 0x8E6F, 0x8E74, 0x8E85, 0x8E8F, 0x8E94, 0x8E90, 0x8E9C, 0x8E9E, 0x8C78,
	0x8C82, 0x8C8A, 0x8C85, 0x8C98, 0x8C94, 0x659B, 0x89D6, 0x89DE, 0x89DA, 0x89DC, 0x89E5, 0x89EB,
	0x89EF, 0x8A3E, 0x8B26, 0x9753, 0x96E9, 0x96F3, 0x96EF, 0x9706, 0x9701, 0x9708, 0x970F, 0x970E,
	0x972A, 0x972D, 0x9730, 0x973E, 0x9F80, 0x9F83, 0x9F85, 0x9F86, 0x9F87, 0x9F88, 0x9F89, 0x9F8A,
	0x9F8C, 0x9EFE, 0x9F0B, 0x9F0D, 0x96B9, 0x96BC, 0x96BD, 0x96CE, 0x96D2, 0x77BF, 0x96E0, 0x928E,
	0x92AE, 0x92C8, 0x933E, 0x936A, 0x93CA, 0x938F, 0x943E, 0x946B, 0x9C7F, 0x9C82, 0x9C85, 0x9C86,
	0x9C87, 0x9C88, 0x7A23, 0x9C8B, 0x9C8E, 0x9C90, 0x9C91, 0x9C92, 0x9C94, 0x9C95, 0x9C9A, 0x9C9B,
	0x9C9E, 0x9C9F, 0x9CA0, 0x9CA1, 0x9CA2, 0x9CA3, 0x9CA5, 0x9CA6, 0x9CA7, 0x9CA8, 0x9CA9, 0x9CAB,
	0x9CAD, 0x9CAE, 0x9CB0, 0x9CB1, 0x9CB2, 0x9CB3, 0x9CB4, 0x9CB5, 0x9CB6, 0x9CB7, 0x9CBA, 0x9CBB,
	0x9CBC, 0x9CBD, 0x9CC4, 0x9CC5, 0x9CC6, 0x9CC7, 0x9CCA, 0x9CCB, 0x9CCC, 0x9CCD, 0x9CCE, 0x9CCF,
	0x9CD0, 0x9CD3, 0x9CD4, 0x9CD5, 0x9CD7, 0x9CD8, 0x9CD9, 0x9CDC, 0x9CDD, 0x9CDF, 0x9CE2, 0x977C,
	0x9785, 0x9791, 0x9792, 0x9794, 0x97AF, 0x97AB, 0x97A3, 0x97B2, 0x97B4, 0x9AB1, 0x9AB0, 0x9AB7,
	0x9E58, 0x9AB6, 0x9ABA, 0x9ABC, 0x9AC1, 0x9AC0, 0x9AC5, 0x9AC2, 0x9ACB, 0x9ACC, 0x9AD1, 0x9B45,
	0x9B43, 0x9B47, 0x9B49, 0x9B48, 0x9B4D, 0x9B51, 0x98E8, 0x990D, 0x992E, 0x9955, 0x9954, 0x9ADF,
	0x9AE1, 0x9AE6, 0x9AEF, 0x9AEB, 0x9AFB, 0x9AED, 0x9AF9, 0x9B08, 0x9B0F, 0x9B13, 0x9B1F, 0x9B23,
	0x9EBD, 0x9EBE, 0x7E3B, 0x9E82, 0x9E87, 0x9E88, 0x9E8B, 0x9E92, 0x93D6, 0x9E9D, 0x9E9F, 0x9EDB,
	0x9EDC, 0x9EDD, 0x9EE0, 0x9EDF, 0x9EE2, 0x9EE9, 0x9EE7, 0x9EE5, 0x9EEA, 0x9EEF, 0x9F22, 0x9F2C,
	0x9F2F, 0x9F39, 0x9F37, 0x9F3D, 0x9F3E, 0x9F44, 0x0000, 0x0000, 0x0000, 0x0000, 0x0000, 0x0000,
	0x0000, 0x0000, 0x0000, 0x0000, 0x0000, 0x0000, 0x0000, 0x0000, 0x0000, 0x0000, 0x0000, 0x0000,
	0x0000, 0x0000, 0x0000, 0x0000, 0x0000, 0x0000, 0x0000, 0x0000, 0x0000, 0x0000, 0x0000, 0x0000,
	0x0000, 0x0000, 0x0000, 0x0000, 0x0000, 0x0000, 0x0000, 0x0000, 0x0000, 0x0000, 0x0000, 0x0000,
	0x0000, 0x0000, 0x0000, 0x0000, 0x0000, 0x0000, 0x0000, 0x0000, 0x0000, 0x0000, 0x0000, 0x0000,
	0x0000, 0x0000, 0x0000, 0x0000, 0x0000, 0x0000, 0x0000, 0x0000, 0x0000, 0x0000, 0x0000, 0x0000,
	0x0000, 0x0000, 0x0000, 0x0000, 0x0000, 0x0000, 0x0000, 0x0000, 0x0000, 0x0000, 0x0000, 0x0000,
	0x0000, 0x0000, 0x0000, 0x0000, 0x0000, 0x0000, 0x0000, 0x0000, 0x0000, 0x0000, 0x0000, 0x0000,
	0x0000, 0x0000, 0x0000, 0x0000, 0x0000, 0x0000, 0x0000, 0x0000, 0x0000, 0x0000, 0x0000, 0x0000,
	0x0000, 0x0000, 0x0000, 0x0000, 0x0000, 0x0000, 0x0000, 0x0000, 0x0000, 0x0000, 0x0000, 0x0000,
	0x0000, 0x0000, 0x0000, 0x0000, 0x0000, 0x0000, 0x0000, 0x0000, 0x0000, 0x0000, 0x0000, 0x0000,
	0x0000, 0x0000, 0x0000, 0x0000, 0x0000, 0x0000, 0x0000, 0x0000, 0x0000, 0x0000, 0x0000, 0x0000,
	0x0000, 0x0000, 0x0000, 0x0000, 0x0000, 0x0000, 0x0000, 0x0000, 0x0000, 0x0000, 0x0000, 0x0000,
	0x0000, 0x0000, 0x0000, 0x0000, 0x0000, 0x0000, 0x0000, 0x0000, 0x0000, 0x0000, 0x0000, 0x0000,
	0x0000, 0x0000, 0x0000, 0x0000, 0x0000, 0x0000, 0x0000, 0x0000, 0x0000, 0x0000, 0x0000, 0x0000,
	0x0000, 0x0000, 0x0000, 0x0000, 0x0000, 0x0000, 0x0000, 0x0000, 0x0000, 0x0000, 0x0000, 0x0000,
	0x0000, 0x0000, 0x0000, 0x0000, 0x0000, 0x0000, 0x0000, 0x0000, 0x0000, 0x0000, 0x0000, 0x0000,
	0x0000, 0x0000, 0x0000, 0x0000, 0x0000, 0x0000, 0x0000, 0x0000, 0x0000, 0x0000, 0x0000, 0x0000,
	0x0000, 0x0000, 0x0000, 0x0000, 0x0000, 0x0000, 0x0000, 0x0000, 0x0000, 0x0000, 0x0000, 0x0000,
	0x0000, 0x0000, 0x0000, 0x0000, 0x0000, 0x0000, 0x0000, 0x0000, 0x0000, 0x0000, 0x0000, 0x0000,
	0x0000, 0x0000, 0x0000, 0x0000, 0x0000, 0x0000, 0x0000, 0x0000, 0x0000, 0x0000, 0x0000, 0x0000,
	0x0000, 0x0000, 0x0000, 0x0000, 0x0000, 0x0000, 0x0000, 0x0000, 0x0000, 0x0000, 0x0000, 0x0000,
	0x0000, 0x0000, 0x0000, 0x0000, 0x0000, 0x0000, 0x0000, 0x0000, 0x0000, 0x0000, 0x0000, 0x0000,
	0x0000, 0x0000, 0x0000, 0x0000, 0x0000, 0x0000, 0x0000, 0x0000, 0x0000, 0x0000, 0x0000, 0x0000,
	0x0000, 0x0000, 0x0000, 0x0000, 0x0000, 0x0000, 0x0000, 0x0000, 0x0000, 0x0000, 0x0000, 0x0000,
	0x0000, 0x0000, 0x0000, 0x0000, 0x0000, 0x0000, 0x0000, 0x0000, 0x0000, 0x0000, 0x0000, 0x0000,
	0x0000, 0x0000, 0x0000, 0x0000, 0x0000, 0x0000, 0x0000, 0x0000, 0x0000, 0x0000, 0x0000, 0x0000,
	0x0000, 0x0000, 0x0000, 0x0000, 0x0000, 0x0000, 0x0000, 0x0000, 0x0000, 0x0000, 0x0000, 0x0000,
	0x0000, 0x0000, 0x0000, 0x0000, 0x0000, 0x0000, 0x0000, 0x0000, 0x0000, 0x0000, 0x0000, 0x0000,
	0x0000, 0x0000, 0x0000, 0x0000, 0x0000, 0x0000, 0x0000, 0x0000, 0x0000, 0x0000, 0x0000, 0x0000,
	0x0000, 0x0000, 0x0000, 0x0000, 0x0000, 0x0000, 0x0000, 0x0000, 0x0000, 0x0000, 0x0000, 0x0000,
	0x0000, 0x0000, 0x0000, 0x0000, 0x0000, 0x0000, 0x0000, 0x0000, 0x0000, 0x0000, 0x0000, 0x0000,
	0x0000, 0x0000, 0x0000, 0x0000, 0x0000, 0x0000, 0x0000, 0x0000, 0x0000, 0x0000, 0x0000, 0x0000,
	0x0000, 0x0000, 0x0000, 0x0000, 0x0000, 0x0000, 0x0000, 0x0000, 0x0000, 0x0000, 0x0000, 0x0000,
	0x0000, 0x0000, 0x0000, 0x0000, 0x0000, 0x0000, 0x0000, 0x0000, 0x0000, 0x0000, 0x0000, 0x0000,
	0x0000, 0x0000, 0x0000, 0x0000, 0x0000, 0x0000, 0x0000, 0x0000, 0x0000, 0x0000, 0x0000, 0x0000,
	0x0000, 0x0000, 0x0000, 0x0000, 0x0000, 0x0000, 0x0000, 0x0000, 0x0000, 0x0000, 0x0000, 0x0000,
	0x0000, 0x0000, 0x0000, 0x0000, 0x0000, 0x0000, 0x0000, 0x0000, 0x0000, 0x0000, 0x0000, 0x0000,
	0x0000, 0x0000, 0x0000, 0x0000, 0x0000, 0x0000, 0x0000, 0x0000, 0x0000, 0x0000, 0x0000, 0x0000,
	0x0000, 0x0000, 0x0000, 0x0000, 0x0000, 0x0000, 0x0000, 0x0000, 0x0000, 0x0000, 0x0000, 0x0000,
	0x0000, 0x0000, 0x0000, 0x0000, 0x0000, 0x0000, 0x0000, 0x0000, 0x0000, 0x0000, 0x0000, 0x0000,
	0x0000, 0x0000, 0x0000, 0x0000, 0x0000, 0x0000, 0x0000, 0x0000, 0x0000, 0x0000, 0x0000, 0x0000,
	0x0000, 0x0000, 0x0000, 0x0000, 0x0000, 0x0000, 0x0000, 0x0000, 0x0000, 0x0000, 0x0000, 0x0000,
	0x0000, 0x0000, 0x0000, 0x0000, 0x0000, 0x0000, 0x0000, 0x0000, 0x0000, 0x0000, 0x0000, 0x0000,
	0x0000, 0x0000, 0x0000, 0x0000, 0x0000, 0x0000, 0x0000, 0x0000, 0x0000, 0x0000, 0x0000, 0x0000,
	0x0000, 0x0000, 0x0000, 0x0000, 0x0000, 0x0000, 0x0000, 0x0000, 0x0000, 0x0000, 0x0000, 0x0000,
	0x0000, 0x0000, 0x0000, 0x0000, 0x0000, 0x0000, 0x0000, 0x0000, 0x0000, 0x0000, 0x0000, 0x0000,
	0x0000, 0x0000, 0x0000, 0x0000, 0x0000, 0x0000, 0x0000, 0x0000, 0x0000, 0x0000, 0x0000, 0x0000,
	0x0000, 0x0000, 0x0000, 0x0000, 0x0000, 0x0000, 0x0000, 0x0000, 0x0000, 0x0000, 0x0000, 0x0000,
	0x0000, 0x0000, 0x0000, 0x0000, 0x0000, 0x0000, 0x0000, 0x0000, 0x0000, 0x0000, 0x0000, 0x0000,
	0x0000, 0x0000, 0x0000, 0x0000, 0x0000, 0x0000, 0x0000, 0x0000, 0x0000, 0x0000, 0x0000, 0x0000,
	0x0000, 0x0000, 0x0000, 0x0000, 0x0000, 0x0000, 0x0000, 0x0000, 0x0000, 0x0000, 0x0000, 0x0000,
	0x0000, 0x0000, 0x0000, 0x0000, 0x0000, 0x0000, 0x0000, 0x0000, 0x0000, 0x0000, 0x0000, 0x0000,
	0x0000, 0x0000, 0x0000, 0x0000, 0x0000, 0x0000, 0x0000, 0x0000, 0x0000, 0x0000, 0x0000, 0x0000,
	0x0000, 0x0000, 0x0000, 0x0000, 0x0000, 0x0000, 0x0000, 0x0000, 0x0000, 0x0000, 0x0000, 0x0000,
	0x0000, 0x0000, 0x0000, 0x0000,
};

/* zone D: KS X 1001, at (first - B7) * 126 + second - 80 */
const UH bpk_tron_zd[94 * 94] = {
	0x3000, 0x3001, 0x3002, 0x00B7, 0x2025, 0x2026, 0x00A8, 0x3003, 0x00AD, 0x2015, 0x2225, 0xFF3C,
	0x223C, 0x2018, 0x2019, 0x201C, 0x201D, 0x3014, 0x3015, 0x3008, 0x3009, 0x300A, 0x300B, 0x300C,
	0x300D, 0x300E, 0x300F, 0x3010, 0x3011, 0x00B1, 0x00D7, 0x00F7, 0x2260, 0x2264, 0x2265, 0x221E,
	0x2234, 0x00B0, 0x2032, 0x2033, 0x2103, 0x212B, 0xFFE0, 0xFFE1, 0xFFE5, 0x2642, 0x2640, 0x2220,
	0x22A5, 0x2312, 0x2202, 0x2207, 0x2261, 0x2252, 0x00A7, 0x203B, 0x2606, 0x2605, 0x25CB, 0x25CF,
	0x25CE, 0x25C7, 0x25C6, 0x25A1, 0x25A0, 0x25B3, 0x25B2, 0x25BD, 0x25BC, 0x2192, 0x2190, 0x2191,
	0x2193, 0x2194, 0x3013, 0x226A, 0x226B, 0x221A, 0x223D, 0x221D, 0x2235, 0x222B, 0x222C, 0x2208,
	0x220B, 0x2286, 0x2287, 0x2282, 0x2283, 0x222A, 0x2229, 0x2227, 0x2228, 0xFFE2, 0x21D2, 0x21D4,
	0x2200, 0x2203, 0x00B4, 0xFF5E, 0x02C7, 0x02D8, 0x02DD, 0x02DA, 0x02D9, 0x00B8, 0x02DB, 0x00A1,
	0x00BF, 0x02D0, 0x222E, 0x2211, 0x220F, 0x00A4, 0x2109, 0x2030, 0x25C1, 0x25C0, 0x25B7, 0x25B6,
	0x2664, 0x2660, 0x2661, 0x2665, 0x2667, 0x2663, 0x2299, 0x25C8, 0x25A3, 0x25D0, 0x25D1, 0x2592,
	0x25A4, 0x25A5, 0x25A8, 0x25A7, 0x25A6, 0x25A9, 0x2668, 0x260F, 0x260E, 0x261C, 0x261E, 0x00B6,
	0x2020, 0x2021, 0x2195, 0x2197, 0x2199, 0x2196, 0x2198, 0x266D, 0x2669, 0x266A, 0x266C, 0x327F,
	0x321C, 0x2116, 0x33C7, 0x2122, 0x33C2, 0x33D8, 0x2121, 0x20AC, 0x00AE, 0x0000, 0x0000, 0x0000,
	0x0000, 0x0000, 0x0000, 0x0000, 0x0000, 0x0000, 0x0000, 0x0000, 0x0000, 0x0000, 0x0000, 0x0000,
	0x0000, 0x0000, 0x0000, 0x0000, 0x0000, 0x0000, 0x0000, 0x0000, 0xFF01, 0xFF02, 0xFF03, 0xFF04,
	0xFF05, 0xFF06, 0xFF07, 0xFF08, 0xFF09, 0xFF0A, 0xFF0B, 0xFF0C, 0xFF0D, 0xFF0E, 0xFF0F, 0xFF10,
	0xFF11, 0xFF12, 0xFF13, 0xFF14, 0xFF15, 0xFF16, 0xFF17, 0xFF18, 0xFF19, 0xFF1A, 0xFF1B, 0xFF1C,
	0xFF1D, 0xFF1E, 0xFF1F, 0xFF20, 0xFF21, 0xFF22, 0xFF23, 0xFF24, 0xFF25, 0xFF26, 0xFF27, 0xFF28,
	0xFF29, 0xFF2A, 0xFF2B, 0xFF2C, 0xFF2D, 0xFF2E, 0xFF2F, 0xFF30, 0xFF31, 0xFF32, 0xFF33, 0xFF34,
	0xFF35, 0xFF36, 0xFF37, 0xFF38, 0xFF39, 0xFF3A, 0xFF3B, 0xFFE6, 0xFF3D, 0xFF3E, 0xFF3F, 0xFF40,
	0xFF41, 0xFF42, 0xFF43, 0xFF44, 0xFF45, 0xFF46, 0xFF47, 0xFF48, 0xFF49, 0xFF4A, 0xFF4B, 0xFF4C,
	0xFF4D, 0xFF4E, 0xFF4F, 0xFF50, 0xFF51, 0xFF52, 0xFF53, 0xFF54, 0xFF55, 0xFF56, 0xFF57, 0xFF58,
	0xFF59, 0xFF5A, 0xFF5B, 0xFF5C, 0xFF5D, 0xFFE3, 0x3131, 0x3132, 0x3133, 0x3134, 0x3135, 0x3136,
	0x3137, 0x3138, 0x3139, 0x313A, 0x313B, 0x313C, 0x313D, 0x313E, 0x313F, 0x3140, 0x3141, 0x3142,
	0x3143, 0x3144, 0x3145, 0x3146, 0x3147, 0x3148, 0x3149, 0x314A, 0x314B, 0x314C, 0x314D, 0x314E,
	0x314F, 0x3150, 0x3151, 0x3152, 0x3153, 0x3154, 0x3155, 0x3156, 0x3157, 0x3158, 0x3159, 0x315A,
	0x315B, 0x315C, 0x315D, 0x315E, 0x315F, 0x3160, 0x3161, 0x3162, 0x3163, 0x0000, 0x3165, 0x3166,
	0x3167, 0x3168, 0x3169, 0x316A, 0x316B, 0x316C, 0x316D, 0x316E, 0x316F, 0x3170, 0x3171, 0x3172,
	0x3173, 0x3174, 0x3175, 0x3176, 0x3177, 0x3178, 0x3179, 0x317A, 0x317B, 0x317C, 0x317D, 0x317E,
	0x317F, 0x3180, 0x3181, 0x3182, 0x3183, 0x3184, 0x3185, 0x3186, 0x3187, 0x3188, 0x3189, 0x318A,
	0x318B, 0x318C, 0x318D, 0x318E, 0x2170, 0x2171, 0x2172, 0x2173, 0x2174, 0x2175, 0x2176, 0x2177,
	0x2178, 0x2179, 0x0000, 0x0000, 0x0000, 0x0000, 0x0000, 0x2160, 0x2161, 0x2162, 0x2163, 0x2164,
	0x2165, 0x2166, 0x2167, 0x2168, 0x2169, 0x0000, 0x0000, 0x0000, 0x0000, 0x0000, 0x0000, 0x0000,
	0x0391, 0x0392, 0x0393, 0x0394, 0x0395, 0x0396, 0x0397, 0x0398, 0x0399, 0x039A, 0x039B, 0x039C,
	0x039D, 0x039E, 0x039F, 0x03A0, 0x03A1, 0x03A3, 0x03A4, 0x03A5, 0x03A6, 0x03A7, 0x03A8, 0x03A9,
	0x0000, 0x0000, 0x0000, 0x0000, 0x0000, 0x0000, 0x0000, 0x0000, 0x03B1, 0x03B2, 0x03B3, 0x03B4,
	0x03B5, 0x03B6, 0x03B7, 0x03B8, 0x03B9, 0x03BA, 0x03BB, 0x03BC, 0x03BD, 0x03BE, 0x03BF, 0x03C0,
	0x03C1, 0x03C3, 0x03C4, 0x03C5, 0x03C6, 0x03C7, 0x03C8, 0x03C9, 0x0000, 0x0000, 0x0000, 0x0000,
	0x0000, 0x0000, 0x2500, 0x2502, 0x250C, 0x2510, 0x2518, 0x2514, 0x251C, 0x252C, 0x2524, 0x2534,
	0x253C, 0x2501, 0x2503, 0x250F, 0x2513, 0x251B, 0x2517, 0x2523, 0x2533, 0x252B, 0x253B, 0x254B,
	0x2520, 0x252F, 0x2528, 0x2537, 0x253F, 0x251D, 0x2530, 0x2525, 0x2538, 0x2542, 0x2512, 0x2511,
	0x251A, 0x2519, 0x2516, 0x2515, 0x250E, 0x250D, 0x251E, 0x251F, 0x2521, 0x2522, 0x2526, 0x2527,
	0x2529, 0x252A, 0x252D, 0x252E, 0x2531, 0x2532, 0x2535, 0x2536, 0x2539, 0x253A, 0x253D, 0x253E,
	0x2540, 0x2541, 0x2543, 0x2544, 0x2545, 0x2546, 0x2547, 0x2548, 0x2549, 0x254A, 0x0000, 0x0000,
	0x0000, 0x0000, 0x0000, 0x0000, 0x0000, 0x0000, 0x0000, 0x0000, 0x0000, 0x0000, 0x0000, 0x0000,
	0x0000, 0x0000, 0x0000, 0x0000, 0x0000, 0x0000, 0x0000, 0x0000, 0x0000, 0x0000, 0x0000, 0x0000,
	0x3395, 0x3396, 0x3397, 0x2113, 0x3398, 0x33C4, 0x33A3, 0x33A4, 0x33A5, 0x33A6, 0x3399, 0x339A,
	0x339B, 0x339C, 0x339D, 0x339E, 0x339F, 0x33A0, 0x33A1, 0x33A2, 0x33CA, 0x338D, 0x338E, 0x338F,
	0x33CF, 0x3388, 0x3389, 0x33C8, 0x33A7, 0x33A8, 0x33B0, 0x33B1, 0x33B2, 0x33B3, 0x33B4, 0x33B5,
	0x33B6, 0x33B7, 0x33B8, 0x33B9, 0x3380, 0x3381, 0x3382, 0x3383, 0x3384, 0x33BA, 0x33BB, 0x33BC,
	0x33BD, 0x33BE, 0x33BF, 0x3390, 0x3391, 0x3392, 0x3393, 0x3394, 0x2126, 0x33C0, 0x33C1, 0x338A,
	0x338B, 0x338C, 0x33D6, 0x33C5, 0x33AD, 0x33AE, 0x33AF, 0x33DB, 0x33A9, 0x33AA, 0x33AB, 0x33AC,
	0x33DD, 0x33D0, 0x33D3, 0x33C3, 0x33C9, 0x33DC, 0x33C6, 0x0000, 0x0000, 0x0000, 0x0000, 0x0000,
	0x0000, 0x0000, 0x0000, 0x0000, 0x0000, 0x0000, 0x0000, 0x0000, 0x0000, 0x0000, 0x00C6, 0x00D0,
	0x00AA, 0x0126, 0x0000, 0x0132, 0x0000, 0x013F, 0x0141, 0x00D8, 0x0152, 0x00BA, 0x00DE, 0x0166,
	0x014A, 0x0000, 0x3260, 0x3261, 0x3262, 0x3263, 0x3264, 0x3265, 0x3266, 0x3267, 0x3268, 0x3269,
	0x326A, 0x326B, 0x326C, 0x326D, 0x326E, 0x326F, 0x3270, 0x3271, 0x3272, 0x3273, 0x3274, 0x3275,
	0x3276, 0x3277, 0x3278, 0x3279, 0x327A, 0x327B, 0x24D0, 0x24D1, 0x24D2, 0x24D3, 0x24D4, 0x24D5,
	0x24D6, 0x24D7, 0x24D8, 0x24D9, 0x24DA, 0x24DB, 0x24DC, 0x24DD, 0x24DE, 0x24DF, 0x24E0, 0x24E1,
	0x24E2, 0x24E3, 0x24E4, 0x24E5, 0x24E6, 0x24E7, 0x24E8, 0x24E9, 0x2460, 0x2461, 0x2462, 0x2463,
	0x2464, 0x2465, 0x2466, 0x2467, 0x2468, 0x2469, 0x246A, 0x246B, 0x246C, 0x246D, 0x246E, 0x00BD,
	0x2153, 0x2154, 0x00BC, 0x00BE, 0x215B, 0x215C, 0x215D, 0x215E, 0x00E6, 0x0111, 0x00F0, 0x0127,
	0x0131, 0x0133, 0x0138, 0x0140, 0x0142, 0x00F8, 0x0153, 0x00DF, 0x00FE, 0x0167, 0x014B, 0x0149,
	0x3200, 0x3201, 0x3202, 0x3203, 0x3204, 0x3205, 0x3206, 0x3207, 0x3208, 0x3209, 0x320A, 0x320B,
	0x320C, 0x320D, 0x320E, 0x320F, 0x3210, 0x3211, 0x3212, 0x3213, 0x3214, 0x3215, 0x3216, 0x3217,
	0x3218, 0x3219, 0x321A, 0x321B, 0x249C, 0x249D, 0x249E, 0x249F, 0x24A0, 0x24A1, 0x24A2, 0x24A3,
	0x24A4, 0x24A5, 0x24A6, 0x24A7, 0x24A8, 0x24A9, 0x24AA, 0x24AB, 0x24AC, 0x24AD, 0x24AE, 0x24AF,
	0x24B0, 0x24B1, 0x24B2, 0x24B3, 0x24B4, 0x24B5, 0x2474, 0x2475, 0x2476, 0x2477, 0x2478, 0x2479,
	0x247A, 0x247B, 0x247C, 0x247D, 0x247E, 0x247F, 0x2480, 0x2481, 0x2482, 0x00B9, 0x00B2, 0x00B3,
	0x2074, 0x207F, 0x2081, 0x2082, 0x2083, 0x2084, 0x3041, 0x3042, 0x3043, 0x3044, 0x3045, 0x3046,
	0x3047, 0x3048, 0x3049, 0x304A, 0x304B, 0x304C, 0x304D, 0x304E, 0x304F, 0x3050, 0x3051, 0x3052,
	0x3053, 0x3054, 0x3055, 0x3056, 0x3057, 0x3058, 0x3059, 0x305A, 0x305B, 0x305C, 0x305D, 0x305E,
	0x305F, 0x3060, 0x3061, 0x3062, 0x3063, 0x3064, 0x3065, 0x3066, 0x3067, 0x3068, 0x3069, 0x306A,
	0x306B, 0x306C, 0x306D, 0x306E, 0x306F, 0x3070, 0x3071, 0x3072, 0x3073, 0x3074, 0x3075, 0x3076,
	0x3077, 0x3078, 0x3079, 0x307A, 0x307B, 0x307C, 0x307D, 0x307E, 0x307F, 0x3080, 0x3081, 0x3082,
	0x3083, 0x3084, 0x3085, 0x3086, 0x3087, 0x3088, 0x3089, 0x308A, 0x308B, 0x308C, 0x308D, 0x308E,
	0x308F, 0x3090, 0x3091, 0x3092, 0x3093, 0x0000, 0x0000, 0x0000, 0x0000, 0x0000, 0x0000, 0x0000,
	0x0000, 0x0000, 0x0000, 0x0000, 0x30A1, 0x30A2, 0x30A3, 0x30A4, 0x30A5, 0x30A6, 0x30A7, 0x30A8,
	0x30A9, 0x30AA, 0x30AB, 0x30AC, 0x30AD, 0x30AE, 0x30AF, 0x30B0, 0x30B1, 0x30B2, 0x30B3, 0x30B4,
	0x30B5, 0x30B6, 0x30B7, 0x30B8, 0x30B9, 0x30BA, 0x30BB, 0x30BC, 0x30BD, 0x30BE, 0x30BF, 0x30C0,
	0x30C1, 0x30C2, 0x30C3, 0x30C4, 0x30C5, 0x30C6, 0x30C7, 0x30C8, 0x30C9, 0x30CA, 0x30CB, 0x30CC,
	0x30CD, 0x30CE, 0x30CF, 0x30D0, 0x30D1, 0x30D2, 0x30D3, 0x30D4, 0x30D5, 0x30D6, 0x30D7, 0x30D8,
	0x30D9, 0x30DA, 0x30DB, 0x30DC, 0x30DD, 0x30DE, 0x30DF, 0x30E0, 0x30E1, 0x30E2, 0x30E3, 0x30E4,
	0x30E5, 0x30E6, 0x30E7, 0x30E8, 0x30E9, 0x30EA, 0x30EB, 0x30EC, 0x30ED, 0x30EE, 0x30EF, 0x30F0,
	0x30F1, 0x30F2, 0x30F3, 0x30F4, 0x30F5, 0x30F6, 0x0000, 0x0000, 0x0000, 0x0000, 0x0000, 0x0000,
	0x0000, 0x0000, 0x0410, 0x0411, 0x0412, 0x0413, 0x0414, 0x0415, 0x0401, 0x0416, 0x0417, 0x0418,
	0x0419, 0x041A, 0x041B, 0x041C, 0x041D, 0x041E, 0x041F, 0x0420, 0x0421, 0x0422, 0x0423, 0x0424,
	0x0425, 0x0426, 0x0427, 0x0428, 0x0429, 0x042A, 0x042B, 0x042C, 0x042D, 0x042E, 0x042F, 0x0000,
	0x0000, 0x0000, 0x0000, 0x0000, 0x0000, 0x0000, 0x0000, 0x0000, 0x0000, 0x0000, 0x0000, 0x0000,
	0x0000, 0x0000, 0x0430, 0x0431, 0x0432, 0x0433, 0x0434, 0x0435, 0x0451, 0x0436, 0x0437, 0x0438,
	0x0439, 0x043A, 0x043B, 0x043C, 0x043D, 0x043E, 0x043F, 0x0440, 0x0441, 0x0442, 0x0443, 0x0444,
	0x0445, 0x0446, 0x0447, 0x0448, 0x0449, 0x044A, 0x044B, 0x044C, 0x044D, 0x044E, 0x044F, 0x0000,
	0x0000, 0x0000, 0x0000, 0x0000, 0x0000, 0x0000, 0x0000, 0x0000, 0x0000, 0x0000, 0x0000, 0x0000,
	0x0000, 0x0000, 0x0000, 0x0000, 0x0000, 0x0000, 0x0000, 0x0000, 0x0000, 0x0000, 0x0000, 0x0000,
	0x0000, 0x0000, 0x0000, 0x0000, 0x0000, 0x0000, 0x0000, 0x0000, 0x0000, 0x0000, 0x0000, 0x0000,
	0x0000, 0x0000, 0x0000, 0x0000, 0x0000, 0x0000, 0x0000, 0x0000, 0x0000, 0x0000, 0x0000, 0x0000,
	0x0000, 0x0000, 0x0000, 0x0000, 0x0000, 0x0000, 0x0000, 0x0000, 0x0000, 0x0000, 0x0000, 0x0000,
	0x0000, 0x0000, 0x0000, 0x0000, 0x0000, 0x0000, 0x0000, 0x0000, 0x0000, 0x0000, 0x0000, 0x0000,
	0x0000, 0x0000, 0x0000, 0x0000, 0x0000, 0x0000, 0x0000, 0x0000, 0x0000, 0x0000, 0x0000, 0x0000,
	0x0000, 0x0000, 0x0000, 0x0000, 0x0000, 0x0000, 0x0000, 0x0000, 0x0000, 0x0000, 0x0000, 0x0000,
	0x0000, 0x0000, 0x0000, 0x0000, 0x0000, 0x0000, 0x0000, 0x0000, 0x0000, 0x0000, 0x0000, 0x0000,
	0x0000, 0x0000, 0x0000, 0x0000, 0x0000, 0x0000, 0x0000, 0x0000, 0x0000, 0x0000, 0x0000, 0x0000,
	0x0000, 0x0000, 0x0000, 0x0000, 0x0000, 0x0000, 0x0000, 0x0000, 0x0000, 0x0000, 0x0000, 0x0000,
	0x0000, 0x0000, 0x0000, 0x0000, 0x0000, 0x0000, 0x0000, 0x0000, 0x0000, 0x0000, 0x0000, 0x0000,
	0x0000, 0x0000, 0x0000, 0x0000, 0x0000, 0x0000, 0x0000, 0x0000, 0x0000, 0x0000, 0x0000, 0x0000,
	0x0000, 0x0000, 0x0000, 0x0000, 0x0000, 0x0000, 0x0000, 0x0000, 0x0000, 0x0000, 0x0000, 0x0000,
	0x0000, 0x0000, 0x0000, 0x0000, 0x0000, 0x0000, 0x0000, 0x0000, 0x0000, 0x0000, 0x0000, 0x0000,
	0x0000, 0x0000, 0x0000, 0x0000, 0x0000, 0x0000, 0x0000, 0x0000, 0x0000, 0x0000, 0x0000, 0x0000,
	0x0000, 0x0000, 0x0000, 0x0000, 0x0000, 0x0000, 0x0000, 0x0000, 0x0000, 0x0000, 0x0000, 0x0000,
	0x0000, 0x0000, 0x0000, 0x0000, 0x0000, 0x0000, 0x0000, 0x0000, 0x0000, 0x0000, 0x0000, 0x0000,
	0x0000, 0x0000, 0x0000, 0x0000, 0x0000, 0x0000, 0x0000, 0x0000, 0x0000, 0x0000, 0x0000, 0x0000,
	0x0000, 0x0000, 0x0000, 0x0000, 0x0000, 0x0000, 0x0000, 0x0000, 0x0000, 0x0000, 0x0000, 0x0000,
	0x0000, 0x0000, 0x0000, 0x0000, 0x0000, 0x0000, 0x0000, 0x0000, 0x0000, 0x0000, 0x0000, 0x0000,
	0x0000, 0x0000, 0x0000, 0x0000, 0x0000, 0x0000, 0x0000, 0x0000, 0x0000, 0x0000, 0x0000, 0x0000,
	0x0000, 0x0000, 0x0000, 0x0000, 0x0000, 0x0000, 0x0000, 0x0000, 0x0000, 0x0000, 0x0000, 0x0000,
	0x0000, 0x0000, 0x0000, 0x0000, 0x0000, 0x0000, 0x0000, 0x0000, 0x0000, 0x0000, 0x0000, 0x0000,
	0x0000, 0x0000, 0x0000, 0x0000, 0x0000, 0x0000, 0xAC00, 0xAC01, 0xAC04, 0xAC07, 0xAC08, 0xAC09,
	0xAC0A, 0xAC10, 0xAC11, 0xAC12, 0xAC13, 0xAC14, 0xAC15, 0xAC16, 0xAC17, 0xAC19, 0xAC1A, 0xAC1B,
	0xAC1C, 0xAC1D, 0xAC20, 0xAC24, 0xAC2C, 0xAC2D, 0xAC2F, 0xAC30, 0xAC31, 0xAC38, 0xAC39, 0xAC3C,
	0xAC40, 0xAC4B, 0xAC4D, 0xAC54, 0xAC58, 0xAC5C, 0xAC70, 0xAC71, 0xAC74, 0xAC77, 0xAC78, 0xAC7A,
	0xAC80, 0xAC81, 0xAC83, 0xAC84, 0xAC85, 0xAC86, 0xAC89, 0xAC8A, 0xAC8B, 0xAC8C, 0xAC90, 0xAC94,
	0xAC9C, 0xAC9D, 0xAC9F, 0xACA0, 0xACA1, 0xACA8, 0xACA9, 0xACAA, 0xACAC, 0xACAF, 0xACB0, 0xACB8,
	0xACB9, 0xACBB, 0xACBC, 0xACBD, 0xACC1, 0xACC4, 0xACC8, 0xACCC, 0xACD5, 0xACD7, 0xACE0, 0xACE1,
	0xACE4, 0xACE7, 0xACE8, 0xACEA, 0xACEC, 0xACEF, 0xACF0, 0xACF1, 0xACF3, 0xACF5, 0xACF6, 0xACFC,
	0xACFD, 0xAD00, 0xAD04, 0xAD06, 0xAD0C, 0xAD0D, 0xAD0F, 0xAD11, 0xAD18, 0xAD1C, 0xAD20, 0xAD29,
	0xAD2C, 0xAD2D, 0xAD34, 0xAD35, 0xAD38, 0xAD3C, 0xAD44, 0xAD45, 0xAD47, 0xAD49, 0xAD50, 0xAD54,
	0xAD58, 0xAD61, 0xAD63, 0xAD6C, 0xAD6D, 0xAD70, 0xAD73, 0xAD74, 0xAD75, 0xAD76, 0xAD7B, 0xAD7C,
	0xAD7D, 0xAD7F, 0xAD81, 0xAD82, 0xAD88, 0xAD89, 0xAD8C, 0xAD90, 0xAD9C, 0xAD9D, 0xADA4, 0xADB7,
	0xADC0, 0xADC1, 0xADC4, 0xADC8, 0xADD0, 0xADD1, 0xADD3, 0xADDC, 0xADE0, 0xADE4, 0xADF8, 0xADF9,
	0xADFC, 0xADFF, 0xAE00, 0xAE01, 0xAE08, 0xAE09, 0xAE0B, 0xAE0D, 0xAE14, 0xAE30, 0xAE31, 0xAE34,
	0xAE37, 0xAE38, 0xAE3A, 0xAE40, 0xAE41, 0xAE43, 0xAE45, 0xAE46, 0xAE4A, 0xAE4C, 0xAE4D, 0xAE4E,
	0xAE50, 0xAE54, 0xAE56, 0xAE5C, 0xAE5D, 0xAE5F, 0xAE60, 0xAE61, 0xAE65, 0xAE68, 0xAE69, 0xAE6C,
	0xAE70, 0xAE78, 0xAE79, 0xAE7B, 0xAE7C, 0xAE7D, 0xAE84, 0xAE85, 0xAE8C, 0xAEBC, 0xAEBD, 0xAEBE,
	0xAEC0, 0xAEC4, 0xAECC, 0xAECD, 0xAECF, 0xAED0, 0xAED1, 0xAED8, 0xAED9, 0xAEDC, 0xAEE8, 0xAEEB,
	0xAEED, 0xAEF4, 0xAEF8, 0xAEFC, 0xAF07, 0xAF08, 0xAF0D, 0xAF10, 0xAF2C, 0xAF2D, 0xAF30, 0xAF32,
	0xAF34, 0xAF3C, 0xAF3D, 0xAF3F, 0xAF41, 0xAF42, 0xAF43, 0xAF48, 0xAF49, 0xAF50, 0xAF5C, 0xAF5D,
	0xAF64, 0xAF65, 0xAF79, 0xAF80, 0xAF84, 0xAF88, 0xAF90, 0xAF91, 0xAF95, 0xAF9C, 0xAFB8, 0xAFB9,
	0xAFBC, 0xAFC0, 0xAFC7, 0xAFC8, 0xAFC9, 0xAFCB, 0xAFCD, 0xAFCE, 0xAFD4, 0xAFDC, 0xAFE8, 0xAFE9,
	0xAFF0, 0xAFF1, 0xAFF4, 0xAFF8, 0xB000, 0xB001, 0xB004, 0xB00C, 0xB010, 0xB014, 0xB01C, 0xB01D,
	0xB028, 0xB044, 0xB045, 0xB048, 0xB04A, 0xB04C, 0xB04E, 0xB053, 0xB054, 0xB055, 0xB057, 0xB059,
	0xB05D, 0xB07C, 0xB07D, 0xB080, 0xB084, 0xB08C, 0xB08D, 0xB08F, 0xB091, 0xB098, 0xB099, 0xB09A,
	0xB09C, 0xB09F, 0xB0A0, 0xB0A1, 0xB0A2, 0xB0A8, 0xB0A9, 0xB0AB, 0xB0AC, 0xB0AD, 0xB0AE, 0xB0AF,
	0xB0B1, 0xB0B3, 0xB0B4, 0xB0B5, 0xB0B8, 0xB0BC, 0xB0C4, 0xB0C5, 0xB0C7, 0xB0C8, 0xB0C9, 0xB0D0,
	0xB0D1, 0xB0D4, 0xB0D8, 0xB0E0, 0xB0E5, 0xB108, 0xB109, 0xB10B, 0xB10C, 0xB110, 0xB112, 0xB113,
	0xB118, 0xB119, 0xB11B, 0xB11C, 0xB11D, 0xB123, 0xB124, 0xB125, 0xB128, 0xB12C, 0xB134, 0xB135,
	0xB137, 0xB138, 0xB139, 0xB140, 0xB141, 0xB144, 0xB148, 0xB150, 0xB151, 0xB154, 0xB155, 0xB158,
	0xB15C, 0xB160, 0xB178, 0xB179, 0xB17C, 0xB180, 0xB182, 0xB188, 0xB189, 0xB18B, 0xB18D, 0xB192,
	0xB193, 0xB194, 0xB198, 0xB19C, 0xB1A8, 0xB1CC, 0xB1D0, 0xB1D4, 0xB1DC, 0xB1DD, 0xB1DF, 0xB1E8,
	0xB1E9, 0xB1EC, 0xB1F0, 0xB1F9, 0xB1FB, 0xB1FD, 0xB204, 0xB205, 0xB208, 0xB20B, 0xB20C, 0xB214,
	0xB215, 0xB217, 0xB219, 0xB220, 0xB234, 0xB23C, 0xB258, 0xB25C, 0xB260, 0xB268, 0xB269, 0xB274,
	0xB275, 0xB27C, 0xB284, 0xB285, 0xB289, 0xB290, 0xB291, 0xB294, 0xB298, 0xB299, 0xB29A, 0xB2A0,
	0xB2A1, 0xB2A3, 0xB2A5, 0xB2A6, 0xB2AA, 0xB2AC, 0xB2B0, 0xB2B4, 0xB2C8, 0xB2C9, 0xB2CC, 0xB2D0,
	0xB2D2, 0xB2D8, 0xB2D9, 0xB2DB, 0xB2DD, 0xB2E2, 0xB2E4, 0xB2E5, 0xB2E6, 0xB2E8, 0xB2EB, 0xB2EC,
	0xB2ED, 0xB2EE, 0xB2EF, 0xB2F3, 0xB2F4, 0xB2F5, 0xB2F7, 0xB2F8, 0xB2F9, 0xB2FA, 0xB2FB, 0xB2FF,
	0xB300, 0xB301, 0xB304, 0xB308, 0xB310, 0xB311, 0xB313, 0xB314, 0xB315, 0xB31C, 0xB354, 0xB355,
	0xB356, 0xB358, 0xB35B, 0xB35C, 0xB35E, 0xB35F, 0xB364, 0xB365, 0xB367, 0xB369, 0xB36B, 0xB36E,
	0xB370, 0xB371, 0xB374, 0xB378, 0xB380, 0xB381, 0xB383, 0xB384, 0xB385, 0xB38C, 0xB390, 0xB394,
	0xB3A0, 0xB3A1, 0xB3A8, 0xB3AC, 0xB3C4, 0xB3C5, 0xB3C8, 0xB3CB, 0xB3CC, 0xB3CE, 0xB3D0, 0xB3D4,
	0xB3D5, 0xB3D7, 0xB3D9, 0xB3DB, 0xB3DD, 0xB3E0, 0xB3E4, 0xB3E8, 0xB3FC, 0xB410, 0xB418, 0xB41C,
	0xB420, 0xB428, 0xB429, 0xB42B, 0xB434, 0xB450, 0xB451, 0xB454, 0xB458, 0xB460, 0xB461, 0xB463,
	0xB465, 0xB46C, 0xB480, 0xB488, 0xB49D, 0xB4A4, 0xB4A8, 0xB4AC, 0xB4B5, 0xB4B7, 0xB4B9, 0xB4C0,
	0xB4C4, 0xB4C8, 0xB4D0, 0xB4D5, 0xB4DC, 0xB4DD, 0xB4E0, 0xB4E3, 0xB4E4, 0xB4E6, 0xB4EC, 0xB4ED,
	0xB4EF, 0xB4F1, 0xB4F8, 0xB514, 0xB515, 0xB518, 0xB51B, 0xB51C, 0xB524, 0xB525, 0xB527, 0xB528,
	0xB529, 0xB52A, 0xB530, 0xB531, 0xB534, 0xB538, 0xB540, 0xB541, 0xB543, 0xB544, 0xB545, 0xB54B,
	0xB54C, 0xB54D, 0xB550, 0xB554, 0xB55C, 0xB55D, 0xB55F, 0xB560, 0xB561, 0xB5A0, 0xB5A1, 0xB5A4,
	0xB5A8, 0xB5AA, 0xB5AB, 0xB5B0, 0xB5B1, 0xB5B3, 0xB5B4, 0xB5B5, 0xB5BB, 0xB5BC, 0xB5BD, 0xB5C0,
	0xB5C4, 0xB5CC, 0xB5CD, 0xB5CF, 0xB5D0, 0xB5D1, 0xB5D8, 0xB5EC, 0xB610, 0xB611, 0xB614, 0xB618,
	0xB625, 0xB62C, 0xB634, 0xB648, 0xB664, 0xB668, 0xB69C, 0xB69D, 0xB6A0, 0xB6A4, 0xB6AB, 0xB6AC,
	0xB6B1, 0xB6D4, 0xB6F0, 0xB6F4, 0xB6F8, 0xB700, 0xB701, 0xB705, 0xB728, 0xB729, 0xB72C, 0xB72F,
	0xB730, 0xB738, 0xB739, 0xB73B, 0xB744, 0xB748, 0xB74C, 0xB754, 0xB755, 0xB760, 0xB764, 0xB768,
	0xB770, 0xB771, 0xB773, 0xB775, 0xB77C, 0xB77D, 0xB780, 0xB784, 0xB78C, 0xB78D, 0xB78F, 0xB790,
	0xB791, 0xB792, 0xB796, 0xB797, 0xB798, 0xB799, 0xB79C, 0xB7A0, 0xB7A8, 0xB7A9, 0xB7AB, 0xB7AC,
	0xB7AD, 0xB7B4, 0xB7B5, 0xB7B8, 0xB7C7, 0xB7C9, 0xB7EC, 0xB7ED, 0xB7F0, 0xB7F4, 0xB7FC, 0xB7FD,
	0xB7FF, 0xB800, 0xB801, 0xB807, 0xB808, 0xB809, 0xB80C, 0xB810, 0xB818, 0xB819, 0xB81B, 0xB81D,
	0xB824, 0xB825, 0xB828, 0xB82C, 0xB834, 0xB835, 0xB837, 0xB838, 0xB839, 0xB840, 0xB844, 0xB851,
	0xB853, 0xB85C, 0xB85D, 0xB860, 0xB864, 0xB86C, 0xB86D, 0xB86F, 0xB871, 0xB878, 0xB87C, 0xB88D,
	0xB8A8, 0xB8B0, 0xB8B4, 0xB8B8, 0xB8C0, 0xB8C1, 0xB8C3, 0xB8C5, 0xB8CC, 0xB8D0, 0xB8D4, 0xB8DD,
	0xB8DF, 0xB8E1, 0xB8E8, 0xB8E9, 0xB8EC, 0xB8F0, 0xB8F8, 0xB8F9, 0xB8FB, 0xB8FD, 0xB904, 0xB918,
	0xB920, 0xB93C, 0xB93D, 0xB940, 0xB944, 0xB94C, 0xB94F, 0xB951, 0xB958, 0xB959, 0xB95C, 0xB960,
	0xB968, 0xB969, 0xB96B, 0xB96D, 0xB974, 0xB975, 0xB978, 0xB97C, 0xB984, 0xB985, 0xB987, 0xB989,
	0xB98A, 0xB98D, 0xB98E, 0xB9AC, 0xB9AD, 0xB9B0, 0xB9B4, 0xB9BC, 0xB9BD, 0xB9BF, 0xB9C1, 0xB9C8,
	0xB9C9, 0xB9CC, 0xB9CE, 0xB9CF, 0xB9D0, 0xB9D1, 0xB9D2, 0xB9D8, 0xB9D9, 0xB9DB, 0xB9DD, 0xB9DE,
	0xB9E1, 0xB9E3, 0xB9E4, 0xB9E5, 0xB9E8, 0xB9EC, 0xB9F4, 0xB9F5, 0xB9F7, 0xB9F8, 0xB9F9, 0xB9FA,
	0xBA00, 0xBA01, 0xBA08, 0xBA15, 0xBA38, 0xBA39, 0xBA3C, 0xBA40, 0xBA42, 0xBA48, 0xBA49, 0xBA4B,
	0xBA4D, 0xBA4E, 0xBA53, 0xBA54, 0xBA55, 0xBA58, 0xBA5C, 0xBA64, 0xBA65, 0xBA67, 0xBA68, 0xBA69,
	0xBA70, 0xBA71, 0xBA74, 0xBA78, 0xBA83, 0xBA84, 0xBA85, 0xBA87, 0xBA8C, 0xBAA8, 0xBAA9, 0xBAAB,
	0xBAAC, 0xBAB0, 0xBAB2, 0xBAB8, 0xBAB9, 0xBABB, 0xBABD, 0xBAC4, 0xBAC8, 0xBAD8, 0xBAD9, 0xBAFC,
	0xBB00, 0xBB04, 0xBB0D, 0xBB0F, 0xBB11, 0xBB18, 0xBB1C, 0xBB20, 0xBB29, 0xBB2B, 0xBB34, 0xBB35,
	0xBB36, 0xBB38, 0xBB3B, 0xBB3C, 0xBB3D, 0xBB3E, 0xBB44, 0xBB45, 0xBB47, 0xBB49, 0xBB4D, 0xBB4F,
	0xBB50, 0xBB54, 0xBB58, 0xBB61, 0xBB63, 0xBB6C, 0xBB88, 0xBB8C, 0xBB90, 0xBBA4, 0xBBA8, 0xBBAC,
	0xBBB4, 0xBBB7, 0xBBC0, 0xBBC4, 0xBBC8, 0xBBD0, 0xBBD3, 0xBBF8, 0xBBF9, 0xBBFC, 0xBBFF, 0xBC00,
	0xBC02, 0xBC08, 0xBC09, 0xBC0B, 0xBC0C, 0xBC0D, 0xBC0F, 0xBC11, 0xBC14, 0xBC15, 0xBC16, 0xBC17,
	0xBC18, 0xBC1B, 0xBC1C, 0xBC1D, 0xBC1E, 0xBC1F, 0xBC24, 0xBC25, 0xBC27, 0xBC29, 0xBC2D, 0xBC30,
	0xBC31, 0xBC34, 0xBC38, 0xBC40, 0xBC41, 0xBC43, 0xBC44, 0xBC45, 0xBC49, 0xBC4C, 0xBC4D, 0xBC50,
	0xBC5D, 0xBC84, 0xBC85, 0xBC88, 0xBC8B, 0xBC8C, 0xBC8E, 0xBC94, 0xBC95, 0xBC97, 0xBC99, 0xBC9A,
	0xBCA0, 0xBCA1, 0xBCA4, 0xBCA7, 0xBCA8, 0xBCB0, 0xBCB1, 0xBCB3, 0xBCB4, 0xBCB5, 0xBCBC, 0xBCBD,
	0xBCC0, 0xBCC4, 0xBCCD, 0xBCCF, 0xBCD0, 0xBCD1, 0xBCD5, 0xBCD8, 0xBCDC, 0xBCF4, 0xBCF5, 0xBCF6,
	0xBCF8, 0xBCFC, 0xBD04, 0xBD05, 0xBD07, 0xBD09, 0xBD10, 0xBD14, 0xBD24, 0xBD2C, 0xBD40, 0xBD48,
	0xBD49, 0xBD4C, 0xBD50, 0xBD58, 0xBD59, 0xBD64, 0xBD68, 0xBD80, 0xBD81, 0xBD84, 0xBD87, 0xBD88,
	0xBD89, 0xBD8A, 0xBD90, 0xBD91, 0xBD93, 0xBD95, 0xBD99, 0xBD9A, 0xBD9C, 0xBDA4, 0xBDB0, 0xBDB8,
	0xBDD4, 0xBDD5, 0xBDD8, 0xBDDC, 0xBDE9, 0xBDF0, 0xBDF4, 0xBDF8, 0xBE00, 0xBE03, 0xBE05, 0xBE0C,
	0xBE0D, 0xBE10, 0xBE14, 0xBE1C, 0xBE1D, 0xBE1F, 0xBE44, 0xBE45, 0xBE48, 0xBE4C, 0xBE4E, 0xBE54,
	0xBE55, 0xBE57, 0xBE59, 0xBE5A, 0xBE5B, 0xBE60, 0xBE61, 0xBE64, 0xBE68, 0xBE6A, 0xBE70, 0xBE71,
	0xBE73, 0xBE74, 0xBE75, 0xBE7B, 0xBE7C, 0xBE7D, 0xBE80, 0xBE84, 0xBE8C, 0xBE8D, 0xBE8F, 0xBE90,
	0xBE91, 0xBE98, 0xBE99, 0xBEA8, 0xBED0, 0xBED1, 0xBED4, 0xBED7, 0xBED8, 0xBEE0, 0xBEE3, 0xBEE4,
	0xBEE5, 0xBEEC, 0xBF01, 0xBF08, 0xBF09, 0xBF18, 0xBF19, 0xBF1B, 0xBF1C, 0xBF1D, 0xBF40, 0xBF41,
	0xBF44, 0xBF48, 0xBF50, 0xBF51, 0xBF55, 0xBF94, 0xBFB0, 0xBFC5, 0xBFCC, 0xBFCD, 0xBFD0, 0xBFD4,
	0xBFDC, 0xBFDF, 0xBFE1, 0xC03C, 0xC051, 0xC058, 0xC05C, 0xC060, 0xC068, 0xC069, 0xC090, 0xC091,
	0xC094, 0xC098, 0xC0A0, 0xC0A1, 0xC0A3, 0xC0A5, 0xC0AC, 0xC0AD, 0xC0AF, 0xC0B0, 0xC0B3, 0xC0B4,
	0xC0B5, 0xC0B6, 0xC0BC, 0xC0BD, 0xC0BF, 0xC0C0, 0xC0C1, 0xC0C5, 0xC0C8, 0xC0C9, 0xC0CC, 0xC0D0,
	0xC0D8, 0xC0D9, 0xC0DB, 0xC0DC, 0xC0DD, 0xC0E4, 0xC0E5, 0xC0E8, 0xC0EC, 0xC0F4, 0xC0F5, 0xC0F7,
	0xC0F9, 0xC100, 0xC104, 0xC108, 0xC110, 0xC115, 0xC11C, 0xC11D, 0xC11E, 0xC11F, 0xC120, 0xC123,
	0xC124, 0xC126, 0xC127, 0xC12C, 0xC12D, 0xC12F, 0xC130, 0xC131, 0xC136, 0xC138, 0xC139, 0xC13C,
	0xC140, 0xC148, 0xC149, 0xC14B, 0xC14C, 0xC14D, 0xC154, 0xC155, 0xC158, 0xC15C, 0xC164, 0xC165,
	0xC167, 0xC168, 0xC169, 0xC170, 0xC174, 0xC178, 0xC185, 0xC18C, 0xC18D, 0xC18E, 0xC190, 0xC194,
	0xC196, 0xC19C, 0xC19D, 0xC19F, 0xC1A1, 0xC1A5, 0xC1A8, 0xC1A9, 0xC1AC, 0xC1B0, 0xC1BD, 0xC1C4,
	0xC1C8, 0xC1CC, 0xC1D4, 0xC1D7, 0xC1D8, 0xC1E0, 0xC1E4, 0xC1E8, 0xC1F0, 0xC1F1, 0xC1F3, 0xC1FC,
	0xC1FD, 0xC200, 0xC204, 0xC20C, 0xC20D, 0xC20F, 0xC211, 0xC218, 0xC219, 0xC21C, 0xC21F, 0xC220,
	0xC228, 0xC229, 0xC22B, 0xC22D, 0xC22F, 0xC231, 0xC232, 0xC234, 0xC248, 0xC250, 0xC251, 0xC254,
	0xC258, 0xC260, 0xC265, 0xC26C, 0xC26D, 0xC270, 0xC274, 0xC27C, 0xC27D, 0xC27F, 0xC281, 0xC288,
	0xC289, 0xC290, 0xC298, 0xC29B, 0xC29D, 0xC2A4, 0xC2A5, 0xC2A8, 0xC2AC, 0xC2AD, 0xC2B4, 0xC2B5,
	0xC2B7, 0xC2B9, 0xC2DC, 0xC2DD, 0xC2E0, 0xC2E3, 0xC2E4, 0xC2EB, 0xC2EC, 0xC2ED, 0xC2EF, 0xC2F1,
	0xC2F6, 0xC2F8, 0xC2F9, 0xC2FB, 0xC2FC, 0xC300, 0xC308, 0xC309, 0xC30C, 0xC30D, 0xC313, 0xC314,
	0xC315, 0xC318, 0xC31C, 0xC324, 0xC325, 0xC328, 0xC329, 0xC345, 0xC368, 0xC369, 0xC36C, 0xC370,
	0xC372, 0xC378, 0xC379, 0xC37C, 0xC37D, 0xC384, 0xC388, 0xC38C, 0xC3C0, 0xC3D8, 0xC3D9, 0xC3DC,
	0xC3DF, 0xC3E0, 0xC3E2, 0xC3E8, 0xC3E9, 0xC3ED, 0xC3F4, 0xC3F5, 0xC3F8, 0xC408, 0xC410, 0xC424,
	0xC42C, 0xC430, 0xC434, 0xC43C, 0xC43D, 0xC448, 0xC464, 0xC465, 0xC468, 0xC46C, 0xC474, 0xC475,
	0xC479, 0xC480, 0xC494, 0xC49C, 0xC4B8, 0xC4BC, 0xC4E9, 0xC4F0, 0xC4F1, 0xC4F4, 0xC4F8, 0xC4FA,
	0xC4FF, 0xC500, 0xC501, 0xC50C, 0xC510, 0xC514, 0xC51C, 0xC528, 0xC529, 0xC52C, 0xC530, 0xC538,
	0xC539, 0xC53B, 0xC53D, 0xC544, 0xC545, 0xC548, 0xC549, 0xC54A, 0xC54C, 0xC54D, 0xC54E, 0xC553,
	0xC554, 0xC555, 0xC557, 0xC558, 0xC559, 0xC55D, 0xC55E, 0xC560, 0xC561, 0xC564, 0xC568, 0xC570,
	0xC571, 0xC573, 0xC574, 0xC575, 0xC57C, 0xC57D, 0xC580, 0xC584, 0xC587, 0xC58C, 0xC58D, 0xC58F,
	0xC591, 0xC595, 0xC597, 0xC598, 0xC59C, 0xC5A0, 0xC5A9, 0xC5B4, 0xC5B5, 0xC5B8, 0xC5B9, 0xC5BB,
	0xC5BC, 0xC5BD, 0xC5BE, 0xC5C4, 0xC5C5, 0xC5C6, 0xC5C7, 0xC5C8, 0xC5C9, 0xC5CA, 0xC5CC, 0xC5CE,
	0xC5D0, 0xC5D1, 0xC5D4, 0xC5D8, 0xC5E0, 0xC5E1, 0xC5E3, 0xC5E5, 0xC5EC, 0xC5ED, 0xC5EE, 0xC5F0,
	0xC5F4, 0xC5F6, 0xC5F7, 0xC5FC, 0xC5FD, 0xC5FE, 0xC5FF, 0xC600, 0xC601, 0xC605, 0xC606, 0xC607,
	0xC608, 0xC60C, 0xC610, 0xC618, 0xC619, 0xC61B, 0xC61C, 0xC624, 0xC625, 0xC628, 0xC62C, 0xC62D,
	0xC62E, 0xC630, 0xC633, 0xC634, 0xC635, 0xC637, 0xC639, 0xC63B, 0xC640, 0xC641, 0xC644, 0xC648,
	0xC650, 0xC651, 0xC653, 0xC654, 0xC655, 0xC65C, 0xC65D, 0xC660, 0xC66C, 0xC66F, 0xC671, 0xC678,
	0xC679, 0xC67C, 0xC680, 0xC688, 0xC689, 0xC68B, 0xC68D, 0xC694, 0xC695, 0xC698, 0xC69C, 0xC6A4,
	0xC6A5, 0xC6A7, 0xC6A9, 0xC6B0, 0xC6B1, 0xC6B4, 0xC6B8, 0xC6B9, 0xC6BA, 0xC6C0, 0xC6C1, 0xC6C3,
	0xC6C5, 0xC6CC, 0xC6CD, 0xC6D0, 0xC6D4, 0xC6DC, 0xC6DD, 0xC6E0, 0xC6E1, 0xC6E8, 0xC6E9, 0xC6EC,
	0xC6F0, 0xC6F8, 0xC6F9, 0xC6FD, 0xC704, 0xC705, 0xC708, 0xC70C, 0xC714, 0xC715, 0xC717, 0xC719,
	0xC720, 0xC721, 0xC724, 0xC728, 0xC730, 0xC731, 0xC733, 0xC735, 0xC737, 0xC73C, 0xC73D, 0xC740,
	0xC744, 0xC74A, 0xC74C, 0xC74D, 0xC74F, 0xC751, 0xC752, 0xC753, 0xC754, 0xC755, 0xC756, 0xC757,
	0xC758, 0xC75C, 0xC760, 0xC768, 0xC76B, 0xC774, 0xC775, 0xC778, 0xC77C, 0xC77D, 0xC77E, 0xC783,
	0xC784, 0xC785, 0xC787, 0xC788, 0xC789, 0xC78A, 0xC78E, 0xC790, 0xC791, 0xC794, 0xC796, 0xC797,
	0xC798, 0xC79A, 0xC7A0, 0xC7A1, 0xC7A3, 0xC7A4, 0xC7A5, 0xC7A6, 0xC7AC, 0xC7AD, 0xC7B0, 0xC7B4,
	0xC7BC, 0xC7BD, 0xC7BF, 0xC7C0, 0xC7C1, 0xC7C8, 0xC7C9, 0xC7CC, 0xC7CE, 0xC7D0, 0xC7D8, 0xC7DD,
	0xC7E4, 0xC7E8, 0xC7EC, 0xC800, 0xC801, 0xC804, 0xC808, 0xC80A, 0xC810, 0xC811, 0xC813, 0xC815,
	0xC816, 0xC81C, 0xC81D, 0xC820, 0xC824, 0xC82C, 0xC82D, 0xC82F, 0xC831, 0xC838, 0xC83C, 0xC840,
	0xC848, 0xC849, 0xC84C, 0xC84D, 0xC854, 0xC870, 0xC871, 0xC874, 0xC878, 0xC87A, 0xC880, 0xC881,
	0xC883, 0xC885, 0xC886, 0xC887, 0xC88B, 0xC88C, 0xC88D, 0xC894, 0xC89D, 0xC89F, 0xC8A1, 0xC8A8,
	0xC8BC, 0xC8BD, 0xC8C4, 0xC8C8, 0xC8CC, 0xC8D4, 0xC8D5, 0xC8D7, 0xC8D9, 0xC8E0, 0xC8E1, 0xC8E4,
	0xC8F5, 0xC8FC, 0xC8FD, 0xC900, 0xC904, 0xC905, 0xC906, 0xC90C, 0xC90D, 0xC90F, 0xC911, 0xC918,
	0xC92C, 0xC934, 0xC950, 0xC951, 0xC954, 0xC958, 0xC960, 0xC961, 0xC963, 0xC96C, 0xC970, 0xC974,
	0xC97C, 0xC988, 0xC989, 0xC98C, 0xC990, 0xC998, 0xC999, 0xC99B, 0xC99D, 0xC9C0, 0xC9C1, 0xC9C4,
	0xC9C7, 0xC9C8, 0xC9CA, 0xC9D0, 0xC9D1, 0xC9D3, 0xC9D5, 0xC9D6, 0xC9D9, 0xC9DA, 0xC9DC, 0xC9DD,
	0xC9E0, 0xC9E2, 0xC9E4, 0xC9E7, 0xC9EC, 0xC9ED, 0xC9EF, 0xC9F0, 0xC9F1, 0xC9F8, 0xC9F9, 0xC9FC,
	0xCA00, 0xCA08, 0xCA09, 0xCA0B, 0xCA0C, 0xCA0D, 0xCA14, 0xCA18, 0xCA29, 0xCA4C, 0xCA4D, 0xCA50,
	0xCA54, 0xCA5C, 0xCA5D, 0xCA5F, 0xCA60, 0xCA61, 0xCA68, 0xCA7D, 0xCA84, 0xCA98, 0xCABC, 0xCABD,
	0xCAC0, 0xCAC4, 0xCACC, 0xCACD, 0xCACF, 0xCAD1, 0xCAD3, 0xCAD8, 0xCAD9, 0xCAE0, 0xCAEC, 0xCAF4,
	0xCB08, 0xCB10, 0xCB14, 0xCB18, 0xCB20, 0xCB21, 0xCB41, 0xCB48, 0xCB49, 0xCB4C, 0xCB50, 0xCB58,
	0xCB59, 0xCB5D, 0xCB64, 0xCB78, 0xCB79, 0xCB9C, 0xCBB8, 0xCBD4, 0xCBE4, 0xCBE7, 0xCBE9, 0xCC0C,
	0xCC0D, 0xCC10, 0xCC14, 0xCC1C, 0xCC1D, 0xCC21, 0xCC22, 0xCC27, 0xCC28, 0xCC29, 0xCC2C, 0xCC2E,
	0xCC30, 0xCC38, 0xCC39, 0xCC3B, 0xCC3C, 0xCC3D, 0xCC3E, 0xCC44, 0xCC45, 0xCC48, 0xCC4C, 0xCC54,
	0xCC55, 0xCC57, 0xCC58, 0xCC59, 0xCC60, 0xCC64, 0xCC66, 0xCC68, 0xCC70, 0xCC75, 0xCC98, 0xCC99,
	0xCC9C, 0xCCA0, 0xCCA8, 0xCCA9, 0xCCAB, 0xCCAC, 0xCCAD, 0xCCB4, 0xCCB5, 0xCCB8, 0xCCBC, 0xCCC4,
	0xCCC5, 0xCCC7, 0xCCC9, 0xCCD0, 0xCCD4, 0xCCE4, 0xCCEC, 0xCCF0, 0xCD01, 0xCD08, 0xCD09, 0xCD0C,
	0xCD10, 0xCD18, 0xCD19, 0xCD1B, 0xCD1D, 0xCD24, 0xCD28, 0xCD2C, 0xCD39, 0xCD5C, 0xCD60, 0xCD64,
	0xCD6C, 0xCD6D, 0xCD6F, 0xCD71, 0xCD78, 0xCD88, 0xCD94, 0xCD95, 0xCD98, 0xCD9C, 0xCDA4, 0xCDA5,
	0xCDA7, 0xCDA9, 0xCDB0, 0xCDC4, 0xCDCC, 0xCDD0, 0xCDE8, 0xCDEC, 0xCDF0, 0xCDF8, 0xCDF9, 0xCDFB,
	0xCDFD, 0xCE04, 0xCE08, 0xCE0C, 0xCE14, 0xCE19, 0xCE20, 0xCE21, 0xCE24, 0xCE28, 0xCE30, 0xCE31,
	0xCE33, 0xCE35, 0xCE58, 0xCE59, 0xCE5C, 0xCE5F, 0xCE60, 0xCE61, 0xCE68, 0xCE69, 0xCE6B, 0xCE6D,
	0xCE74, 0xCE75, 0xCE78, 0xCE7C, 0xCE84, 0xCE85, 0xCE87, 0xCE89, 0xCE90, 0xCE91, 0xCE94, 0xCE98,
	0xCEA0, 0xCEA1, 0xCEA3, 0xCEA4, 0xCEA5, 0xCEAC, 0xCEAD, 0xCEC1, 0xCEE4, 0xCEE5, 0xCEE8, 0xCEEB,
	0xCEEC, 0xCEF4, 0xCEF5, 0xCEF7, 0xCEF8, 0xCEF9, 0xCF00, 0xCF01, 0xCF04, 0xCF08, 0xCF10, 0xCF11,
	0xCF13, 0xCF15, 0xCF1C, 0xCF20, 0xCF24, 0xCF2C, 0xCF2D, 0xCF2F, 0xCF30, 0xCF31, 0xCF38, 0xCF54,
	0xCF55, 0xCF58, 0xCF5C, 0xCF64, 0xCF65, 0xCF67, 0xCF69, 0xCF70, 0xCF71, 0xCF74, 0xCF78, 0xCF80,
	0xCF85, 0xCF8C, 0xCFA1, 0xCFA8, 0xCFB0, 0xCFC4, 0xCFE0, 0xCFE1, 0xCFE4, 0xCFE8, 0xCFF0, 0xCFF1,
	0xCFF3, 0xCFF5, 0xCFFC, 0xD000, 0xD004, 0xD011, 0xD018, 0xD02D, 0xD034, 0xD035, 0xD038, 0xD03C,
	0xD044, 0xD045, 0xD047, 0xD049, 0xD050, 0xD054, 0xD058, 0xD060, 0xD06C, 0xD06D, 0xD070, 0xD074,
	0xD07C, 0xD07D, 0xD081, 0xD0A4, 0xD0A5, 0xD0A8, 0xD0AC, 0xD0B4, 0xD0B5, 0xD0B7, 0xD0B9, 0xD0C0,
	0xD0C1, 0xD0C4, 0xD0C8, 0xD0C9, 0xD0D0, 0xD0D1, 0xD0D3, 0xD0D4, 0xD0D5, 0xD0DC, 0xD0DD, 0xD0E0,
	0xD0E4, 0xD0EC, 0xD0ED, 0xD0EF, 0xD0F0, 0xD0F1, 0xD0F8, 0xD10D, 0xD130, 0xD131, 0xD134, 0xD138,
	0xD13A, 0xD140, 0xD141, 0xD143, 0xD144, 0xD145, 0xD14C, 0xD14D, 0xD150, 0xD154, 0xD15C, 0xD15D,
	0xD15F, 0xD161, 0xD168, 0xD16C, 0xD17C, 0xD184, 0xD188, 0xD1A0, 0xD1A1, 0xD1A4, 0xD1A8, 0xD1B0,
	0xD1B1, 0xD1B3, 0xD1B5, 0xD1BA, 0xD1BC, 0xD1C0, 0xD1D8, 0xD1F4, 0xD1F8, 0xD207, 0xD209, 0xD210,
	0xD22C, 0xD22D, 0xD230, 0xD234, 0xD23C, 0xD23D, 0xD23F, 0xD241, 0xD248, 0xD25C, 0xD264, 0xD280,
	0xD281, 0xD284, 0xD288, 0xD290, 0xD291, 0xD295, 0xD29C, 0xD2A0, 0xD2A4, 0xD2AC, 0xD2B1, 0xD2B8,
	0xD2B9, 0xD2BC, 0xD2BF, 0xD2C0, 0xD2C2, 0xD2C8, 0xD2C9, 0xD2CB, 0xD2D4, 0xD2D8, 0xD2DC, 0xD2E4,
	0xD2E5, 0xD2F0, 0xD2F1, 0xD2F4, 0xD2F8, 0xD300, 0xD301, 0xD303, 0xD305, 0xD30C, 0xD30D, 0xD30E,
	0xD310, 0xD314, 0xD316, 0xD31C, 0xD31D, 0xD31F, 0xD320, 0xD321, 0xD325, 0xD328, 0xD329, 0xD32C,
	0xD330, 0xD338, 0xD339, 0xD33B, 0xD33C, 0xD33D, 0xD344, 0xD345, 0xD37C, 0xD37D, 0xD380, 0xD384,
	0xD38C, 0xD38D, 0xD38F, 0xD390, 0xD391, 0xD398, 0xD399, 0xD39C, 0xD3A0, 0xD3A8, 0xD3A9, 0xD3AB,
	0xD3AD, 0xD3B4, 0xD3B8, 0xD3BC, 0xD3C4, 0xD3C5, 0xD3C8, 0xD3C9, 0xD3D0, 0xD3D8, 0xD3E1, 0xD3E3,
	0xD3EC, 0xD3ED, 0xD3F0, 0xD3F4, 0xD3FC, 0xD3FD, 0xD3FF, 0xD401, 0xD408, 0xD41D, 0xD440, 0xD444,
	0xD45C, 0xD460, 0xD464, 0xD46D, 0xD46F, 0xD478, 0xD479, 0xD47C, 0xD47F, 0xD480, 0xD482, 0xD488,
	0xD489, 0xD48B, 0xD48D, 0xD494, 0xD4A9, 0xD4CC, 0xD4D0, 0xD4D4, 0xD4DC, 0xD4DF, 0xD4E8, 0xD4EC,
	0xD4F0, 0xD4F8, 0xD4FB, 0xD4FD, 0xD504, 0xD508, 0xD50C, 0xD514, 0xD515, 0xD517, 0xD53C, 0xD53D,
	0xD540, 0xD544, 0xD54C, 0xD54D, 0xD54F, 0xD551, 0xD558, 0xD559, 0xD55C, 0xD560, 0xD565, 0xD568,
	0xD569, 0xD56B, 0xD56D, 0xD574, 0xD575, 0xD578, 0xD57C, 0xD584, 0xD585, 0xD587, 0xD588, 0xD589,
	0xD590, 0xD5A5, 0xD5C8, 0xD5C9, 0xD5CC, 0xD5D0, 0xD5D2, 0xD5D8, 0xD5D9, 0xD5DB, 0xD5DD, 0xD5E4,
	0xD5E5, 0xD5E8, 0xD5EC, 0xD5F4, 0xD5F5, 0xD5F7, 0xD5F9, 0xD600, 0xD601, 0xD604, 0xD608, 0xD610,
	0xD611, 0xD613, 0xD614, 0xD615, 0xD61C, 0xD620, 0xD624, 0xD62D, 0xD638, 0xD639, 0xD63C, 0xD640,
	0xD645, 0xD648, 0xD649, 0xD64B, 0xD64D, 0xD651, 0xD654, 0xD655, 0xD658, 0xD65C, 0xD667, 0xD669,
	0xD670, 0xD671, 0xD674, 0xD683, 0xD685, 0xD68C, 0xD68D, 0xD690, 0xD694, 0xD69D, 0xD69F, 0xD6A1,
	0xD6A8, 0xD6AC, 0xD6B0, 0xD6B9, 0xD6BB, 0xD6C4, 0xD6C5, 0xD6C8, 0xD6CC, 0xD6D1, 0xD6D4, 0xD6D7,
	0xD6D9, 0xD6E0, 0xD6E4, 0xD6E8, 0xD6F0, 0xD6F5, 0xD6FC, 0xD6FD, 0xD700, 0xD704, 0xD711, 0xD718,
	0xD719, 0xD71C, 0xD720, 0xD728, 0xD729, 0xD72B, 0xD72D, 0xD734, 0xD735, 0xD738, 0xD73C, 0xD744,
	0xD747, 0xD749, 0xD750, 0xD751, 0xD754, 0xD756, 0xD757, 0xD758, 0xD759, 0xD760, 0xD761, 0xD763,
	0xD765, 0xD769, 0xD76C, 0xD770, 0xD774, 0xD77C, 0xD77D, 0xD781, 0xD788, 0xD789, 0xD78C, 0xD790,
	0xD798, 0xD799, 0xD79B, 0xD79D, 0x0000, 0x0000, 0x0000, 0x0000, 0x0000, 0x0000, 0x0000, 0x0000,
	0x0000, 0x0000, 0x0000, 0x0000, 0x0000, 0x0000, 0x0000, 0x0000, 0x0000, 0x0000, 0x0000, 0x0000,
	0x0000, 0x0000, 0x0000, 0x0000, 0x0000, 0x0000, 0x0000, 0x0000, 0x0000, 0x0000, 0x0000, 0x0000,
	0x0000, 0x0000, 0x0000, 0x0000, 0x0000, 0x0000, 0x0000, 0x0000, 0x0000, 0x0000, 0x0000, 0x0000,
	0x0000, 0x0000, 0x0000, 0x0000, 0x0000, 0x0000, 0x0000, 0x0000, 0x0000, 0x0000, 0x0000, 0x0000,
	0x0000, 0x0000, 0x0000, 0x0000, 0x0000, 0x0000, 0x0000, 0x0000, 0x0000, 0x0000, 0x0000, 0x0000,
	0x0000, 0x0000, 0x0000, 0x0000, 0x0000, 0x0000, 0x0000, 0x0000, 0x0000, 0x0000, 0x0000, 0x0000,
	0x0000, 0x0000, 0x0000, 0x0000, 0x0000, 0x0000, 0x0000, 0x0000, 0x0000, 0x0000, 0x0000, 0x0000,
	0x0000, 0x0000, 0x4F3D, 0x4F73, 0x5047, 0x50F9, 0x52A0, 0x53EF, 0x5475, 0x54E5, 0x5609, 0x5AC1,
	0x5BB6, 0x6687, 0x67B6, 0x67B7, 0x67EF, 0x6B4C, 0x73C2, 0x75C2, 0x7A3C, 0x82DB, 0x8304, 0x8857,
	0x8888, 0x8A36, 0x8CC8, 0x8DCF, 0x8EFB, 0x8FE6, 0x99D5, 0x523B, 0x5374, 0x5404, 0x606A, 0x6164,
	0x6BBC, 0x73CF, 0x811A, 0x89BA, 0x89D2, 0x95A3, 0x4F83, 0x520A, 0x58BE, 0x5978, 0x59E6, 0x5E72,
	0x5E79, 0x61C7, 0x63C0, 0x6746, 0x67EC, 0x687F, 0x6F97, 0x764E, 0x770B, 0x78F5, 0x7A08, 0x7AFF,
	0x7C21, 0x809D, 0x826E, 0x8271, 0x8AEB, 0x9593, 0x4E6B, 0x559D, 0x66F7, 0x6E34, 0x78A3, 0x7AED,
	0x845B, 0x8910, 0x874E, 0x97A8, 0x52D8, 0x574E, 0x582A, 0x5D4C, 0x611F, 0x61BE, 0x6221, 0x6562,
	0x67D1, 0x6A44, 0x6E1B, 0x7518, 0x75B3, 0x76E3, 0x77B0, 0x7D3A, 0x90AF, 0x9451, 0x9452, 0x9F95,
	0x5323, 0x5CAC, 0x7532, 0x80DB, 0x9240, 0x9598, 0x525B, 0x5808, 0x59DC, 0x5CA1, 0x5D17, 0x5EB7,
	0x5F3A, 0x5F4A, 0x6177, 0x6C5F, 0x757A, 0x7586, 0x7CE0, 0x7D73, 0x7DB1, 0x7F8C, 0x8154, 0x8221,
	0x8591, 0x8941, 0x8B1B, 0x92FC, 0x964D, 0x9C47, 0x4ECB, 0x4EF7, 0x500B, 0x51F1, 0x584F, 0x6137,
	0x613E, 0x6168, 0x6539, 0x69EA, 0x6F11, 0x75A5, 0x7686, 0x76D6, 0x7B87, 0x82A5, 0x84CB, 0xF900,
	0x93A7, 0x958B, 0x5580, 0x5BA2, 0x5751, 0xF901, 0x7CB3, 0x7FB9, 0x91B5, 0x5028, 0x53BB, 0x5C45,
	0x5DE8, 0x62D2, 0x636E, 0x64DA, 0x64E7, 0x6E20, 0x70AC, 0x795B, 0x8DDD, 0x8E1E, 0xF902, 0x907D,
	0x9245, 0x92F8, 0x4E7E, 0x4EF6, 0x5065, 0x5DFE, 0x5EFA, 0x6106, 0x6957, 0x8171, 0x8654, 0x8E47,
	0x9375, 0x9A2B, 0x4E5E, 0x5091, 0x6770, 0x6840, 0x5109, 0x528D, 0x5292, 0x6AA2, 0x77BC, 0x9210,
	0x9ED4, 0x52AB, 0x602F, 0x8FF2, 0x5048, 0x61A9, 0x63ED, 0x64CA, 0x683C, 0x6A84, 0x6FC0, 0x8188,
	0x89A1, 0x9694, 0x5805, 0x727D, 0x72AC, 0x7504, 0x7D79, 0x7E6D, 0x80A9, 0x898B, 0x8B74, 0x9063,
	0x9D51, 0x6289, 0x6C7A, 0x6F54, 0x7D50, 0x7F3A, 0x8A23, 0x517C, 0x614A, 0x7B9D, 0x8B19, 0x9257,
	0x938C, 0x4EAC, 0x4FD3, 0x501E, 0x50BE, 0x5106, 0x52C1, 0x52CD, 0x537F, 0x5770, 0x5883, 0x5E9A,
	0x5F91, 0x6176, 0x61AC, 0x64CE, 0x656C, 0x666F, 0x66BB, 0x66F4, 0x6897, 0x6D87, 0x7085, 0x70F1,
	0x749F, 0x74A5, 0x74CA, 0x75D9, 0x786C, 0x78EC, 0x7ADF, 0x7AF6, 0x7D45, 0x7D93, 0x8015, 0x803F,
	0x811B, 0x8396, 0x8B66, 0x8F15, 0x9015, 0x93E1, 0x9803, 0x9838, 0x9A5A, 0x9BE8, 0x4FC2, 0x5553,
	0x583A, 0x5951, 0x5B63, 0x5C46, 0x60B8, 0x6212, 0x6842, 0x68B0, 0x68E8, 0x6EAA, 0x754C, 0x7678,
	0x78CE, 0x7A3D, 0x7CFB, 0x7E6B, 0x7E7C, 0x8A08, 0x8AA1, 0x8C3F, 0x968E, 0x9DC4, 0x53E4, 0x53E9,
	0x544A, 0x5471, 0x56FA, 0x59D1, 0x5B64, 0x5C3B, 0x5EAB, 0x62F7, 0x6537, 0x6545, 0x6572, 0x66A0,
	0x67AF, 0x69C1, 0x6CBD, 0x75FC, 0x7690, 0x777E, 0x7A3F, 0x7F94, 0x8003, 0x80A1, 0x818F, 0x82E6,
	0x82FD, 0x83F0, 0x85C1, 0x8831, 0x88B4, 0x8AA5, 0xF903, 0x8F9C, 0x932E, 0x96C7, 0x9867, 0x9AD8,
	0x9F13, 0x54ED, 0x659B, 0x66F2, 0x688F, 0x7A40, 0x8C37, 0x9D60, 0x56F0, 0x5764, 0x5D11, 0x6606,
	0x68B1, 0x68CD, 0x6EFE, 0x7428, 0x889E, 0x9BE4, 0x6C68, 0xF904, 0x9AA8, 0x4F9B, 0x516C, 0x5171,
	0x529F, 0x5B54, 0x5DE5, 0x6050, 0x606D, 0x62F1, 0x63A7, 0x653B, 0x73D9, 0x7A7A, 0x86A3, 0x8CA2,
	0x978F, 0x4E32, 0x5BE1, 0x6208, 0x679C, 0x74DC, 0x79D1, 0x83D3, 0x8A87, 0x8AB2, 0x8DE8, 0x904E,
	0x934B, 0x9846, 0x5ED3, 0x69E8, 0x85FF, 0x90ED, 0xF905, 0x51A0, 0x5B98, 0x5BEC, 0x6163, 0x68FA,
	0x6B3E, 0x704C, 0x742F, 0x74D8, 0x7BA1, 0x7F50, 0x83C5, 0x89C0, 0x8CAB, 0x95DC, 0x9928, 0x522E,
	0x605D, 0x62EC, 0x9002, 0x4F8A, 0x5149, 0x5321, 0x58D9, 0x5EE3, 0x66E0, 0x6D38, 0x709A, 0x72C2,
	0x73D6, 0x7B50, 0x80F1, 0x945B, 0x5366, 0x639B, 0x7F6B, 0x4E56, 0x5080, 0x584A, 0x58DE, 0x602A,
	0x6127, 0x62D0, 0x69D0, 0x9B41, 0x5B8F, 0x7D18, 0x80B1, 0x8F5F, 0x4EA4, 0x50D1, 0x54AC, 0x55AC,
	0x5B0C, 0x5DA0, 0x5DE7, 0x652A, 0x654E, 0x6821, 0x6A4B, 0x72E1, 0x768E, 0x77EF, 0x7D5E, 0x7FF9,
	0x81A0, 0x854E, 0x86DF, 0x8F03, 0x8F4E, 0x90CA, 0x9903, 0x9A55, 0x9BAB, 0x4E18, 0x4E45, 0x4E5D,
	0x4EC7, 0x4FF1, 0x5177, 0x52FE, 0x5340, 0x53E3, 0x53E5, 0x548E, 0x5614, 0x5775, 0x57A2, 0x5BC7,
	0x5D87, 0x5ED0, 0x61FC, 0x62D8, 0x6551, 0x67B8, 0x67E9, 0x69CB, 0x6B50, 0x6BC6, 0x6BEC, 0x6C42,
	0x6E9D, 0x7078, 0x72D7, 0x7396, 0x7403, 0x77BF, 0x77E9, 0x7A76, 0x7D7F, 0x8009, 0x81FC, 0x8205,
	0x820A, 0x82DF, 0x8862, 0x8B33, 0x8CFC, 0x8EC0, 0x9011, 0x90B1, 0x9264, 0x92B6, 0x99D2, 0x9A45,
	0x9CE9, 0x9DD7, 0x9F9C, 0x570B, 0x5C40, 0x83CA, 0x97A0, 0x97AB, 0x9EB4, 0x541B, 0x7A98, 0x7FA4,
	0x88D9, 0x8ECD, 0x90E1, 0x5800, 0x5C48, 0x6398, 0x7A9F, 0x5BAE, 0x5F13, 0x7A79, 0x7AAE, 0x828E,
	0x8EAC, 0x5026, 0x5238, 0x52F8, 0x5377, 0x5708, 0x62F3, 0x6372, 0x6B0A, 0x6DC3, 0x7737, 0x53A5,
	0x7357, 0x8568, 0x8E76, 0x95D5, 0x673A, 0x6AC3, 0x6F70, 0x8A6D, 0x8ECC, 0x994B, 0xF906, 0x6677,
	0x6B78, 0x8CB4, 0x9B3C, 0xF907, 0x53EB, 0x572D, 0x594E, 0x63C6, 0x69FB, 0x73EA, 0x7845, 0x7ABA,
	0x7AC5, 0x7CFE, 0x8475, 0x898F, 0x8D73, 0x9035, 0x95A8, 0x52FB, 0x5747, 0x7547, 0x7B60, 0x83CC,
	0x921E, 0xF908, 0x6A58, 0x514B, 0x524B, 0x5287, 0x621F, 0x68D8, 0x6975, 0x9699, 0x50C5, 0x52A4,
	0x52E4, 0x61C3, 0x65A4, 0x6839, 0x69FF, 0x747E, 0x7B4B, 0x82B9, 0x83EB, 0x89B2, 0x8B39, 0x8FD1,
	0x9949, 0xF909, 0x4ECA, 0x5997, 0x64D2, 0x6611, 0x6A8E, 0x7434, 0x7981, 0x79BD, 0x82A9, 0x887E,
	0x887F, 0x895F, 0xF90A, 0x9326, 0x4F0B, 0x53CA, 0x6025, 0x6271, 0x6C72, 0x7D1A, 0x7D66, 0x4E98,
	0x5162, 0x77DC, 0x80AF, 0x4F01, 0x4F0E, 0x5176, 0x5180, 0x55DC, 0x5668, 0x573B, 0x57FA, 0x57FC,
	0x5914, 0x5947, 0x5993, 0x5BC4, 0x5C90, 0x5D0E, 0x5DF1, 0x5E7E, 0x5FCC, 0x6280, 0x65D7, 0x65E3,
	0x671E, 0x671F, 0x675E, 0x68CB, 0x68C4, 0x6A5F, 0x6B3A, 0x6C23, 0x6C7D, 0x6C82, 0x6DC7, 0x7398,
	0x7426, 0x742A, 0x7482, 0x74A3, 0x7578, 0x757F, 0x7881, 0x78EF, 0x7941, 0x7947, 0x7948, 0x797A,
	0x7B95, 0x7D00, 0x7DBA, 0x7F88, 0x8006, 0x802D, 0x808C, 0x8A18, 0x8B4F, 0x8C48, 0x8D77, 0x9321,
	0x9324, 0x98E2, 0x9951, 0x9A0E, 0x9A0F, 0x9A65, 0x9E92, 0x7DCA, 0x4F76, 0x5409, 0x62EE, 0x6854,
	0x91D1, 0x55AB, 0x513A, 0xF90B, 0xF90C, 0x5A1C, 0x61E6, 0xF90D, 0x62CF, 0x62FF, 0xF90E, 0xF90F,
	0xF910, 0xF911, 0xF912, 0xF913, 0x90A3, 0xF914, 0xF915, 0xF916, 0xF917, 0xF918, 0x8AFE, 0xF919,
	0xF91A, 0xF91B, 0xF91C, 0x6696, 0xF91D, 0x7156, 0xF91E, 0xF91F, 0x96E3, 0xF920, 0x634F, 0x637A,
	0x5357, 0xF921, 0x678F, 0x6960, 0x6E73, 0xF922, 0x7537, 0xF923, 0xF924, 0xF925, 0x7D0D, 0xF926,
	0xF927, 0x8872, 0x56CA, 0x5A18, 0xF928, 0xF929, 0xF92A, 0xF92B, 0xF92C, 0x4E43, 0xF92D, 0x5167,
	0x5948, 0x67F0, 0x8010, 0xF92E, 0x5973, 0x5E74, 0x649A, 0x79CA, 0x5FF5, 0x606C, 0x62C8, 0x637B,
	0x5BE7, 0x5BD7, 0x52AA, 0xF92F, 0x5974, 0x5F29, 0x6012, 0xF930, 0xF931, 0xF932, 0x7459, 0xF933,
	0xF934, 0xF935, 0xF936, 0xF937, 0xF938, 0x99D1, 0xF939, 0xF93A, 0xF93B, 0xF93C, 0xF93D, 0xF93E,
	0xF93F, 0xF940, 0xF941, 0xF942, 0xF943, 0x6FC3, 0xF944, 0xF945, 0x81BF, 0x8FB2, 0x60F1, 0xF946,
	0xF947, 0x8166, 0xF948, 0xF949, 0x5C3F, 0xF94A, 0xF94B, 0xF94C, 0xF94D, 0xF94E, 0xF94F, 0xF950,
	0xF951, 0x5AE9, 0x8A25, 0x677B, 0x7D10, 0xF952, 0xF953, 0xF954, 0xF955, 0xF956, 0xF957, 0x80FD,
	0xF958, 0xF959, 0x5C3C, 0x6CE5, 0x533F, 0x6EBA, 0x591A, 0x8336, 0x4E39, 0x4EB6, 0x4F46, 0x55AE,
	0x5718, 0x58C7, 0x5F56, 0x65B7, 0x65E6, 0x6A80, 0x6BB5, 0x6E4D, 0x77ED, 0x7AEF, 0x7C1E, 0x7DDE,
	0x86CB, 0x8892, 0x9132, 0x935B, 0x64BB, 0x6FBE, 0x737A, 0x75B8, 0x9054, 0x5556, 0x574D, 0x61BA,
	0x64D4, 0x66C7, 0x6DE1, 0x6E5B, 0x6F6D, 0x6FB9, 0x75F0, 0x8043, 0x81BD, 0x8541, 0x8983, 0x8AC7,
	0x8B5A, 0x931F, 0x6C93, 0x7553, 0x7B54, 0x8E0F, 0x905D, 0x5510, 0x5802, 0x5858, 0x5E62, 0x6207,
	0x649E, 0x68E0, 0x7576, 0x7CD6, 0x87B3, 0x9EE8, 0x4EE3, 0x5788, 0x576E, 0x5927, 0x5C0D, 0x5CB1,
	0x5E36, 0x5F85, 0x6234, 0x64E1, 0x73B3, 0x81FA, 0x888B, 0x8CB8, 0x968A, 0x9EDB, 0x5B85, 0x5FB7,
	0x60B3, 0x5012, 0x5200, 0x5230, 0x5716, 0x5835, 0x5857, 0x5C0E, 0x5C60, 0x5CF6, 0x5D8B, 0x5EA6,
	0x5F92, 0x60BC, 0x6311, 0x6389, 0x6417, 0x6843, 0x68F9, 0x6AC2, 0x6DD8, 0x6E21, 0x6ED4, 0x6FE4,
	0x71FE, 0x76DC, 0x7779, 0x79B1, 0x7A3B, 0x8404, 0x89A9, 0x8CED, 0x8DF3, 0x8E48, 0x9003, 0x9014,
	0x9053, 0x90FD, 0x934D, 0x9676, 0x97DC, 0x6BD2, 0x7006, 0x7258, 0x72A2, 0x7368, 0x7763, 0x79BF,
	0x7BE4, 0x7E9B, 0x8B80, 0x58A9, 0x60C7, 0x6566, 0x65FD, 0x66BE, 0x6C8C, 0x711E, 0x71C9, 0x8C5A,
	0x9813, 0x4E6D, 0x7A81, 0x4EDD, 0x51AC, 0x51CD, 0x52D5, 0x540C, 0x61A7, 0x6771, 0x6850, 0x68DF,
	0x6D1E, 0x6F7C, 0x75BC, 0x77B3, 0x7AE5, 0x80F4, 0x8463, 0x9285, 0x515C, 0x6597, 0x675C, 0x6793,
	0x75D8, 0x7AC7, 0x8373, 0xF95A, 0x8C46, 0x9017, 0x982D, 0x5C6F, 0x81C0, 0x829A, 0x9041, 0x906F,
	0x920D, 0x5F97, 0x5D9D, 0x6A59, 0x71C8, 0x767B, 0x7B49, 0x85E4, 0x8B04, 0x9127, 0x9A30, 0x5587,
	0x61F6, 0xF95B, 0x7669, 0x7F85, 0x863F, 0x87BA, 0x88F8, 0x908F, 0xF95C, 0x6D1B, 0x70D9, 0x73DE,
	0x7D61, 0x843D, 0xF95D, 0x916A, 0x99F1, 0xF95E, 0x4E82, 0x5375, 0x6B04, 0x6B12, 0x703E, 0x721B,
	0x862D, 0x9E1E, 0x524C, 0x8FA3, 0x5D50, 0x64E5, 0x652C, 0x6B16, 0x6FEB, 0x7C43, 0x7E9C, 0x85CD,
	0x8964, 0x89BD, 0x62C9, 0x81D8, 0x881F, 0x5ECA, 0x6717, 0x6D6A, 0x72FC, 0x7405, 0x746F, 0x8782,
	0x90DE, 0x4F86, 0x5D0D, 0x5FA0, 0x840A, 0x51B7, 0x63A0, 0x7565, 0x4EAE, 0x5006, 0x5169, 0x51C9,
	0x6881, 0x6A11, 0x7CAE, 0x7CB1, 0x7CE7, 0x826F, 0x8AD2, 0x8F1B, 0x91CF, 0x4FB6, 0x5137, 0x52F5,
	0x5442, 0x5EEC, 0x616E, 0x623E, 0x65C5, 0x6ADA, 0x6FFE, 0x792A, 0x85DC, 0x8823, 0x95AD, 0x9A62,
	0x9A6A, 0x9E97, 0x9ECE, 0x529B, 0x66C6, 0x6B77, 0x701D, 0x792B, 0x8F62, 0x9742, 0x6190, 0x6200,
	0x6523, 0x6F23, 0x7149, 0x7489, 0x7DF4, 0x806F, 0x84EE, 0x8F26, 0x9023, 0x934A, 0x51BD, 0x5217,
	0x52A3, 0x6D0C, 0x70C8, 0x88C2, 0x5EC9, 0x6582, 0x6BAE, 0x6FC2, 0x7C3E, 0x7375, 0x4EE4, 0x4F36,
	0x56F9, 0xF95F, 0x5CBA, 0x5DBA, 0x601C, 0x73B2, 0x7B2D, 0x7F9A, 0x7FCE, 0x8046, 0x901E, 0x9234,
	0x96F6, 0x9748, 0x9818, 0x9F61, 0x4F8B, 0x6FA7, 0x79AE, 0x91B4, 0x96B7, 0x52DE, 0xF960, 0x6488,
	0x64C4, 0x6AD3, 0x6F5E, 0x7018, 0x7210, 0x76E7, 0x8001, 0x8606, 0x865C, 0x8DEF, 0x8F05, 0x9732,
	0x9B6F, 0x9DFA, 0x9E75, 0x788C, 0x797F, 0x7DA0, 0x83C9, 0x9304, 0x9E7F, 0x9E93, 0x8AD6, 0x58DF,
	0x5F04, 0x6727, 0x7027, 0x74CF, 0x7C60, 0x807E, 0x5121, 0x7028, 0x7262, 0x78CA, 0x8CC2, 0x8CDA,
	0x8CF4, 0x96F7, 0x4E86, 0x50DA, 0x5BEE, 0x5ED6, 0x6599, 0x71CE, 0x7642, 0x77AD, 0x804A, 0x84FC,
	0x907C, 0x9B27, 0x9F8D, 0x58D8, 0x5A41, 0x5C62, 0x6A13, 0x6DDA, 0x6F0F, 0x763B, 0x7D2F, 0x7E37,
	0x851E, 0x8938, 0x93E4, 0x964B, 0x5289, 0x65D2, 0x67F3, 0x69B4, 0x6D41, 0x6E9C, 0x700F, 0x7409,
	0x7460, 0x7559, 0x7624, 0x786B, 0x8B2C, 0x985E, 0x516D, 0x622E, 0x9678, 0x4F96, 0x502B, 0x5D19,
	0x6DEA, 0x7DB8, 0x8F2A, 0x5F8B, 0x6144, 0x6817, 0xF961, 0x9686, 0x52D2, 0x808B, 0x51DC, 0x51CC,
	0x695E, 0x7A1C, 0x7DBE, 0x83F1, 0x9675, 0x4FDA, 0x5229, 0x5398, 0x540F, 0x550E, 0x5C65, 0x60A7,
	0x674E, 0x68A8, 0x6D6C, 0x7281, 0x72F8, 0x7406, 0x7483, 0xF962, 0x75E2, 0x7C6C, 0x7F79, 0x7FB8,
	0x8389, 0x88CF, 0x88E1, 0x91CC, 0x91D0, 0x96E2, 0x9BC9, 0x541D, 0x6F7E, 0x71D0, 0x7498, 0x85FA,
	0x8EAA, 0x96A3, 0x9C57, 0x9E9F, 0x6797, 0x6DCB, 0x7433, 0x81E8, 0x9716, 0x782C, 0x7ACB, 0x7B20,
	0x7C92, 0x6469, 0x746A, 0x75F2, 0x78BC, 0x78E8, 0x99AC, 0x9B54, 0x9EBB, 0x5BDE, 0x5E55, 0x6F20,
	0x819C, 0x83AB, 0x9088, 0x4E07, 0x534D, 0x5A29, 0x5DD2, 0x5F4E, 0x6162, 0x633D, 0x6669, 0x66FC,
	0x6EFF, 0x6F2B, 0x7063, 0x779E, 0x842C, 0x8513, 0x883B, 0x8F13, 0x9945, 0x9C3B, 0x551C, 0x62B9,
	0x672B, 0x6CAB, 0x8309, 0x896A, 0x977A, 0x4EA1, 0x5984, 0x5FD8, 0x5FD9, 0x671B, 0x7DB2, 0x7F54,
	0x8292, 0x832B, 0x83BD, 0x8F1E, 0x9099, 0x57CB, 0x59B9, 0x5A92, 0x5BD0, 0x6627, 0x679A, 0x6885,
	0x6BCF, 0x7164, 0x7F75, 0x8CB7, 0x8CE3, 0x9081, 0x9B45, 0x8108, 0x8C8A, 0x964C, 0x9A40, 0x9EA5,
	0x5B5F, 0x6C13, 0x731B, 0x76F2, 0x76DF, 0x840C, 0x51AA, 0x8993, 0x514D, 0x5195, 0x52C9, 0x68C9,
	0x6C94, 0x7704, 0x7720, 0x7DBF, 0x7DEC, 0x9762, 0x9EB5, 0x6EC5, 0x8511, 0x51A5, 0x540D, 0x547D,
	0x660E, 0x669D, 0x6927, 0x6E9F, 0x76BF, 0x7791, 0x8317, 0x84C2, 0x879F, 0x9169, 0x9298, 0x9CF4,
	0x8882, 0x4FAE, 0x5192, 0x52DF, 0x59C6, 0x5E3D, 0x6155, 0x6478, 0x6479, 0x66AE, 0x67D0, 0x6A21,
	0x6BCD, 0x6BDB, 0x725F, 0x7261, 0x7441, 0x7738, 0x77DB, 0x8017, 0x82BC, 0x8305, 0x8B00, 0x8B28,
	0x8C8C, 0x6728, 0x6C90, 0x7267, 0x76EE, 0x7766, 0x7A46, 0x9DA9, 0x6B7F, 0x6C92, 0x5922, 0x6726,
	0x8499, 0x536F, 0x5893, 0x5999, 0x5EDF, 0x63CF, 0x6634, 0x6773, 0x6E3A, 0x732B, 0x7AD7, 0x82D7,
	0x9328, 0x52D9, 0x5DEB, 0x61AE, 0x61CB, 0x620A, 0x62C7, 0x64AB, 0x65E0, 0x6959, 0x6B66, 0x6BCB,
	0x7121, 0x73F7, 0x755D, 0x7E46, 0x821E, 0x8302, 0x856A, 0x8AA3, 0x8CBF, 0x9727, 0x9D61, 0x58A8,
	0x9ED8, 0x5011, 0x520E, 0x543B, 0x554F, 0x6587, 0x6C76, 0x7D0A, 0x7D0B, 0x805E, 0x868A, 0x9580,
	0x96EF, 0x52FF, 0x6C95, 0x7269, 0x5473, 0x5A9A, 0x5C3E, 0x5D4B, 0x5F4C, 0x5FAE, 0x672A, 0x68B6,
	0x6963, 0x6E3C, 0x6E44, 0x7709, 0x7C73, 0x7F8E, 0x8587, 0x8B0E, 0x8FF7, 0x9761, 0x9EF4, 0x5CB7,
	0x60B6, 0x610D, 0x61AB, 0x654F, 0x65FB, 0x65FC, 0x6C11, 0x6CEF, 0x739F, 0x73C9, 0x7DE1, 0x9594,
	0x5BC6, 0x871C, 0x8B10, 0x525D, 0x535A, 0x62CD, 0x640F, 0x64B2, 0x6734, 0x6A38, 0x6CCA, 0x73C0,
	0x749E, 0x7B94, 0x7C95, 0x7E1B, 0x818A, 0x8236, 0x8584, 0x8FEB, 0x96F9, 0x99C1, 0x4F34, 0x534A,
	0x53CD, 0x53DB, 0x62CC, 0x642C, 0x6500, 0x6591, 0x69C3, 0x6CEE, 0x6F58, 0x73ED, 0x7554, 0x7622,
	0x76E4, 0x76FC, 0x78D0, 0x78FB, 0x792C, 0x7D46, 0x822C, 0x87E0, 0x8FD4, 0x9812, 0x98EF, 0x52C3,
	0x62D4, 0x64A5, 0x6E24, 0x6F51, 0x767C, 0x8DCB, 0x91B1, 0x9262, 0x9AEE, 0x9B43, 0x5023, 0x508D,
	0x574A, 0x59A8, 0x5C28, 0x5E47, 0x5F77, 0x623F, 0x653E, 0x65B9, 0x65C1, 0x6609, 0x678B, 0x699C,
	0x6EC2, 0x78C5, 0x7D21, 0x80AA, 0x8180, 0x822B, 0x82B3, 0x84A1, 0x868C, 0x8A2A, 0x8B17, 0x90A6,
	0x9632, 0x9F90, 0x500D, 0x4FF3, 0xF963, 0x57F9, 0x5F98, 0x62DC, 0x6392, 0x676F, 0x6E43, 0x7119,
	0x76C3, 0x80CC, 0x80DA, 0x88F4, 0x88F5, 0x8919, 0x8CE0, 0x8F29, 0x914D, 0x966A, 0x4F2F, 0x4F70,
	0x5E1B, 0x67CF, 0x6822, 0x767D, 0x767E, 0x9B44, 0x5E61, 0x6A0A, 0x7169, 0x71D4, 0x756A, 0xF964,
	0x7E41, 0x8543, 0x85E9, 0x98DC, 0x4F10, 0x7B4F, 0x7F70, 0x95A5, 0x51E1, 0x5E06, 0x68B5, 0x6C3E,
	0x6C4E, 0x6CDB, 0x72AF, 0x7BC4, 0x8303, 0x6CD5, 0x743A, 0x50FB, 0x5288, 0x58C1, 0x64D8, 0x6A97,
	0x74A7, 0x7656, 0x78A7, 0x8617, 0x95E2, 0x9739, 0xF965, 0x535E, 0x5F01, 0x8B8A, 0x8FA8, 0x8FAF,
	0x908A, 0x5225, 0x77A5, 0x9C49, 0x9F08, 0x4E19, 0x5002, 0x5175, 0x5C5B, 0x5E77, 0x661E, 0x663A,
	0x67C4, 0x68C5, 0x70B3, 0x7501, 0x75C5, 0x79C9, 0x7ADD, 0x8F27, 0x9920, 0x9A08, 0x4FDD, 0x5821,
	0x5831, 0x5BF6, 0x666E, 0x6B65, 0x6D11, 0x6E7A, 0x6F7D, 0x73E4, 0x752B, 0x83E9, 0x88DC, 0x8913,
	0x8B5C, 0x8F14, 0x4F0F, 0x50D5, 0x5310, 0x535C, 0x5B93, 0x5FA9, 0x670D, 0x798F, 0x8179, 0x832F,
	0x8514, 0x8907, 0x8986, 0x8F39, 0x8F3B, 0x99A5, 0x9C12, 0x672C, 0x4E76, 0x4FF8, 0x5949, 0x5C01,
	0x5CEF, 0x5CF0, 0x6367, 0x68D2, 0x70FD, 0x71A2, 0x742B, 0x7E2B, 0x84EC, 0x8702, 0x9022, 0x92D2,
	0x9CF3, 0x4E0D, 0x4ED8, 0x4FEF, 0x5085, 0x5256, 0x526F, 0x5426, 0x5490, 0x57E0, 0x592B, 0x5A66,
	0x5B5A, 0x5B75, 0x5BCC, 0x5E9C, 0xF966, 0x6276, 0x6577, 0x65A7, 0x6D6E, 0x6EA5, 0x7236, 0x7B26,
	0x7C3F, 0x7F36, 0x8150, 0x8151, 0x819A, 0x8240, 0x8299, 0x83A9, 0x8A03, 0x8CA0, 0x8CE6, 0x8CFB,
	0x8D74, 0x8DBA, 0x90E8, 0x91DC, 0x961C, 0x9644, 0x99D9, 0x9CE7, 0x5317, 0x5206, 0x5429, 0x5674,
	0x58B3, 0x5954, 0x596E, 0x5FFF, 0x61A4, 0x626E, 0x6610, 0x6C7E, 0x711A, 0x76C6, 0x7C89, 0x7CDE,
	0x7D1B, 0x82AC, 0x8CC1, 0x96F0, 0xF967, 0x4F5B, 0x5F17, 0x5F7F, 0x62C2, 0x5D29, 0x670B, 0x68DA,
	0x787C, 0x7E43, 0x9D6C, 0x4E15, 0x5099, 0x5315, 0x532A, 0x5351, 0x5983, 0x5A62, 0x5E87, 0x60B2,
	0x618A, 0x6249, 0x6279, 0x6590, 0x6787, 0x69A7, 0x6BD4, 0x6BD6, 0x6BD7, 0x6BD8, 0x6CB8, 0xF968,
	0x7435, 0x75FA, 0x7812, 0x7891, 0x79D5, 0x79D8, 0x7C83, 0x7DCB, 0x7FE1, 0x80A5, 0x813E, 0x81C2,
	0x83F2, 0x871A, 0x88E8, 0x8AB9, 0x8B6C, 0x8CBB, 0x9119, 0x975E, 0x98DB, 0x9F3B, 0x56AC, 0x5B2A,
	0x5F6C, 0x658C, 0x6AB3, 0x6BAF, 0x6D5C, 0x6FF1, 0x7015, 0x725D, 0x73AD, 0x8CA7, 0x8CD3, 0x983B,
	0x6191, 0x6C37, 0x8058, 0x9A01, 0x4E4D, 0x4E8B, 0x4E9B, 0x4ED5, 0x4F3A, 0x4F3C, 0x4F7F, 0x4FDF,
	0x50FF, 0x53F2, 0x53F8, 0x5506, 0x55E3, 0x56DB, 0x58EB, 0x5962, 0x5A11, 0x5BEB, 0x5BFA, 0x5C04,
	0x5DF3, 0x5E2B, 0x5F99, 0x601D, 0x6368, 0x659C, 0x65AF, 0x67F6, 0x67FB, 0x68AD, 0x6B7B, 0x6C99,
	0x6CD7, 0x6E23, 0x7009, 0x7345, 0x7802, 0x793E, 0x7940, 0x7960, 0x79C1, 0x7BE9, 0x7D17, 0x7D72,
	0x8086, 0x820D, 0x838E, 0x84D1, 0x86C7, 0x88DF, 0x8A50, 0x8A5E, 0x8B1D, 0x8CDC, 0x8D66, 0x8FAD,
	0x90AA, 0x98FC, 0x99DF, 0x9E9D, 0x524A, 0xF969, 0x6714, 0xF96A, 0x5098, 0x522A, 0x5C71, 0x6563,
	0x6C55, 0x73CA, 0x7523, 0x759D, 0x7B97, 0x849C, 0x9178, 0x9730, 0x4E77, 0x6492, 0x6BBA, 0x715E,
	0x85A9, 0x4E09, 0xF96B, 0x6749, 0x68EE, 0x6E17, 0x829F, 0x8518, 0x886B, 0x63F7, 0x6F81, 0x9212,
	0x98AF, 0x4E0A, 0x50B7, 0x50CF, 0x511F, 0x5546, 0x55AA, 0x5617, 0x5B40, 0x5C19, 0x5CE0, 0x5E38,
	0x5E8A, 0x5EA0, 0x5EC2, 0x60F3, 0x6851, 0x6A61, 0x6E58, 0x723D, 0x7240, 0x72C0, 0x76F8, 0x7965,
	0x7BB1, 0x7FD4, 0x88F3, 0x89F4, 0x8A73, 0x8C61, 0x8CDE, 0x971C, 0x585E, 0x74BD, 0x8CFD, 0x55C7,
	0xF96C, 0x7A61, 0x7D22, 0x8272, 0x7272, 0x751F, 0x7525, 0xF96D, 0x7B19, 0x5885, 0x58FB, 0x5DBC,
	0x5E8F, 0x5EB6, 0x5F90, 0x6055, 0x6292, 0x637F, 0x654D, 0x6691, 0x66D9, 0x66F8, 0x6816, 0x68F2,
	0x7280, 0x745E, 0x7B6E, 0x7D6E, 0x7DD6, 0x7F72, 0x80E5, 0x8212, 0x85AF, 0x897F, 0x8A93, 0x901D,
	0x92E4, 0x9ECD, 0x9F20, 0x5915, 0x596D, 0x5E2D, 0x60DC, 0x6614, 0x6673, 0x6790, 0x6C50, 0x6DC5,
	0x6F5F, 0x77F3, 0x78A9, 0x84C6, 0x91CB, 0x932B, 0x4ED9, 0x50CA, 0x5148, 0x5584, 0x5B0B, 0x5BA3,
	0x6247, 0x657E, 0x65CB, 0x6E32, 0x717D, 0x7401, 0x7444, 0x7487, 0x74BF, 0x766C, 0x79AA, 0x7DDA,
	0x7E55, 0x7FA8, 0x817A, 0x81B3, 0x8239, 0x861A, 0x87EC, 0x8A75, 0x8DE3, 0x9078, 0x9291, 0x9425,
	0x994D, 0x9BAE, 0x5368, 0x5C51, 0x6954, 0x6CC4, 0x6D29, 0x6E2B, 0x820C, 0x859B, 0x893B, 0x8A2D,
	0x8AAA, 0x96EA, 0x9F67, 0x5261, 0x66B9, 0x6BB2, 0x7E96, 0x87FE, 0x8D0D, 0x9583, 0x965D, 0x651D,
	0x6D89, 0x71EE, 0xF96E, 0x57CE, 0x59D3, 0x5BAC, 0x6027, 0x60FA, 0x6210, 0x661F, 0x665F, 0x7329,
	0x73F9, 0x76DB, 0x7701, 0x7B6C, 0x8056, 0x8072, 0x8165, 0x8AA0, 0x9192, 0x4E16, 0x52E2, 0x6B72,
	0x6D17, 0x7A05, 0x7B39, 0x7D30, 0xF96F, 0x8CB0, 0x53EC, 0x562F, 0x5851, 0x5BB5, 0x5C0F, 0x5C11,
	0x5DE2, 0x6240, 0x6383, 0x6414, 0x662D, 0x68B3, 0x6CBC, 0x6D88, 0x6EAF, 0x701F, 0x70A4, 0x71D2,
	0x7526, 0x758F, 0x758E, 0x7619, 0x7B11, 0x7BE0, 0x7C2B, 0x7D20, 0x7D39, 0x852C, 0x856D, 0x8607,
	0x8A34, 0x900D, 0x9061, 0x90B5, 0x92B7, 0x97F6, 0x9A37, 0x4FD7, 0x5C6C, 0x675F, 0x6D91, 0x7C9F,
	0x7E8C, 0x8B16, 0x8D16, 0x901F, 0x5B6B, 0x5DFD, 0x640D, 0x84C0, 0x905C, 0x98E1, 0x7387, 0x5B8B,
	0x609A, 0x677E, 0x6DDE, 0x8A1F, 0x8AA6, 0x9001, 0x980C, 0x5237, 0xF970, 0x7051, 0x788E, 0x9396,
	0x8870, 0x91D7, 0x4FEE, 0x53D7, 0x55FD, 0x56DA, 0x5782, 0x58FD, 0x5AC2, 0x5B88, 0x5CAB, 0x5CC0,
	0x5E25, 0x6101, 0x620D, 0x624B, 0x6388, 0x641C, 0x6536, 0x6578, 0x6A39, 0x6B8A, 0x6C34, 0x6D19,
	0x6F31, 0x71E7, 0x72E9, 0x7378, 0x7407, 0x74B2, 0x7626, 0x7761, 0x79C0, 0x7A57, 0x7AEA, 0x7CB9,
	0x7D8F, 0x7DAC, 0x7E61, 0x7F9E, 0x8129, 0x8331, 0x8490, 0x84DA, 0x85EA, 0x8896, 0x8AB0, 0x8B90,
	0x8F38, 0x9042, 0x9083, 0x916C, 0x9296, 0x92B9, 0x968B, 0x96A7, 0x96A8, 0x96D6, 0x9700, 0x9808,
	0x9996, 0x9AD3, 0x9B1A, 0x53D4, 0x587E, 0x5919, 0x5B70, 0x5BBF, 0x6DD1, 0x6F5A, 0x719F, 0x7421,
	0x74B9, 0x8085, 0x83FD, 0x5DE1, 0x5F87, 0x5FAA, 0x6042, 0x65EC, 0x6812, 0x696F, 0x6A53, 0x6B89,
	0x6D35, 0x6DF3, 0x73E3, 0x76FE, 0x77AC, 0x7B4D, 0x7D14, 0x8123, 0x821C, 0x8340, 0x84F4, 0x8563,
	0x8A62, 0x8AC4, 0x9187, 0x931E, 0x9806, 0x99B4, 0x620C, 0x8853, 0x8FF0, 0x9265, 0x5D07, 0x5D27,
	0x5D69, 0x745F, 0x819D, 0x8768, 0x6FD5, 0x62FE, 0x7FD2, 0x8936, 0x8972, 0x4E1E, 0x4E58, 0x50E7,
	0x52DD, 0x5347, 0x627F, 0x6607, 0x7E69, 0x8805, 0x965E, 0x4F8D, 0x5319, 0x5636, 0x59CB, 0x5AA4,
	0x5C38, 0x5C4E, 0x5C4D, 0x5E02, 0x5F11, 0x6043, 0x65BD, 0x662F, 0x6642, 0x67BE, 0x67F4, 0x731C,
	0x77E2, 0x793A, 0x7FC5, 0x8494, 0x84CD, 0x8996, 0x8A66, 0x8A69, 0x8AE1, 0x8C55, 0x8C7A, 0x57F4,
	0x5BD4, 0x5F0F, 0x606F, 0x62ED, 0x690D, 0x6B96, 0x6E5C, 0x7184, 0x7BD2, 0x8755, 0x8B58, 0x8EFE,
	0x98DF, 0x98FE, 0x4F38, 0x4F81, 0x4FE1, 0x547B, 0x5A20, 0x5BB8, 0x613C, 0x65B0, 0x6668, 0x71FC,
	0x7533, 0x795E, 0x7D33, 0x814E, 0x81E3, 0x8398, 0x85AA, 0x85CE, 0x8703, 0x8A0A, 0x8EAB, 0x8F9B,
	0xF971, 0x8FC5, 0x5931, 0x5BA4, 0x5BE6, 0x6089, 0x5BE9, 0x5C0B, 0x5FC3, 0x6C81, 0xF972, 0x6DF1,
	0x700B, 0x751A, 0x82AF, 0x8AF6, 0x4EC0, 0x5341, 0xF973, 0x96D9, 0x6C0F, 0x4E9E, 0x4FC4, 0x5152,
	0x555E, 0x5A25, 0x5CE8, 0x6211, 0x7259, 0x82BD, 0x83AA, 0x86FE, 0x8859, 0x8A1D, 0x963F, 0x96C5,
	0x9913, 0x9D09, 0x9D5D, 0x580A, 0x5CB3, 0x5DBD, 0x5E44, 0x60E1, 0x6115, 0x63E1, 0x6A02, 0x6E25,
	0x9102, 0x9354, 0x984E, 0x9C10, 0x9F77, 0x5B89, 0x5CB8, 0x6309, 0x664F, 0x6848, 0x773C, 0x96C1,
	0x978D, 0x9854, 0x9B9F, 0x65A1, 0x8B01, 0x8ECB, 0x95BC, 0x5535, 0x5CA9, 0x5DD6, 0x5EB5, 0x6697,
	0x764C, 0x83F4, 0x95C7, 0x58D3, 0x62BC, 0x72CE, 0x9D28, 0x4EF0, 0x592E, 0x600F, 0x663B, 0x6B83,
	0x79E7, 0x9D26, 0x5393, 0x54C0, 0x57C3, 0x5D16, 0x611B, 0x66D6, 0x6DAF, 0x788D, 0x827E, 0x9698,
	0x9744, 0x5384, 0x627C, 0x6396, 0x6DB2, 0x7E0A, 0x814B, 0x984D, 0x6AFB, 0x7F4C, 0x9DAF, 0x9E1A,
	0x4E5F, 0x503B, 0x51B6, 0x591C, 0x60F9, 0x63F6, 0x6930, 0x723A, 0x8036, 0xF974, 0x91CE, 0x5F31,
	0xF975, 0xF976, 0x7D04, 0x82E5, 0x846F, 0x84BB, 0x85E5, 0x8E8D, 0xF977, 0x4F6F, 0xF978, 0xF979,
	0x58E4, 0x5B43, 0x6059, 0x63DA, 0x6518, 0x656D, 0x6698, 0xF97A, 0x694A, 0x6A23, 0x6D0B, 0x7001,
	0x716C, 0x75D2, 0x760D, 0x79B3, 0x7A70, 0xF97B, 0x7F8A, 0xF97C, 0x8944, 0xF97D, 0x8B93, 0x91C0,
	0x967D, 0xF97E, 0x990A, 0x5704, 0x5FA1, 0x65BC, 0x6F01, 0x7600, 0x79A6, 0x8A9E, 0x99AD, 0x9B5A,
	0x9F6C, 0x5104, 0x61B6, 0x6291, 0x6A8D, 0x81C6, 0x5043, 0x5830, 0x5F66, 0x7109, 0x8A00, 0x8AFA,
	0x5B7C, 0x8616, 0x4FFA, 0x513C, 0x56B4, 0x5944, 0x63A9, 0x6DF9, 0x5DAA, 0x696D, 0x5186, 0x4E88,
	0x4F59, 0xF97F, 0xF980, 0xF981, 0x5982, 0xF982, 0xF983, 0x6B5F, 0x6C5D, 0xF984, 0x74B5, 0x7916,
	0xF985, 0x8207, 0x8245, 0x8339, 0x8F3F, 0x8F5D, 0xF986, 0x9918, 0xF987, 0xF988, 0xF989, 0x4EA6,
	0xF98A, 0x57DF, 0x5F79, 0x6613, 0xF98B, 0xF98C, 0x75AB, 0x7E79, 0x8B6F, 0xF98D, 0x9006, 0x9A5B,
	0x56A5, 0x5827, 0x59F8, 0x5A1F, 0x5BB4, 0xF98E, 0x5EF6, 0xF98F, 0xF990, 0x6350, 0x633B, 0xF991,
	0x693D, 0x6C87, 0x6CBF, 0x6D8E, 0x6D93, 0x6DF5, 0x6F14, 0xF992, 0x70DF, 0x7136, 0x7159, 0xF993,
	0x71C3, 0x71D5, 0xF994, 0x784F, 0x786F, 0xF995, 0x7B75, 0x7DE3, 0xF996, 0x7E2F, 0xF997, 0x884D,
	0x8EDF, 0xF998, 0xF999, 0xF99A, 0x925B, 0xF99B, 0x9CF6, 0xF99C, 0xF99D, 0xF99E, 0x6085, 0x6D85,
	0xF99F, 0x71B1, 0xF9A0, 0xF9A1, 0x95B1, 0x53AD, 0xF9A2, 0xF9A3, 0xF9A4, 0x67D3, 0xF9A5, 0x708E,
	0x7130, 0x7430, 0x8276, 0x82D2, 0xF9A6, 0x95BB, 0x9AE5, 0x9E7D, 0x66C4, 0xF9A7, 0x71C1, 0x8449,
	0xF9A8, 0xF9A9, 0x584B, 0xF9AA, 0xF9AB, 0x5DB8, 0x5F71, 0xF9AC, 0x6620, 0x668E, 0x6979, 0x69AE,
	0x6C38, 0x6CF3, 0x6E36, 0x6F41, 0x6FDA, 0x701B, 0x702F, 0x7150, 0x71DF, 0x7370, 0xF9AD, 0x745B,
	0xF9AE, 0x74D4, 0x76C8, 0x7A4E, 0x7E93, 0xF9AF, 0xF9B0, 0x82F1, 0x8A60, 0x8FCE, 0xF9B1, 0x9348,
	0xF9B2, 0x9719, 0xF9B3, 0xF9B4, 0x4E42, 0x502A, 0xF9B5, 0x5208, 0x53E1, 0x66F3, 0x6C6D, 0x6FCA,
	0x730A, 0x777F, 0x7A62, 0x82AE, 0x85DD, 0x8602, 0xF9B6, 0x88D4, 0x8A63, 0x8B7D, 0x8C6B, 0xF9B7,
	0x92B3, 0xF9B8, 0x9713, 0x9810, 0x4E94, 0x4F0D, 0x4FC9, 0x50B2, 0x5348, 0x543E, 0x5433, 0x55DA,
	0x5862, 0x58BA, 0x5967, 0x5A1B, 0x5BE4, 0x609F, 0xF9B9, 0x61CA, 0x6556, 0x65FF, 0x6664, 0x68A7,
	0x6C5A, 0x6FB3, 0x70CF, 0x71AC, 0x7352, 0x7B7D, 0x8708, 0x8AA4, 0x9C32, 0x9F07, 0x5C4B, 0x6C83,
	0x7344, 0x7389, 0x923A, 0x6EAB, 0x7465, 0x761F, 0x7A69, 0x7E15, 0x860A, 0x5140, 0x58C5, 0x64C1,
	0x74EE, 0x7515, 0x7670, 0x7FC1, 0x9095, 0x96CD, 0x9954, 0x6E26, 0x74E6, 0x7AA9, 0x7AAA, 0x81E5,
	0x86D9, 0x8778, 0x8A1B, 0x5A49, 0x5B8C, 0x5B9B, 0x68A1, 0x6900, 0x6D63, 0x73A9, 0x7413, 0x742C,
	0x7897, 0x7DE9, 0x7FEB, 0x8118, 0x8155, 0x839E, 0x8C4C, 0x962E, 0x9811, 0x66F0, 0x5F80, 0x65FA,
	0x6789, 0x6C6A, 0x738B, 0x502D, 0x5A03, 0x6B6A, 0x77EE, 0x5916, 0x5D6C, 0x5DCD, 0x7325, 0x754F,
	0xF9BA, 0xF9BB, 0x50E5, 0x51F9, 0x582F, 0x592D, 0x5996, 0x59DA, 0x5BE5, 0xF9BC, 0xF9BD, 0x5DA2,
	0x62D7, 0x6416, 0x6493, 0x64FE, 0xF9BE, 0x66DC, 0xF9BF, 0x6A48, 0xF9C0, 0x71FF, 0x7464, 0xF9C1,
	0x7A88, 0x7AAF, 0x7E47, 0x7E5E, 0x8000, 0x8170, 0xF9C2, 0x87EF, 0x8981, 0x8B20, 0x9059, 0xF9C3,
	0x9080, 0x9952, 0x617E, 0x6B32, 0x6D74, 0x7E1F, 0x8925, 0x8FB1, 0x4FD1, 0x50AD, 0x5197, 0x52C7,
	0x57C7, 0x5889, 0x5BB9, 0x5EB8, 0x6142, 0x6995, 0x6D8C, 0x6E67, 0x6EB6, 0x7194, 0x7462, 0x7528,
	0x752C, 0x8073, 0x8338, 0x84C9, 0x8E0A, 0x9394, 0x93DE, 0xF9C4, 0x4E8E, 0x4F51, 0x5076, 0x512A,
	0x53C8, 0x53CB, 0x53F3, 0x5B87, 0x5BD3, 0x5C24, 0x611A, 0x6182, 0x65F4, 0x725B, 0x7397, 0x7440,
	0x76C2, 0x7950, 0x7991, 0x79B9, 0x7D06, 0x7FBD, 0x828B, 0x85D5, 0x865E, 0x8FC2, 0x9047, 0x90F5,
	0x91EA, 0x9685, 0x96E8, 0x96E9, 0x52D6, 0x5F67, 0x65ED, 0x6631, 0x682F, 0x715C, 0x7A36, 0x90C1,
	0x980A, 0x4E91, 0xF9C5, 0x6A52, 0x6B9E, 0x6F90, 0x7189, 0x8018, 0x82B8, 0x8553, 0x904B, 0x9695,
	0x96F2, 0x97FB, 0x851A, 0x9B31, 0x4E90, 0x718A, 0x96C4, 0x5143, 0x539F, 0x54E1, 0x5713, 0x5712,
	0x57A3, 0x5A9B, 0x5AC4, 0x5BC3, 0x6028, 0x613F, 0x63F4, 0x6C85, 0x6D39, 0x6E72, 0x6E90, 0x7230,
	0x733F, 0x7457, 0x82D1, 0x8881, 0x8F45, 0x9060, 0xF9C6, 0x9662, 0x9858, 0x9D1B, 0x6708, 0x8D8A,
	0x925E, 0x4F4D, 0x5049, 0x50DE, 0x5371, 0x570D, 0x59D4, 0x5A01, 0x5C09, 0x6170, 0x6690, 0x6E2D,
	0x7232, 0x744B, 0x7DEF, 0x80C3, 0x840E, 0x8466, 0x853F, 0x875F, 0x885B, 0x8918, 0x8B02, 0x9055,
	0x97CB, 0x9B4F, 0x4E73, 0x4F91, 0x5112, 0x516A, 0xF9C7, 0x552F, 0x55A9, 0x5B7A, 0x5BA5, 0x5E7C,
	0x5E7D, 0x5EBE, 0x60A0, 0x60DF, 0x6108, 0x6109, 0x63C4, 0x6538, 0x6709, 0xF9C8, 0x67D4, 0x67DA,
	0xF9C9, 0x6961, 0x6962, 0x6CB9, 0x6D27, 0xF9CA, 0x6E38, 0xF9CB, 0x6FE1, 0x7336, 0x7337, 0xF9CC,
	0x745C, 0x7531, 0xF9CD, 0x7652, 0xF9CE, 0xF9CF, 0x7DAD, 0x81FE, 0x8438, 0x88D5, 0x8A98, 0x8ADB,
	0x8AED, 0x8E30, 0x8E42, 0x904A, 0x903E, 0x907A, 0x9149, 0x91C9, 0x936E, 0xF9D0, 0xF9D1, 0x5809,
	0xF9D2, 0x6BD3, 0x8089, 0x80B2, 0xF9D3, 0xF9D4, 0x5141, 0x596B, 0x5C39, 0xF9D5, 0xF9D6, 0x6F64,
	0x73A7, 0x80E4, 0x8D07, 0xF9D7, 0x9217, 0x958F, 0xF9D8, 0xF9D9, 0xF9DA, 0xF9DB, 0x807F, 0x620E,
	0x701C, 0x7D68, 0x878D, 0xF9DC, 0x57A0, 0x6069, 0x6147, 0x6BB7, 0x8ABE, 0x9280, 0x96B1, 0x4E59,
	0x541F, 0x6DEB, 0x852D, 0x9670, 0x97F3, 0x98EE, 0x63D6, 0x6CE3, 0x9091, 0x51DD, 0x61C9, 0x81BA,
	0x9DF9, 0x4F9D, 0x501A, 0x5100, 0x5B9C, 0x610F, 0x61FF, 0x64EC, 0x6905, 0x6BC5, 0x7591, 0x77E3,
	0x7FA9, 0x8264, 0x858F, 0x87FB, 0x8863, 0x8ABC, 0x8B70, 0x91AB, 0x4E8C, 0x4EE5, 0x4F0A, 0xF9DD,
	0xF9DE, 0x5937, 0x59E8, 0xF9DF, 0x5DF2, 0x5F1B, 0x5F5B, 0x6021, 0xF9E0, 0xF9E1, 0xF9E2, 0xF9E3,
	0x723E, 0x73E5, 0xF9E4, 0x7570, 0x75CD, 0xF9E5, 0x79FB, 0xF9E6, 0x800C, 0x8033, 0x8084, 0x82E1,
	0x8351, 0xF9E7, 0xF9E8, 0x8CBD, 0x8CB3, 0x9087, 0xF9E9, 0xF9EA, 0x98F4, 0x990C, 0xF9EB, 0xF9EC,
	0x7037, 0x76CA, 0x7FCA, 0x7FCC, 0x7FFC, 0x8B1A, 0x4EBA, 0x4EC1, 0x5203, 0x5370, 0xF9ED, 0x54BD,
	0x56E0, 0x59FB, 0x5BC5, 0x5F15, 0x5FCD, 0x6E6E, 0xF9EE, 0xF9EF, 0x7D6A, 0x8335, 0xF9F0, 0x8693,
	0x8A8D, 0xF9F1, 0x976D, 0x9777, 0xF9F2, 0xF9F3, 0x4E00, 0x4F5A, 0x4F7E, 0x58F9, 0x65E5, 0x6EA2,
	0x9038, 0x93B0, 0x99B9, 0x4EFB, 0x58EC, 0x598A, 0x59D9, 0x6041, 0xF9F4, 0xF9F5, 0x7A14, 0xF9F6,
	0x834F, 0x8CC3, 0x5165, 0x5344, 0xF9F7, 0xF9F8, 0xF9F9, 0x4ECD, 0x5269, 0x5B55, 0x82BF, 0x4ED4,
	0x523A, 0x54A8, 0x59C9, 0x59FF, 0x5B50, 0x5B57, 0x5B5C, 0x6063, 0x6148, 0x6ECB, 0x7099, 0x716E,
	0x7386, 0x74F7, 0x75B5, 0x78C1, 0x7D2B, 0x8005, 0x81EA, 0x8328, 0x8517, 0x85C9, 0x8AEE, 0x8CC7,
	0x96CC, 0x4F5C, 0x52FA, 0x56BC, 0x65AB, 0x6628, 0x707C, 0x70B8, 0x7235, 0x7DBD, 0x828D, 0x914C,
	0x96C0, 0x9D72, 0x5B71, 0x68E7, 0x6B98, 0x6F7A, 0x76DE, 0x5C91, 0x66AB, 0x6F5B, 0x7BB4, 0x7C2A,
	0x8836, 0x96DC, 0x4E08, 0x4ED7, 0x5320, 0x5834, 0x58BB, 0x58EF, 0x596C, 0x5C07, 0x5E33, 0x5E84,
	0x5F35, 0x638C, 0x66B2, 0x6756, 0x6A1F, 0x6AA3, 0x6B0C, 0x6F3F, 0x7246, 0xF9FA, 0x7350, 0x748B,
	0x7AE0, 0x7CA7, 0x8178, 0x81DF, 0x81E7, 0x838A, 0x846C, 0x8523, 0x8594, 0x85CF, 0x88DD, 0x8D13,
	0x91AC, 0x9577, 0x969C, 0x518D, 0x54C9, 0x5728, 0x5BB0, 0x624D, 0x6750, 0x683D, 0x6893, 0x6E3D,
	0x6ED3, 0x707D, 0x7E21, 0x88C1, 0x8CA1, 0x8F09, 0x9F4B, 0x9F4E, 0x722D, 0x7B8F, 0x8ACD, 0x931A,
	0x4F47, 0x4F4E, 0x5132, 0x5480, 0x59D0, 0x5E95, 0x62B5, 0x6775, 0x696E, 0x6A17, 0x6CAE, 0x6E1A,
	0x72D9, 0x732A, 0x75BD, 0x7BB8, 0x7D35, 0x82E7, 0x83F9, 0x8457, 0x85F7, 0x8A5B, 0x8CAF, 0x8E87,
	0x9019, 0x90B8, 0x96CE, 0x9F5F, 0x52E3, 0x540A, 0x5AE1, 0x5BC2, 0x6458, 0x6575, 0x6EF4, 0x72C4,
	0xF9FB, 0x7684, 0x7A4D, 0x7B1B, 0x7C4D, 0x7E3E, 0x7FDF, 0x837B, 0x8B2B, 0x8CCA, 0x8D64, 0x8DE1,
	0x8E5F, 0x8FEA, 0x8FF9, 0x9069, 0x93D1, 0x4F43, 0x4F7A, 0x50B3, 0x5168, 0x5178, 0x524D, 0x526A,
	0x5861, 0x587C, 0x5960, 0x5C08, 0x5C55, 0x5EDB, 0x609B, 0x6230, 0x6813, 0x6BBF, 0x6C08, 0x6FB1,
	0x714E, 0x7420, 0x7530, 0x7538, 0x7551, 0x7672, 0x7B4C, 0x7B8B, 0x7BAD, 0x7BC6, 0x7E8F, 0x8A6E,
	0x8F3E, 0x8F49, 0x923F, 0x9293, 0x9322, 0x942B, 0x96FB, 0x985A, 0x986B, 0x991E, 0x5207, 0x622A,
	0x6298, 0x6D59, 0x7664, 0x7ACA, 0x7BC0, 0x7D76, 0x5360, 0x5CBE, 0x5E97, 0x6F38, 0x70B9, 0x7C98,
	0x9711, 0x9B8E, 0x9EDE, 0x63A5, 0x647A, 0x8776, 0x4E01, 0x4E95, 0x4EAD, 0x505C, 0x5075, 0x5448,
	0x59C3, 0x5B9A, 0x5E40, 0x5EAD, 0x5EF7, 0x5F81, 0x60C5, 0x633A, 0x653F, 0x6574, 0x65CC, 0x6676,
	0x6678, 0x67FE, 0x6968, 0x6A89, 0x6B63, 0x6C40, 0x6DC0, 0x6DE8, 0x6E1F, 0x6E5E, 0x701E, 0x70A1,
	0x738E, 0x73FD, 0x753A, 0x775B, 0x7887, 0x798E, 0x7A0B, 0x7A7D, 0x7CBE, 0x7D8E, 0x8247, 0x8A02,
	0x8AEA, 0x8C9E, 0x912D, 0x914A, 0x91D8, 0x9266, 0x92CC, 0x9320, 0x9706, 0x9756, 0x975C, 0x9802,
	0x9F0E, 0x5236, 0x5291, 0x557C, 0x5824, 0x5E1D, 0x5F1F, 0x608C, 0x63D0, 0x68AF, 0x6FDF, 0x796D,
	0x7B2C, 0x81CD, 0x85BA, 0x88FD, 0x8AF8, 0x8E44, 0x918D, 0x9664, 0x969B, 0x973D, 0x984C, 0x9F4A,
	0x4FCE, 0x5146, 0x51CB, 0x52A9, 0x5632, 0x5F14, 0x5F6B, 0x63AA, 0x64CD, 0x65E9, 0x6641, 0x66FA,
	0x66F9, 0x671D, 0x689D, 0x68D7, 0x69FD, 0x6F15, 0x6F6E, 0x7167, 0x71E5, 0x722A, 0x74AA, 0x773A,
	0x7956, 0x795A, 0x79DF, 0x7A20, 0x7A95, 0x7C97, 0x7CDF, 0x7D44, 0x7E70, 0x8087, 0x85FB, 0x86A4,
	0x8A54, 0x8ABF, 0x8D99, 0x8E81, 0x9020, 0x906D, 0x91E3, 0x963B, 0x96D5, 0x9CE5, 0x65CF, 0x7C07,
	0x8DB3, 0x93C3, 0x5B58, 0x5C0A, 0x5352, 0x62D9, 0x731D, 0x5027, 0x5B97, 0x5F9E, 0x60B0, 0x616B,
	0x68D5, 0x6DD9, 0x742E, 0x7A2E, 0x7D42, 0x7D9C, 0x7E31, 0x816B, 0x8E2A, 0x8E35, 0x937E, 0x9418,
	0x4F50, 0x5750, 0x5DE6, 0x5EA7, 0x632B, 0x7F6A, 0x4E3B, 0x4F4F, 0x4F8F, 0x505A, 0x59DD, 0x80C4,
	0x546A, 0x5468, 0x55FE, 0x594F, 0x5B99, 0x5DDE, 0x5EDA, 0x665D, 0x6731, 0x67F1, 0x682A, 0x6CE8,
	0x6D32, 0x6E4A, 0x6F8D, 0x70B7, 0x73E0, 0x7587, 0x7C4C, 0x7D02, 0x7D2C, 0x7DA2, 0x821F, 0x86DB,
	0x8A3B, 0x8A85, 0x8D70, 0x8E8A, 0x8F33, 0x9031, 0x914E, 0x9152, 0x9444, 0x99D0, 0x7AF9, 0x7CA5,
	0x4FCA, 0x5101, 0x51C6, 0x57C8, 0x5BEF, 0x5CFB, 0x6659, 0x6A3D, 0x6D5A, 0x6E96, 0x6FEC, 0x710C,
	0x756F, 0x7AE3, 0x8822, 0x9021, 0x9075, 0x96CB, 0x99FF, 0x8301, 0x4E2D, 0x4EF2, 0x8846, 0x91CD,
	0x537D, 0x6ADB, 0x696B, 0x6C41, 0x847A, 0x589E, 0x618E, 0x66FE, 0x62EF, 0x70DD, 0x7511, 0x75C7,
	0x7E52, 0x84B8, 0x8B49, 0x8D08, 0x4E4B, 0x53EA, 0x54AB, 0x5730, 0x5740, 0x5FD7, 0x6301, 0x6307,
	0x646F, 0x652F, 0x65E8, 0x667A, 0x679D, 0x67B3, 0x6B62, 0x6C60, 0x6C9A, 0x6F2C, 0x77E5, 0x7825,
	0x7949, 0x7957, 0x7D19, 0x80A2, 0x8102, 0x81F3, 0x829D, 0x82B7, 0x8718, 0x8A8C, 0xF9FC, 0x8D04,
	0x8DBE, 0x9072, 0x76F4, 0x7A19, 0x7A37, 0x7E54, 0x8077, 0x5507, 0x55D4, 0x5875, 0x632F, 0x6422,
	0x6649, 0x664B, 0x686D, 0x699B, 0x6B84, 0x6D25, 0x6EB1, 0x73CD, 0x7468, 0x74A1, 0x755B, 0x75B9,
	0x76E1, 0x771E, 0x778B, 0x79E6, 0x7E09, 0x7E1D, 0x81FB, 0x852F, 0x8897, 0x8A3A, 0x8CD1, 0x8EEB,
	0x8FB0, 0x9032, 0x93AD, 0x9663, 0x9673, 0x9707, 0x4F84, 0x53F1, 0x59EA, 0x5AC9, 0x5E19, 0x684E,
	0x74C6, 0x75BE, 0x79E9, 0x7A92, 0x81A3, 0x86ED, 0x8CEA, 0x8DCC, 0x8FED, 0x659F, 0x6715, 0xF9FD,
	0x57F7, 0x6F57, 0x7DDD, 0x8F2F, 0x93F6, 0x96C6, 0x5FB5, 0x61F2, 0x6F84, 0x4E14, 0x4F98, 0x501F,
	0x53C9, 0x55DF, 0x5D6F, 0x5DEE, 0x6B21, 0x6B64, 0x78CB, 0x7B9A, 0xF9FE, 0x8E49, 0x8ECA, 0x906E,
	0x6349, 0x643E, 0x7740, 0x7A84, 0x932F, 0x947F, 0x9F6A, 0x64B0, 0x6FAF, 0x71E6, 0x74A8, 0x74DA,
	0x7AC4, 0x7C12, 0x7E82, 0x7CB2, 0x7E98, 0x8B9A, 0x8D0A, 0x947D, 0x9910, 0x994C, 0x5239, 0x5BDF,
	0x64E6, 0x672D, 0x7D2E, 0x50ED, 0x53C3, 0x5879, 0x6158, 0x6159, 0x61FA, 0x65AC, 0x7AD9, 0x8B92,
	0x8B96, 0x5009, 0x5021, 0x5275, 0x5531, 0x5A3C, 0x5EE0, 0x5F70, 0x6134, 0x655E, 0x660C, 0x6636,
	0x66A2, 0x69CD, 0x6EC4, 0x6F32, 0x7316, 0x7621, 0x7A93, 0x8139, 0x8259, 0x83D6, 0x84BC, 0x50B5,
	0x57F0, 0x5BC0, 0x5BE8, 0x5F69, 0x63A1, 0x7826, 0x7DB5, 0x83DC, 0x8521, 0x91C7, 0x91F5, 0x518A,
	0x67F5, 0x7B56, 0x8CAC, 0x51C4, 0x59BB, 0x60BD, 0x8655, 0x501C, 0xF9FF, 0x5254, 0x5C3A, 0x617D,
	0x621A, 0x62D3, 0x64F2, 0x65A5, 0x6ECC, 0x7620, 0x810A, 0x8E60, 0x965F, 0x96BB, 0x4EDF, 0x5343,
	0x5598, 0x5929, 0x5DDD, 0x64C5, 0x6CC9, 0x6DFA, 0x7394, 0x7A7F, 0x821B, 0x85A6, 0x8CE4, 0x8E10,
	0x9077, 0x91E7, 0x95E1, 0x9621, 0x97C6, 0x51F8, 0x54F2, 0x5586, 0x5FB9, 0x64A4, 0x6F88, 0x7DB4,
	0x8F1F, 0x8F4D, 0x9435, 0x50C9, 0x5C16, 0x6CBE, 0x6DFB, 0x751B, 0x77BB, 0x7C3D, 0x7C64, 0x8A79,
	0x8AC2, 0x581E, 0x59BE, 0x5E16, 0x6377, 0x7252, 0x758A, 0x776B, 0x8ADC, 0x8CBC, 0x8F12, 0x5EF3,
	0x6674, 0x6DF8, 0x807D, 0x83C1, 0x8ACB, 0x9751, 0x9BD6, 0xFA00, 0x5243, 0x66FF, 0x6D95, 0x6EEF,
	0x7DE0, 0x8AE6, 0x902E, 0x905E, 0x9AD4, 0x521D, 0x527F, 0x54E8, 0x6194, 0x6284, 0x62DB, 0x68A2,
	0x6912, 0x695A, 0x6A35, 0x7092, 0x7126, 0x785D, 0x7901, 0x790E, 0x79D2, 0x7A0D, 0x8096, 0x8278,
	0x82D5, 0x8349, 0x8549, 0x8C82, 0x8D85, 0x9162, 0x918B, 0x91AE, 0x4FC3, 0x56D1, 0x71ED, 0x77D7,
	0x8700, 0x89F8, 0x5BF8, 0x5FD6, 0x6751, 0x90A8, 0x53E2, 0x585A, 0x5BF5, 0x60A4, 0x6181, 0x6460,
	0x7E3D, 0x8070, 0x8525, 0x9283, 0x64AE, 0x50AC, 0x5D14, 0x6700, 0x589C, 0x62BD, 0x63A8, 0x690E,
	0x6978, 0x6A1E, 0x6E6B, 0x76BA, 0x79CB, 0x82BB, 0x8429, 0x8ACF, 0x8DA8, 0x8FFD, 0x9112, 0x914B,
	0x919C, 0x9310, 0x9318, 0x939A, 0x96DB, 0x9A36, 0x9C0D, 0x4E11, 0x755C, 0x795D, 0x7AFA, 0x7B51,
	0x7BC9, 0x7E2E, 0x84C4, 0x8E59, 0x8E74, 0x8EF8, 0x9010, 0x6625, 0x693F, 0x7443, 0x51FA, 0x672E,
	0x9EDC, 0x5145, 0x5FE0, 0x6C96, 0x87F2, 0x885D, 0x8877, 0x60B4, 0x81B5, 0x8403, 0x8D05, 0x53D6,
	0x5439, 0x5634, 0x5A36, 0x5C31, 0x708A, 0x7FE0, 0x805A, 0x8106, 0x81ED, 0x8DA3, 0x9189, 0x9A5F,
	0x9DF2, 0x5074, 0x4EC4, 0x53A0, 0x60FB, 0x6E2C, 0x5C64, 0x4F88, 0x5024, 0x55E4, 0x5CD9, 0x5E5F,
	0x6065, 0x6894, 0x6CBB, 0x6DC4, 0x71BE, 0x75D4, 0x75F4, 0x7661, 0x7A1A, 0x7A49, 0x7DC7, 0x7DFB,
	0x7F6E, 0x81F4, 0x86A9, 0x8F1C, 0x96C9, 0x99B3, 0x9F52, 0x5247, 0x52C5, 0x98ED, 0x89AA, 0x4E03,
	0x67D2, 0x6F06, 0x4FB5, 0x5BE2, 0x6795, 0x6C88, 0x6D78, 0x741B, 0x7827, 0x91DD, 0x937C, 0x87C4,
	0x79E4, 0x7A31, 0x5FEB, 0x4ED6, 0x54A4, 0x553E, 0x58AE, 0x59A5, 0x60F0, 0x6253, 0x62D6, 0x6736,
	0x6955, 0x8235, 0x9640, 0x99B1, 0x99DD, 0x502C, 0x5353, 0x5544, 0x577C, 0xFA01, 0x6258, 0xFA02,
	0x64E2, 0x666B, 0x67DD, 0x6FC1, 0x6FEF, 0x7422, 0x7438, 0x8A17, 0x9438, 0x5451, 0x5606, 0x5766,
	0x5F48, 0x619A, 0x6B4E, 0x7058, 0x70AD, 0x7DBB, 0x8A95, 0x596A, 0x812B, 0x63A2, 0x7708, 0x803D,
	0x8CAA, 0x5854, 0x642D, 0x69BB, 0x5B95, 0x5E11, 0x6E6F, 0xFA03, 0x8569, 0x514C, 0x53F0, 0x592A,
	0x6020, 0x614B, 0x6B86, 0x6C70, 0x6CF0, 0x7B1E, 0x80CE, 0x82D4, 0x8DC6, 0x90B0, 0x98B1, 0xFA04,
	0x64C7, 0x6FA4, 0x6491, 0x6504, 0x514E, 0x5410, 0x571F, 0x8A0E, 0x615F, 0x6876, 0xFA05, 0x75DB,
	0x7B52, 0x7D71, 0x901A, 0x5806, 0x69CC, 0x817F, 0x892A, 0x9000, 0x9839, 0x5078, 0x5957, 0x59AC,
	0x6295, 0x900F, 0x9B2A, 0x615D, 0x7279, 0x95D6, 0x5761, 0x5A46, 0x5DF4, 0x628A, 0x64AD, 0x64FA,
	0x6777, 0x6CE2, 0x6D3E, 0x722C, 0x7436, 0x7834, 0x7F77, 0x82AD, 0x8DDB, 0x9817, 0x5224, 0x5742,
	0x677F, 0x7248, 0x74E3, 0x8CA9, 0x8FA6, 0x9211, 0x962A, 0x516B, 0x53ED, 0x634C, 0x4F69, 0x5504,
	0x6096, 0x6557, 0x6C9B, 0x6D7F, 0x724C, 0x72FD, 0x7A17, 0x8987, 0x8C9D, 0x5F6D, 0x6F8E, 0x70F9,
	0x81A8, 0x610E, 0x4FBF, 0x504F, 0x6241, 0x7247, 0x7BC7, 0x7DE8, 0x7FE9, 0x904D, 0x97AD, 0x9A19,
	0x8CB6, 0x576A, 0x5E73, 0x67B0, 0x840D, 0x8A55, 0x5420, 0x5B16, 0x5E63, 0x5EE2, 0x5F0A, 0x6583,
	0x80BA, 0x853D, 0x9589, 0x965B, 0x4F48, 0x5305, 0x530D, 0x530F, 0x5486, 0x54FA, 0x5703, 0x5E03,
	0x6016, 0x629B, 0x62B1, 0x6355, 0xFA06, 0x6CE1, 0x6D66, 0x75B1, 0x7832, 0x80DE, 0x812F, 0x82DE,
	0x8461, 0x84B2, 0x888D, 0x8912, 0x900B, 0x92EA, 0x98FD, 0x9B91, 0x5E45, 0x66B4, 0x66DD, 0x7011,
	0x7206, 0xFA07, 0x4FF5, 0x527D, 0x5F6A, 0x6153, 0x6753, 0x6A19, 0x6F02, 0x74E2, 0x7968, 0x8868,
	0x8C79, 0x98C7, 0x98C4, 0x9A43, 0x54C1, 0x7A1F, 0x6953, 0x8AF7, 0x8C4A, 0x98A8, 0x99AE, 0x5F7C,
	0x62AB, 0x75B2, 0x76AE, 0x88AB, 0x907F, 0x9642, 0x5339, 0x5F3C, 0x5FC5, 0x6CCC, 0x73CC, 0x7562,
	0x758B, 0x7B46, 0x82FE, 0x999D, 0x4E4F, 0x903C, 0x4E0B, 0x4F55, 0x53A6, 0x590F, 0x5EC8, 0x6630,
	0x6CB3, 0x7455, 0x8377, 0x8766, 0x8CC0, 0x9050, 0x971E, 0x9C15, 0x58D1, 0x5B78, 0x8650, 0x8B14,
	0x9DB4, 0x5BD2, 0x6068, 0x608D, 0x65F1, 0x6C57, 0x6F22, 0x6FA3, 0x701A, 0x7F55, 0x7FF0, 0x9591,
	0x9592, 0x9650, 0x97D3, 0x5272, 0x8F44, 0x51FD, 0x542B, 0x54B8, 0x5563, 0x558A, 0x6ABB, 0x6DB5,
	0x7DD8, 0x8266, 0x929C, 0x9677, 0x9E79, 0x5408, 0x54C8, 0x76D2, 0x86E4, 0x95A4, 0x95D4, 0x965C,
	0x4EA2, 0x4F09, 0x59EE, 0x5AE6, 0x5DF7, 0x6052, 0x6297, 0x676D, 0x6841, 0x6C86, 0x6E2F, 0x7F38,
	0x809B, 0x822A, 0xFA08, 0xFA09, 0x9805, 0x4EA5, 0x5055, 0x54B3, 0x5793, 0x595A, 0x5B69, 0x5BB3,
	0x61C8, 0x6977, 0x6D77, 0x7023, 0x87F9, 0x89E3, 0x8A72, 0x8AE7, 0x9082, 0x99ED, 0x9AB8, 0x52BE,
	0x6838, 0x5016, 0x5E78, 0x674F, 0x8347, 0x884C, 0x4EAB, 0x5411, 0x56AE, 0x73E6, 0x9115, 0x97FF,
	0x9909, 0x9957, 0x9999, 0x5653, 0x589F, 0x865B, 0x8A31, 0x61B2, 0x6AF6, 0x737B, 0x8ED2, 0x6B47,
	0x96AA, 0x9A57, 0x5955, 0x7200, 0x8D6B, 0x9769, 0x4FD4, 0x5CF4, 0x5F26, 0x61F8, 0x665B, 0x6CEB,
	0x70AB, 0x7384, 0x73B9, 0x73FE, 0x7729, 0x774D, 0x7D43, 0x7D62, 0x7E23, 0x8237, 0x8852, 0xFA0A,
	0x8CE2, 0x9249, 0x986F, 0x5B51, 0x7A74, 0x8840, 0x9801, 0x5ACC, 0x4FE0, 0x5354, 0x593E, 0x5CFD,
	0x633E, 0x6D79, 0x72F9, 0x8105, 0x8107, 0x83A2, 0x92CF, 0x9830, 0x4EA8, 0x5144, 0x5211, 0x578B,
	0x5F62, 0x6CC2, 0x6ECE, 0x7005, 0x7050, 0x70AF, 0x7192, 0x73E9, 0x7469, 0x834A, 0x87A2, 0x8861,
	0x9008, 0x90A2, 0x93A3, 0x99A8, 0x516E, 0x5F57, 0x60E0, 0x6167, 0x66B3, 0x8559, 0x8E4A, 0x91AF,
	0x978B, 0x4E4E, 0x4E92, 0x547C, 0x58D5, 0x58FA, 0x597D, 0x5CB5, 0x5F27, 0x6236, 0x6248, 0x660A,
	0x6667, 0x6BEB, 0x6D69, 0x6DCF, 0x6E56, 0x6EF8, 0x6F94, 0x6FE0, 0x6FE9, 0x705D, 0x72D0, 0x7425,
	0x745A, 0x74E0, 0x7693, 0x795C, 0x7CCA, 0x7E1E, 0x80E1, 0x82A6, 0x846B, 0x84BF, 0x864E, 0x865F,
	0x8774, 0x8B77, 0x8C6A, 0x93AC, 0x9800, 0x9865, 0x60D1, 0x6216, 0x9177, 0x5A5A, 0x660F, 0x6DF7,
	0x6E3E, 0x743F, 0x9B42, 0x5FFD, 0x60DA, 0x7B0F, 0x54C4, 0x5F18, 0x6C5E, 0x6CD3, 0x6D2A, 0x70D8,
	0x7D05, 0x8679, 0x8A0C, 0x9D3B, 0x5316, 0x548C, 0x5B05, 0x6A3A, 0x706B, 0x7575, 0x798D, 0x79BE,
	0x82B1, 0x83EF, 0x8A71, 0x8B41, 0x8CA8, 0x9774, 0xFA0B, 0x64F4, 0x652B, 0x78BA, 0x78BB, 0x7A6B,
	0x4E38, 0x559A, 0x5950, 0x5BA6, 0x5E7B, 0x60A3, 0x63DB, 0x6B61, 0x6665, 0x6853, 0x6E19, 0x7165,
	0x74B0, 0x7D08, 0x9084, 0x9A69, 0x9C25, 0x6D3B, 0x6ED1, 0x733E, 0x8C41, 0x95CA, 0x51F0, 0x5E4C,
	0x5FA8, 0x604D, 0x60F6, 0x6130, 0x614C, 0x6643, 0x6644, 0x69A5, 0x6CC1, 0x6E5F, 0x6EC9, 0x6F62,
	0x714C, 0x749C, 0x7687, 0x7BC1, 0x7C27, 0x8352, 0x8757, 0x9051, 0x968D, 0x9EC3, 0x532F, 0x56DE,
	0x5EFB, 0x5F8A, 0x6062, 0x6094, 0x61F7, 0x6666, 0x6703, 0x6A9C, 0x6DEE, 0x6FAE, 0x7070, 0x736A,
	0x7E6A, 0x81BE, 0x8334, 0x86D4, 0x8AA8, 0x8CC4, 0x5283, 0x7372, 0x5B96, 0x6A6B, 0x9404, 0x54EE,
	0x5686, 0x5B5D, 0x6548, 0x6585, 0x66C9, 0x689F, 0x6D8D, 0x6DC6, 0x723B, 0x80B4, 0x9175, 0x9A4D,
	0x4FAF, 0x5019, 0x539A, 0x540E, 0x543C, 0x5589, 0x55C5, 0x5E3F, 0x5F8C, 0x673D, 0x7166, 0x73DD,
	0x9005, 0x52DB, 0x52F3, 0x5864, 0x58CE, 0x7104, 0x718F, 0x71FB, 0x85B0, 0x8A13, 0x6688, 0x85A8,
	0x55A7, 0x6684, 0x714A, 0x8431, 0x5349, 0x5599, 0x6BC1, 0x5F59, 0x5FBD, 0x63EE, 0x6689, 0x7147,
	0x8AF1, 0x8F1D, 0x9EBE, 0x4F11, 0x643A, 0x70CB, 0x7566, 0x8667, 0x6064, 0x8B4E, 0x9DF8, 0x5147,
	0x51F6, 0x5308, 0x6D36, 0x80F8, 0x9ED1, 0x6615, 0x6B23, 0x7098, 0x75D5, 0x5403, 0x5C79, 0x7D07,
	0x8A16, 0x6B20, 0x6B3D, 0x6B46, 0x5438, 0x6070, 0x6D3D, 0x7FD5, 0x8208, 0x50D6, 0x51DE, 0x559C,
	0x566B, 0x56CD, 0x59EC, 0x5B09, 0x5E0C, 0x6199, 0x6198, 0x6231, 0x665E, 0x66E6, 0x7199, 0x71B9,
	0x71BA, 0x72A7, 0x79A7, 0x7A00, 0x7FB2, 0x8A70, 0x0000, 0x0000, 0x0000, 0x0000, 0x0000, 0x0000,
	0x0000, 0x0000, 0x0000, 0x0000, 0x0000, 0x0000, 0x0000, 0x0000, 0x0000, 0x0000, 0x0000, 0x0000,
	0x0000, 0x0000, 0x0000, 0x0000, 0x0000, 0x0000, 0x0000, 0x0000, 0x0000, 0x0000, 0x0000, 0x0000,
	0x0000, 0x0000, 0x0000, 0x0000, 0x0000, 0x0000, 0x0000, 0x0000, 0x0000, 0x0000, 0x0000, 0x0000,
	0x0000, 0x0000, 0x0000, 0x0000, 0x0000, 0x0000, 0x0000, 0x0000, 0x0000, 0x0000, 0x0000, 0x0000,
	0x0000, 0x0000, 0x0000, 0x0000, 0x0000, 0x0000, 0x0000, 0x0000, 0x0000, 0x0000, 0x0000, 0x0000,
	0x0000, 0x0000, 0x0000, 0x0000, 0x0000, 0x0000, 0x0000, 0x0000, 0x0000, 0x0000, 0x0000, 0x0000,
	0x0000, 0x0000, 0x0000, 0x0000, 0x0000, 0x0000, 0x0000, 0x0000, 0x0000, 0x0000, 0x0000, 0x0000,
	0x0000, 0x0000, 0x0000, 0x0000,
};

/* the places that hold a character past the BMP (second 0) or two */
const UINT bpk_tron_multi[328][2] = {
	{ 0x0304B, 0x309A }, { 0x0304D, 0x309A }, { 0x0304F, 0x309A }, { 0x03051, 0x309A }, { 0x03053, 0x309A }, { 0x030AB, 0x309A },
	{ 0x030AD, 0x309A }, { 0x030AF, 0x309A }, { 0x030B1, 0x309A }, { 0x030B3, 0x309A }, { 0x030BB, 0x309A }, { 0x030C4, 0x309A },
	{ 0x030C8, 0x309A }, { 0x031F7, 0x309A }, { 0x000E6, 0x0300 }, { 0x00254, 0x0300 }, { 0x00254, 0x0301 }, { 0x0028C, 0x0300 },
	{ 0x0028C, 0x0301 }, { 0x00259, 0x0300 }, { 0x00259, 0x0301 }, { 0x0025A, 0x0300 }, { 0x0025A, 0x0301 }, { 0x002E9, 0x02E5 },
	{ 0x002E5, 0x02E9 }, { 0x2000B, 0x0000 }, { 0x2123D, 0x0000 }, { 0x2131B, 0x0000 }, { 0x2146E, 0x0000 }, { 0x218BD, 0x0000 },
	{ 0x20B9F, 0x0000 }, { 0x216B4, 0x0000 }, { 0x21E34, 0x0000 }, { 0x231C4, 0x0000 }, { 0x235C4, 0x0000 }, { 0x2373F, 0x0000 },
	{ 0x23763, 0x0000 }, { 0x23CFE, 0x0000 }, { 0x247F1, 0x0000 }, { 0x2548E, 0x0000 }, { 0x2550E, 0x0000 }, { 0x25771, 0x0000 },
	{ 0x259C4, 0x0000 }, { 0x25DA1, 0x0000 }, { 0x26AFF, 0x0000 }, { 0x26E40, 0x0000 }, { 0x270F4, 0x0000 }, { 0x27684, 0x0000 },
	{ 0x28277, 0x0000 }, { 0x283CD, 0x0000 }, { 0x2A190, 0x0000 }, { 0x20089, 0x0000 }, { 0x200A2, 0x0000 }, { 0x200A4, 0x0000 },
	{ 0x201A2, 0x0000 }, { 0x20213, 0x0000 }, { 0x2032B, 0x0000 }, { 0x20381, 0x0000 }, { 0x20371, 0x0000 }, { 0x203F9, 0x0000 },
	{ 0x2044A, 0x0000 }, { 0x20509, 0x0000 }, { 0x205D6, 0x0000 }, { 0x20628, 0x0000 }, { 0x2074F, 0x0000 }, { 0x20807, 0x0000 },
	{ 0x2083A, 0x0000 }, { 0x208B9, 0x0000 }, { 0x2097C, 0x0000 }, { 0x2099D, 0x0000 }, { 0x20AD3, 0x0000 }, { 0x20B1D, 0x0000 },
	{ 0x20D45, 0x0000 }, { 0x20DE1, 0x0000 }, { 0x20E95, 0x0000 }, { 0x20E6D, 0x0000 }, { 0x20E64, 0x0000 }, { 0x20F5F, 0x0000 },
	{ 0x21201, 0x0000 }, { 0x21255, 0x0000 }, { 0x2127B, 0x0000 }, { 0x21274, 0x0000 }, { 0x212E4, 0x0000 }, { 0x212D7, 0x0000 },
	{ 0x212FD, 0x0000 }, { 0x21336, 0x0000 }, { 0x21344, 0x0000 }, { 0x213C4, 0x0000 }, { 0x2146D, 0x0000 }, { 0x215D7, 0x0000 },
	{ 0x26C29, 0x0000 }, { 0x21647, 0x0000 }, { 0x21706, 0x0000 }, { 0x21742, 0x0000 }, { 0x219C3, 0x0000 }, { 0x21C56, 0x0000 },
	{ 0x21D2D, 0x0000 }, { 0x21D45, 0x0000 }, { 0x21D78, 0x0000 }, { 0x21D62, 0x0000 }, { 0x21DA1, 0x0000 }, { 0x21D9C, 0x0000 },
	{ 0x21D92, 0x0000 }, { 0x21DB7, 0x0000 }, { 0x21DE0, 0x0000 }, { 0x21E33, 0x0000 }, { 0x21F1E, 0x0000 }, { 0x21F76, 0x0000 },
	{ 0x21FFA, 0x0000 }, { 0x2217B, 0x0000 }, { 0x2231E, 0x0000 }, { 0x223AD, 0x0000 }, { 0x226F3, 0x0000 }, { 0x2285B, 0x0000 },
	{ 0x228AB, 0x0000 }, { 0x2298F, 0x0000 }, { 0x22AB8, 0x0000 }, { 0x22B4F, 0x0000 }, { 0x22B50, 0x0000 }, { 0x22B46, 0x0000 },
	{ 0x22C1D, 0x0000 }, { 0x22BA6, 0x0000 }, { 0x22C24, 0x0000 }, { 0x22DE1, 0x0000 }, { 0x231C3, 0x0000 }, { 0x231F5, 0x0000 },
	{ 0x231B6, 0x0000 }, { 0x23372, 0x0000 }, { 0x233D3, 0x0000 }, { 0x233D2, 0x0000 }, { 0x233D0, 0x0000 }, { 0x233E4, 0x0000 },
	{ 0x233D5, 0x0000 }, { 0x233DA, 0x0000 }, { 0x233DF, 0x0000 }, { 0x2344A, 0x0000 }, { 0x23451, 0x0000 }, { 0x2344B, 0x0000 },
	{ 0x23465, 0x0000 }, { 0x234E4, 0x0000 }, { 0x2355A, 0x0000 }, { 0x23594, 0x0000 }, { 0x23639, 0x0000 }, { 0x23647, 0x0000 },
	{ 0x23638, 0x0000 }, { 0x2363A, 0x0000 }, { 0x2371C, 0x0000 }, { 0x2370C, 0x0000 }, { 0x23764, 0x0000 }, { 0x237FF, 0x0000 },
	{ 0x237E7, 0x0000 }, { 0x23824, 0x0000 }, { 0x2383D, 0x0000 }, { 0x23A98, 0x0000 }, { 0x23C7F, 0x0000 }, { 0x23D00, 0x0000 },
	{ 0x23D40, 0x0000 }, { 0x23DFA, 0x0000 }, { 0x23DF9, 0x0000 }, { 0x23DD3, 0x0000 }, { 0x23F7E, 0x0000 }, { 0x24096, 0x0000 },
	{ 0x24103, 0x0000 }, { 0x241C6, 0x0000 }, { 0x241FE, 0x0000 }, { 0x243BC, 0x0000 }, { 0x24629, 0x0000 }, { 0x246A5, 0x0000 },
	{ 0x24896, 0x0000 }, { 0x24A4D, 0x0000 }, { 0x24B56, 0x0000 }, { 0x24B6F, 0x0000 }, { 0x24C16, 0x0000 }, { 0x24D14, 0x0000 },
	{ 0x24E0E, 0x0000 }, { 0x24E37, 0x0000 }, { 0x24E6A, 0x0000 }, { 0x24E8B, 0x0000 }, { 0x2504A, 0x0000 }, { 0x25055, 0x0000 },
	{ 0x25122, 0x0000 }, { 0x251A9, 0x0000 }, { 0x251E5, 0x0000 }, { 0x251CD, 0x0000 }, { 0x2521E, 0x0000 }, { 0x2524C, 0x0000 },
	{ 0x2542E, 0x0000 }, { 0x254D9, 0x0000 }, { 0x255A7, 0x0000 }, { 0x257A9, 0x0000 }, { 0x257B4, 0x0000 }, { 0x259D4, 0x0000 },
	{ 0x25AE4, 0x0000 }, { 0x25AE3, 0x0000 }, { 0x25AF1, 0x0000 }, { 0x25BB2, 0x0000 }, { 0x25C4B, 0x0000 }, { 0x25C64, 0x0000 },
	{ 0x25E2E, 0x0000 }, { 0x25E56, 0x0000 }, { 0x25E65, 0x0000 }, { 0x25E62, 0x0000 }, { 0x25ED8, 0x0000 }, { 0x25EC2, 0x0000 },
	{ 0x25EE8, 0x0000 }, { 0x25F23, 0x0000 }, { 0x25F5C, 0x0000 }, { 0x25FE0, 0x0000 }, { 0x25FD4, 0x0000 }, { 0x2600C, 0x0000 },
	{ 0x25FFB, 0x0000 }, { 0x26017, 0x0000 }, { 0x26060, 0x0000 }, { 0x260ED, 0x0000 }, { 0x26270, 0x0000 }, { 0x26286, 0x0000 },
	{ 0x2634C, 0x0000 }, { 0x23D0E, 0x0000 }, { 0x26402, 0x0000 }, { 0x2667E, 0x0000 }, { 0x266B0, 0x0000 }, { 0x2671D, 0x0000 },
	{ 0x268DD, 0x0000 }, { 0x268EA, 0x0000 }, { 0x26951, 0x0000 }, { 0x2696F, 0x0000 }, { 0x269DD, 0x0000 }, { 0x26A1E, 0x0000 },
	{ 0x26A58, 0x0000 }, { 0x26A8C, 0x0000 }, { 0x26AB7, 0x0000 }, { 0x26C73, 0x0000 }, { 0x26CDD, 0x0000 }, { 0x26E65, 0x0000 },
	{ 0x26F94, 0x0000 }, { 0x26FF8, 0x0000 }, { 0x26FF6, 0x0000 }, { 0x26FF7, 0x0000 }, { 0x2710D, 0x0000 }, { 0x27139, 0x0000 },
	{ 0x273DB, 0x0000 }, { 0x273DA, 0x0000 }, { 0x273FE, 0x0000 }, { 0x27410, 0x0000 }, { 0x27449, 0x0000 }, { 0x27615, 0x0000 },
	{ 0x27614, 0x0000 }, { 0x27631, 0x0000 }, { 0x27693, 0x0000 }, { 0x2770E, 0x0000 }, { 0x27723, 0x0000 }, { 0x27752, 0x0000 },
	{ 0x27985, 0x0000 }, { 0x27A84, 0x0000 }, { 0x27BB3, 0x0000 }, { 0x27BBE, 0x0000 }, { 0x27BC7, 0x0000 }, { 0x27CB8, 0x0000 },
	{ 0x27DA0, 0x0000 }, { 0x27E10, 0x0000 }, { 0x27FB7, 0x0000 }, { 0x2808A, 0x0000 }, { 0x280BB, 0x0000 }, { 0x28282, 0x0000 },
	{ 0x282F3, 0x0000 }, { 0x2840C, 0x0000 }, { 0x28455, 0x0000 }, { 0x2856B, 0x0000 }, { 0x285C8, 0x0000 }, { 0x285C9, 0x0000 },
	{ 0x286D7, 0x0000 }, { 0x286FA, 0x0000 }, { 0x28949, 0x0000 }, { 0x28946, 0x0000 }, { 0x2896B, 0x0000 }, { 0x28987, 0x0000 },
	{ 0x28988, 0x0000 }, { 0x289BA, 0x0000 }, { 0x289BB, 0x0000 }, { 0x28A1E, 0x0000 }, { 0x28A29, 0x0000 }, { 0x28A71, 0x0000 },
	{ 0x28A43, 0x0000 }, { 0x28A99, 0x0000 }, { 0x28ACD, 0x0000 }, { 0x28AE4, 0x0000 }, { 0x28ADD, 0x0000 }, { 0x28BC1, 0x0000 },
	{ 0x28BEF, 0x0000 }, { 0x28D10, 0x0000 }, { 0x28D71, 0x0000 }, { 0x28DFB, 0x0000 }, { 0x28E1F, 0x0000 }, { 0x28E36, 0x0000 },
	{ 0x28E89, 0x0000 }, { 0x28EEB, 0x0000 }, { 0x28F32, 0x0000 }, { 0x28FF8, 0x0000 }, { 0x292A0, 0x0000 }, { 0x292B1, 0x0000 },
	{ 0x29490, 0x0000 }, { 0x295CF, 0x0000 }, { 0x2967F, 0x0000 }, { 0x296F0, 0x0000 }, { 0x29719, 0x0000 }, { 0x29750, 0x0000 },
	{ 0x298C6, 0x0000 }, { 0x29A72, 0x0000 }, { 0x29DDB, 0x0000 }, { 0x29E3D, 0x0000 }, { 0x29E15, 0x0000 }, { 0x29E8A, 0x0000 },
	{ 0x29E49, 0x0000 }, { 0x29EC4, 0x0000 }, { 0x29EE9, 0x0000 }, { 0x29EDB, 0x0000 }, { 0x29FCE, 0x0000 }, { 0x2A02F, 0x0000 },
	{ 0x2A01A, 0x0000 }, { 0x2A0F9, 0x0000 }, { 0x2A082, 0x0000 }, { 0x22218, 0x0000 }, { 0x2A38C, 0x0000 }, { 0x2A437, 0x0000 },
	{ 0x2A5F1, 0x0000 }, { 0x2A602, 0x0000 }, { 0x2A61A, 0x0000 }, { 0x2A6B2, 0x0000 },
};

const INT bpk_tron_nmulti = 328;

/* what zone A does not hold, in order: the character and its code in plane 1 */
const UINT bpk_tron_rev_cp[5621] = {
	0x0007E, 0x0010A, 0x0010B, 0x00110, 0x00116, 0x00117, 0x0011E, 0x0011F, 0x00120, 0x00121,
	0x00122, 0x00126, 0x00128, 0x00129, 0x0012E, 0x0012F, 0x00130, 0x00131, 0x00132, 0x00133,
	0x00136, 0x00137, 0x00138, 0x0013B, 0x0013C, 0x0013F, 0x00140, 0x00145, 0x00146, 0x00149,
	0x0014A, 0x00156, 0x00157, 0x00166, 0x00167, 0x00168, 0x00169, 0x00172, 0x00173, 0x00174,
	0x00175, 0x00176, 0x00177, 0x00178, 0x001CF, 0x001D3, 0x001D5, 0x001D7, 0x001D9, 0x001DB,
	0x001F5, 0x002DA, 0x00384, 0x00385, 0x00386, 0x00388, 0x00389, 0x0038A, 0x0038C, 0x0038E,
	0x0038F, 0x00390, 0x003AA, 0x003AB, 0x003AC, 0x003AD, 0x003AE, 0x003AF, 0x003B0, 0x003CA,
	0x003CB, 0x003CC, 0x003CD, 0x003CE, 0x00402, 0x00403, 0x00404, 0x00405, 0x00406, 0x00407,
	0x00408, 0x00409, 0x0040A, 0x0040B, 0x0040C, 0x0040E, 0x0040F, 0x00452, 0x00453, 0x00454,
	0x00455, 0x00456, 0x00457, 0x00458, 0x00459, 0x0045A, 0x0045B, 0x0045C, 0x0045E, 0x0045F,
	0x02122, 0x03406, 0x0342C, 0x0342E, 0x03468, 0x0346A, 0x03492, 0x034BC, 0x034C1, 0x034C7,
	0x0351F, 0x0355D, 0x0355E, 0x03563, 0x0356E, 0x035A6, 0x035A8, 0x035C5, 0x035DA, 0x035F4,
	0x03605, 0x0364A, 0x03691, 0x03696, 0x03699, 0x036CF, 0x03761, 0x03762, 0x0376B, 0x0376C,
	0x03775, 0x037C1, 0x037E8, 0x037F4, 0x037FD, 0x03800, 0x0382F, 0x03836, 0x03840, 0x0385C,
	0x03861, 0x038FA, 0x03917, 0x0391A, 0x0396F, 0x03A6E, 0x03A73, 0x03AD6, 0x03AD7, 0x03AEA,
	0x03B0E, 0x03B1A, 0x03B1C, 0x03B6D, 0x03B77, 0x03B87, 0x03B88, 0x03B8D, 0x03BA4, 0x03BCD,
	0x03BF0, 0x03C26, 0x03CC3, 0x03CD2, 0x03D11, 0x03D1E, 0x03D64, 0x03D9A, 0x03DC0, 0x03DD4,
	0x03E05, 0x03E60, 0x03E66, 0x03E68, 0x03E83, 0x03E94, 0x03F57, 0x03F75, 0x03F77, 0x03FAE,
	0x03FC9, 0x03FD7, 0x04039, 0x04058, 0x04093, 0x04105, 0x04148, 0x0414F, 0x04163, 0x041B4,
	0x041BF, 0x041E6, 0x041EE, 0x041F3, 0x04207, 0x0420E, 0x042C6, 0x042D6, 0x042DD, 0x04302,
	0x0432B, 0x04343, 0x043EE, 0x043F0, 0x04408, 0x04417, 0x0441C, 0x04422, 0x04476, 0x0447A,
	0x04491, 0x044B3, 0x044BE, 0x044D4, 0x04508, 0x0450D, 0x04525, 0x04543, 0x045B8, 0x045E5,
	0x0460F, 0x04641, 0x04665, 0x046A1, 0x046AF, 0x0470C, 0x04764, 0x047FD, 0x04816, 0x0484E,
	0x048B5, 0x049E7, 0x049FA, 0x04A04, 0x04A29, 0x04ABC, 0x04B3B, 0x04BC2, 0x04BCA, 0x04BD2,
	0x04BE8, 0x04C20, 0x04CC4, 0x04CD1, 0x04D07, 0x04D77, 0x04E02, 0x04E04, 0x04E05, 0x04E0C,
	0x04E0F, 0x04E12, 0x04E1F, 0x04E23, 0x04E24, 0x04E29, 0x04E2B, 0x04E2C, 0x04E2E, 0x04E35,
	0x04E40, 0x04E41, 0x04E44, 0x04E47, 0x04E48, 0x04E51, 0x04E5A, 0x04E5C, 0x04E63, 0x04E68,
	0x04E69, 0x04E74, 0x04E75, 0x04E79, 0x04E7F, 0x04E96, 0x04E97, 0x04E9D, 0x04EAF, 0x04EB9,
	0x04EBB, 0x04EBC, 0x04EC3, 0x04EC8, 0x04ED0, 0x04EDA, 0x04EDB, 0x04EE0, 0x04EE2, 0x04EE8,
	0x04EEB, 0x04EEF, 0x04EF1, 0x04EF3, 0x04EF5, 0x04EFE, 0x04F00, 0x04F02, 0x04F08, 0x04F0C,
	0x04F12, 0x04F15, 0x04F16, 0x04F17, 0x04F19, 0x04F2E, 0x04F31, 0x04F33, 0x04F35, 0x04F37,
	0x04F39, 0x04F3B, 0x04F3E, 0x04F40, 0x04F42, 0x04F4B, 0x04F4C, 0x04F52, 0x04F54, 0x04F58,
	0x04F63, 0x04F64, 0x04F6E, 0x04F71, 0x04F77, 0x04F78, 0x04F79, 0x04F7A, 0x04F7D, 0x04F81,
	0x04F82, 0x04F84, 0x04F85, 0x04F89, 0x04F8C, 0x04F8E, 0x04F90, 0x04F92, 0x04F93, 0x04F99,
	0x04F9A, 0x04F9E, 0x04F9F, 0x04FB2, 0x04FB7, 0x04FB9, 0x04FBB, 0x04FBC, 0x04FBD, 0x04FBE,
	0x04FC0, 0x04FC1, 0x04FC5, 0x04FC6, 0x04FC8, 0x04FCB, 0x04FCC, 0x04FCD, 0x04FCF, 0x04FD2,
	0x04FDC, 0x04FE2, 0x04FE6, 0x04FF0, 0x04FF2, 0x04FFC, 0x04FFD, 0x04FFF, 0x05000, 0x05004,
	0x05007, 0x0500A, 0x0500C, 0x05010, 0x05013, 0x05017, 0x0501B, 0x0501C, 0x0501D, 0x0501E,
	0x05022, 0x05030, 0x05032, 0x05033, 0x05035, 0x05042, 0x05045, 0x05046, 0x0504A, 0x0504C,
	0x0504E, 0x05051, 0x05052, 0x05053, 0x05057, 0x05059, 0x0505F, 0x05060, 0x05062, 0x05063,
	0x05066, 0x05067, 0x0506A, 0x0506D, 0x05070, 0x05071, 0x05081, 0x05083, 0x05084, 0x05086,
	0x05088, 0x0508A, 0x0508E, 0x0508F, 0x05090, 0x05092, 0x05093, 0x05095, 0x05096, 0x0509B,
	0x0509C, 0x0509E, 0x0509F, 0x050A0, 0x050A1, 0x050A2, 0x050A3, 0x050AA, 0x050AF, 0x050B0,
	0x050B1, 0x050B9, 0x050BA, 0x050BB, 0x050BD, 0x050C0, 0x050C3, 0x050C4, 0x050C7, 0x050CE,
	0x050D3, 0x050D4, 0x050D8, 0x050D9, 0x050DC, 0x050DD, 0x050DF, 0x050E1, 0x050E2, 0x050E4,
	0x050E8, 0x050E9, 0x050EF, 0x050F1, 0x050F3, 0x050F6, 0x050FA, 0x050FE, 0x05107, 0x05108,
	0x0510C, 0x0510D, 0x0510E, 0x05110, 0x05117, 0x05119, 0x0511B, 0x0511C, 0x0511D, 0x05123,
	0x05127, 0x05128, 0x0512C, 0x0512D, 0x0512F, 0x05131, 0x05133, 0x05134, 0x05138, 0x05139,
	0x05142, 0x0514F, 0x05153, 0x05158, 0x0515F, 0x05160, 0x05164, 0x05166, 0x05173, 0x0517B,
	0x0517E, 0x05183, 0x05184, 0x0518B, 0x0518E, 0x05198, 0x051A1, 0x051A3, 0x051AD, 0x051B8,
	0x051BA, 0x051BC, 0x051BE, 0x051BF, 0x051C2, 0x051C8, 0x051CF, 0x051D1, 0x051D2, 0x051D3,
	0x051D5, 0x051D8, 0x051E5, 0x051F2, 0x051F3, 0x051F4, 0x051F7, 0x05202, 0x05205, 0x05212,
	0x05216, 0x05218, 0x05222, 0x05228, 0x05231, 0x05232, 0x05235, 0x0523C, 0x05245, 0x05255,
	0x05258, 0x0525A, 0x0525C, 0x0525F, 0x05260, 0x05266, 0x0526C, 0x0526E, 0x05277, 0x05278,
	0x05279, 0x05280, 0x05282, 0x05284, 0x05285, 0x0528A, 0x0528C, 0x05295, 0x05296, 0x05297,
	0x05298, 0x0529A, 0x0529C, 0x052A4, 0x052A5, 0x052A6, 0x052A7, 0x052AF, 0x052B0, 0x052B6,
	0x052B7, 0x052B8, 0x052BA, 0x052BB, 0x052BD, 0x052C0, 0x052C4, 0x052C6, 0x052CA, 0x052CF,
	0x052D1, 0x052D4, 0x052DC, 0x052E1, 0x052E5, 0x052E8, 0x052E9, 0x052EA, 0x052EC, 0x052F1,
	0x052F4, 0x052F6, 0x052F7, 0x05303, 0x0530A, 0x0530B, 0x0530C, 0x05311, 0x05313, 0x05318,
	0x0531B, 0x0531E, 0x0531F, 0x05324, 0x05325, 0x05327, 0x05328, 0x05329, 0x0532B, 0x0532C,
	0x0532D, 0x05330, 0x05332, 0x05335, 0x0533C, 0x0533D, 0x0533E, 0x05342, 0x0534B, 0x0534C,
	0x05359, 0x0535B, 0x05365, 0x05367, 0x0536C, 0x0536D, 0x05372, 0x05379, 0x0537A, 0x0537E,
	0x05383, 0x05387, 0x05388, 0x0538E, 0x05394, 0x05399, 0x053A1, 0x053A4, 0x053AA, 0x053AB,
	0x053AF, 0x053B4, 0x053B5, 0x053B7, 0x053B8, 0x053BA, 0x053BD, 0x053C0, 0x053C5, 0x053CF,
	0x053D2, 0x053D3, 0x053D5, 0x053DA, 0x053DD, 0x053DE, 0x053E0, 0x053E6, 0x053E7, 0x053F4,
	0x053F5, 0x05402, 0x05413, 0x0541A, 0x05421, 0x05424, 0x05428, 0x0542A, 0x0542F, 0x05431,
	0x05434, 0x05435, 0x05443, 0x05444, 0x05447, 0x0544F, 0x05455, 0x0545E, 0x05462, 0x05464,
	0x05466, 0x05467, 0x05469, 0x0546C, 0x0546D, 0x0546E, 0x05481, 0x05483, 0x05485, 0x05489,
	0x0548A, 0x0548D, 0x05491, 0x05495, 0x0549F, 0x054A0, 0x054A6, 0x054A7, 0x054AA, 0x054AD,
	0x054AE, 0x054B1, 0x054B7, 0x054B9, 0x054BA, 0x054BB, 0x054BF, 0x054C3, 0x054CA, 0x054CD,
	0x054CE, 0x054E0, 0x054EA, 0x054EC, 0x054EF, 0x054F1, 0x054F3, 0x054F6, 0x054FC, 0x054FE,
	0x05500, 0x05501, 0x05505, 0x05508, 0x05509, 0x0550C, 0x0550D, 0x05515, 0x0552A, 0x05532,
	0x05536, 0x0553B, 0x0553C, 0x0553D, 0x05541, 0x05547, 0x05549, 0x0554A, 0x0554D, 0x05551,
	0x05558, 0x0555A, 0x0555B, 0x05560, 0x05561, 0x05564, 0x05566, 0x0557D, 0x0557F, 0x05582,
	0x05588, 0x0558F, 0x05591, 0x05592, 0x05593, 0x05594, 0x05597, 0x055A3, 0x055A4, 0x055B2,
	0x055BF, 0x055C1, 0x055C3, 0x055C6, 0x055C9, 0x055CB, 0x055CC, 0x055D1, 0x055D2, 0x055D3,
	0x055D7, 0x055D8, 0x055DB, 0x055DD, 0x055DE, 0x055E2, 0x055E9, 0x055F6, 0x055FF, 0x05605,
	0x05607, 0x0560A, 0x0560D, 0x0560F, 0x05610, 0x05611, 0x05612, 0x05619, 0x05628, 0x0562C,
	0x05630, 0x05633, 0x05635, 0x05637, 0x05639, 0x0563C, 0x0563D, 0x0563F, 0x05640, 0x05641,
	0x05643, 0x05644, 0x05646, 0x05647, 0x0564B, 0x0564D, 0x0564F, 0x05654, 0x0565E, 0x05660,
	0x05661, 0x05662, 0x05663, 0x05669, 0x0566D, 0x05675, 0x05684, 0x05685, 0x05688, 0x0568B,
	0x0568C, 0x05695, 0x0569A, 0x0569D, 0x0569F, 0x056A6, 0x056A7, 0x056A8, 0x056AB, 0x056AD,
	0x056B1, 0x056B2, 0x056B7, 0x056BE, 0x056C5, 0x056CB, 0x056CC, 0x056CD, 0x056CF, 0x056D0,
	0x056D9, 0x056DC, 0x056DD, 0x056DF, 0x056E1, 0x056E4, 0x056E5, 0x056E6, 0x056E7, 0x056E8,
	0x056EB, 0x056ED, 0x056F1, 0x056F6, 0x056F7, 0x05701, 0x05702, 0x05707, 0x0570C, 0x05711,
	0x05715, 0x0571A, 0x0571B, 0x0571D, 0x05720, 0x05722, 0x05723, 0x05724, 0x05725, 0x05729,
	0x0572A, 0x0572C, 0x0572E, 0x0573D, 0x0573E, 0x0573F, 0x05745, 0x05746, 0x0574C, 0x0574D,
	0x05752, 0x05762, 0x05765, 0x05767, 0x05768, 0x0576B, 0x0576D, 0x0576E, 0x0576F, 0x05771,
	0x05773, 0x05774, 0x05775, 0x05779, 0x0577A, 0x0577B, 0x0577E, 0x05781, 0x05783, 0x0578C,
	0x05794, 0x05795, 0x05797, 0x05799, 0x0579A, 0x0579D, 0x0579E, 0x0579F, 0x057A1, 0x057A7,
	0x057A8, 0x057A9, 0x057AC, 0x057BD, 0x057CC, 0x057D5, 0x057D7, 0x057DD, 0x057DE, 0x057E1,
	0x057E6, 0x057E7, 0x057E9, 0x057F0, 0x057F8, 0x057FB, 0x057FD, 0x057FE, 0x05803, 0x05804,
	0x05808, 0x0580C, 0x0580D, 0x0581B, 0x0581E, 0x0581F, 0x05820, 0x05826, 0x05827, 0x0582D,
	0x05832, 0x05839, 0x0583F, 0x05849, 0x0584C, 0x0584D, 0x0584F, 0x05850, 0x05855, 0x0585F,
	0x05867, 0x05868, 0x05878, 0x0587F, 0x05880, 0x05881, 0x05887, 0x05888, 0x0588A, 0x0588B,
	0x0588C, 0x0588D, 0x0588F, 0x05890, 0x05894, 0x05896, 0x0589D, 0x058A0, 0x058A1, 0x058A2,
	0x058A6, 0x058AA, 0x058B1, 0x058B2, 0x058BC, 0x058C2, 0x058C3, 0x058C4, 0x058C8, 0x058CD,
	0x058D0, 0x058D6, 0x058DD, 0x058E1, 0x058E2, 0x058F3, 0x058F4, 0x05905, 0x05906, 0x0590B,
	0x0590D, 0x05912, 0x05913, 0x05914, 0x0591D, 0x05921, 0x05923, 0x05924, 0x05928, 0x0592F,
	0x05930, 0x05933, 0x05935, 0x05936, 0x0593D, 0x0593F, 0x05943, 0x05946, 0x05952, 0x05953,
	0x05959, 0x0595B, 0x0595E, 0x0595F, 0x05961, 0x05963, 0x0596B, 0x0596F, 0x05972, 0x05975,
	0x05976, 0x05979, 0x0597B, 0x0597C, 0x0598C, 0x0598E, 0x05995, 0x05997, 0x0599F, 0x059A7,
	0x059AD, 0x059AE, 0x059AF, 0x059B0, 0x059B3, 0x059B7, 0x059BA, 0x059BC, 0x059C1, 0x059C4,
	0x059C8, 0x059CA, 0x059CD, 0x059DE, 0x059DF, 0x059E3, 0x059E4, 0x059E7, 0x059EE, 0x059EF,
	0x059F1, 0x059F2, 0x059F4, 0x059F7, 0x05A00, 0x05A04, 0x05A0C, 0x05A0D, 0x05A0E, 0x05A12,
	0x05A17, 0x05A1E, 0x05A24, 0x05A27, 0x05A28, 0x05A2A, 0x05A2D, 0x05A30, 0x05A44, 0x05A45,
	0x05A47, 0x05A48, 0x05A4C, 0x05A50, 0x05A55, 0x05A5E, 0x05A63, 0x05A65, 0x05A7A, 0x05A7B,
	0x05A8B, 0x05A90, 0x05A93, 0x05A96, 0x05A99, 0x05A9C, 0x05A9F, 0x05AA0, 0x05AA2, 0x05AAC,
	0x05AB1, 0x05AB2, 0x05AB3, 0x05AB5, 0x05AB8, 0x05ABA, 0x05ABB, 0x05ABF, 0x05AC6, 0x05AC8,
	0x05ACF, 0x05ADA, 0x05ADC, 0x05AE0, 0x05AE5, 0x05AEA, 0x05AEE, 0x05AF0, 0x05AF5, 0x05AF6,
	0x05AFD, 0x05B00, 0x05B01, 0x05B08, 0x05B17, 0x05B1B, 0x05B1D, 0x05B21, 0x05B2D, 0x05B34,
	0x05B38, 0x05B4B, 0x05B4C, 0x05B52, 0x05B5E, 0x05B68, 0x05B6E, 0x05B6F, 0x05B7C, 0x05B7E,
	0x05B7F, 0x05B81, 0x05B84, 0x05B86, 0x05B8A, 0x05B8E, 0x05B90, 0x05B91, 0x05B94, 0x05B96,
	0x05BA8, 0x05BA9, 0x05BAC, 0x05BAD, 0x05BAF, 0x05BB1, 0x05BB2, 0x05BB7, 0x05BBA, 0x05BBC,
	0x05BC0, 0x05BC1, 0x05BCD, 0x05BCE, 0x05BCF, 0x05BD6, 0x05BD7, 0x05BD9, 0x05BDA, 0x05BE0,
	0x05BEF, 0x05BF1, 0x05BF4, 0x05BFD, 0x05C03, 0x05C0C, 0x05C17, 0x05C1F, 0x05C26, 0x05C29,
	0x05C2C, 0x05C2E, 0x05C30, 0x05C32, 0x05C35, 0x05C36, 0x05C59, 0x05C5A, 0x05C5C, 0x05C5F,
	0x05C63, 0x05C67, 0x05C68, 0x05C69, 0x05C6D, 0x05C70, 0x05C74, 0x05C75, 0x05C7B, 0x05C7C,
	0x05C7D, 0x05C87, 0x05C88, 0x05C8A, 0x05C92, 0x05C9D, 0x05CA0, 0x05CA2, 0x05CA6, 0x05CA7,
	0x05CAD, 0x05CB2, 0x05CB4, 0x05CB5, 0x05CC9, 0x05CD7, 0x05CDD, 0x05CEE, 0x05CF1, 0x05CF2,
	0x05D01, 0x05D06, 0x05D10, 0x05D12, 0x05D1D, 0x05D20, 0x05D23, 0x05D24, 0x05D26, 0x05D2B,
	0x05D31, 0x05D34, 0x05D39, 0x05D3D, 0x05D3F, 0x05D42, 0x05D43, 0x05D48, 0x05D51, 0x05D55,
	0x05D59, 0x05D5F, 0x05D60, 0x05D61, 0x05D62, 0x05D64, 0x05D6A, 0x05D70, 0x05D79, 0x05D7A,
	0x05D7E, 0x05D7F, 0x05D83, 0x05D88, 0x05D8A, 0x05D92, 0x05D93, 0x05D94, 0x05D95, 0x05D97,
	0x05D99, 0x05D9B, 0x05D9F, 0x05DAB, 0x05DB0, 0x05DB2, 0x05DB4, 0x05DB9, 0x05DC3, 0x05DC7,
	0x05DCE, 0x05DD0, 0x05DD1, 0x05DD7, 0x05DD8, 0x05DD9, 0x05DE0, 0x05DE4, 0x05DE9, 0x05DF8,
	0x05DF9, 0x05E00, 0x05E07, 0x05E0D, 0x05E12, 0x05E15, 0x05E1F, 0x05E20, 0x05E28, 0x05E2E,
	0x05E32, 0x05E35, 0x05E3E, 0x05E49, 0x05E4B, 0x05E50, 0x05E51, 0x05E56, 0x05E5B, 0x05E5C,
	0x05E68, 0x05E6A, 0x05E6B, 0x05E6C, 0x05E6D, 0x05E6E, 0x05E70, 0x05E80, 0x05E8B, 0x05E8E,
	0x05EA2, 0x05EA4, 0x05EA5, 0x05EA8, 0x05EAA, 0x05EAC, 0x05EB1, 0x05EB3, 0x05EB9, 0x05EBD,
	0x05EBF, 0x05EC6, 0x05ECC, 0x05ECE, 0x05ED1, 0x05ED2, 0x05ED4, 0x05ED5, 0x05ED9, 0x05EDC,
	0x05EDE, 0x05EE5, 0x05EEB, 0x05EFD, 0x05F06, 0x05F08, 0x05F0E, 0x05F19, 0x05F1C, 0x05F1E,
	0x05F21, 0x05F22, 0x05F24, 0x05F28, 0x05F2B, 0x05F2C, 0x05F2E, 0x05F30, 0x05F3B, 0x05F3F,
	0x05F44, 0x05F47, 0x05F4D, 0x05F50, 0x05F5B, 0x05F60, 0x05F63, 0x05F6F, 0x05F72, 0x05F74,
	0x05F75, 0x05F78, 0x05F7A, 0x05F7E, 0x05F8D, 0x05F8F, 0x05F96, 0x05F9D, 0x05FA2, 0x05FA4,
	0x05FAB, 0x05FAC, 0x05FB0, 0x05FB1, 0x05FB8, 0x05FC4, 0x05FC7, 0x05FC8, 0x05FCB, 0x05FD0,
	0x05FD1, 0x05FD2, 0x05FD3, 0x05FD4, 0x05FE2, 0x05FE8, 0x05FEA, 0x05FEC, 0x05FED, 0x05FEE,
	0x05FEF, 0x05FF2, 0x05FF3, 0x05FF6, 0x05FFA, 0x05FFC, 0x06007, 0x0600A, 0x06013, 0x06017,
	0x0601A, 0x0601F, 0x06022, 0x06024, 0x0602D, 0x06040, 0x06048, 0x06049, 0x0604C, 0x06051,
	0x06054, 0x06056, 0x06057, 0x0605D, 0x06061, 0x06067, 0x06071, 0x0607E, 0x0607F, 0x06082,
	0x06086, 0x06088, 0x0608A, 0x0608E, 0x06091, 0x06093, 0x06095, 0x06098, 0x060A2, 0x060A4,
	0x060A5, 0x060A8, 0x060B0, 0x060B1, 0x060B7, 0x060BB, 0x060BE, 0x060C2, 0x060C4, 0x060C8,
	0x060C9, 0x060CA, 0x060CE, 0x060CF, 0x060D9, 0x060DB, 0x060DE, 0x060E2, 0x060E5, 0x060EE,
	0x060F2, 0x060F5, 0x060FC, 0x060FD, 0x06102, 0x06107, 0x0610A, 0x0610C, 0x06110, 0x06111,
	0x06112, 0x06113, 0x06114, 0x06116, 0x06117, 0x06119, 0x0611E, 0x06122, 0x0612A, 0x06131,
	0x06135, 0x06136, 0x06139, 0x0613A, 0x06141, 0x06145, 0x06146, 0x06149, 0x0615E, 0x06160,
	0x0616C, 0x06172, 0x06178, 0x0617B, 0x0617C, 0x0617F, 0x06180, 0x06181, 0x06183, 0x06184,
	0x0618B, 0x06192, 0x06193, 0x06197, 0x06198, 0x0619C, 0x0619D, 0x0619F, 0x061A0, 0x061A5,
	0x061A8, 0x061AA, 0x061AD, 0x061B8, 0x061C0, 0x061C1, 0x061C2, 0x061CE, 0x061CF, 0x061D5,
	0x061DC, 0x061DD, 0x061DE, 0x061DF, 0x061E1, 0x061E2, 0x061E5, 0x061E7, 0x061E9, 0x061EC,
	0x061ED, 0x061EF, 0x061F5, 0x06201, 0x06203, 0x06204, 0x06207, 0x06213, 0x06215, 0x0621C,
	0x06220, 0x06223, 0x06227, 0x06229, 0x0622B, 0x06239, 0x0623D, 0x06242, 0x06244, 0x06246,
	0x0624C, 0x06250, 0x06251, 0x06252, 0x06254, 0x0625C, 0x06261, 0x06264, 0x0626D, 0x06273,
	0x0627A, 0x0627B, 0x0627D, 0x0628D, 0x0628E, 0x0628F, 0x06290, 0x06299, 0x062A6, 0x062A8,
	0x062B3, 0x062B6, 0x062B7, 0x062BA, 0x062BE, 0x062BF, 0x062CE, 0x062D5, 0x062DA, 0x062EA,
	0x062F2, 0x062F4, 0x062FD, 0x06303, 0x06304, 0x0630B, 0x0630D, 0x06310, 0x06313, 0x06316,
	0x06329, 0x0632A, 0x0632D, 0x06332, 0x06335, 0x06336, 0x0633B, 0x0633C, 0x06341, 0x06342,
	0x06344, 0x06346, 0x0634A, 0x0634B, 0x0634E, 0x06352, 0x06353, 0x06354, 0x06358, 0x06359,
	0x0635B, 0x06366, 0x0636C, 0x0636D, 0x06371, 0x06374, 0x06375, 0x06378, 0x0637D, 0x0637F,
	0x06382, 0x06384, 0x06387, 0x0638A, 0x06390, 0x06394, 0x06395, 0x06399, 0x0639A, 0x0639E,
	0x063A4, 0x063A6, 0x063AD, 0x063AE, 0x063AF, 0x063BD, 0x063C1, 0x063C5, 0x063C8, 0x063CE,
	0x063D1, 0x063D3, 0x063D4, 0x063D5, 0x063DC, 0x063E0, 0x063EA, 0x063EB, 0x063EC, 0x063F2,
	0x063F3, 0x063F7, 0x063F8, 0x063F9, 0x06409, 0x0640A, 0x06412, 0x06418, 0x0641E, 0x06420,
	0x06424, 0x06425, 0x06429, 0x0642A, 0x0642F, 0x06430, 0x06435, 0x0643D, 0x0643F, 0x0644B,
	0x0644F, 0x06452, 0x06453, 0x06454, 0x0645A, 0x0645B, 0x0645C, 0x0645D, 0x0645F, 0x06461,
	0x06463, 0x06473, 0x06474, 0x0647B, 0x0647D, 0x06485, 0x06487, 0x0648F, 0x06490, 0x06491,
	0x06498, 0x06499, 0x0649B, 0x0649D, 0x0649F, 0x064A1, 0x064A3, 0x064A6, 0x064A8, 0x064AC,
	0x064B3, 0x064BD, 0x064C9, 0x064CB, 0x064CC, 0x064D1, 0x064D5, 0x064D7, 0x064E4, 0x064E5,
	0x064E9, 0x064EA, 0x064ED, 0x064F0, 0x064F5, 0x064FF, 0x06501, 0x06504, 0x06508, 0x06509,
	0x0650A, 0x0650F, 0x06513, 0x06514, 0x06516, 0x06519, 0x0651B, 0x0651E, 0x0651F, 0x06526,
	0x0652E, 0x06531, 0x06532, 0x0653A, 0x0653C, 0x0653D, 0x06543, 0x06544, 0x06547, 0x06549,
	0x06550, 0x06552, 0x06554, 0x0655F, 0x06560, 0x0656B, 0x0657A, 0x0657D, 0x06581, 0x06584,
	0x06585, 0x0658A, 0x06592, 0x06595, 0x06598, 0x065A0, 0x065A3, 0x065A6, 0x065AE, 0x065B2,
	0x065B3, 0x065B4, 0x065B5, 0x065B8, 0x065BF, 0x065C2, 0x065C8, 0x065C9, 0x065CE, 0x065D0,
	0x065D4, 0x065D6, 0x065D8, 0x065DF, 0x065F0, 0x065F2, 0x065F4, 0x065F5, 0x065F9, 0x065FC,
	0x065FE, 0x065FF, 0x06604, 0x06608, 0x0660D, 0x06611, 0x06612, 0x06616, 0x0661D, 0x06621,
	0x06623, 0x06626, 0x06629, 0x0662A, 0x0662C, 0x0662E, 0x06637, 0x06639, 0x06640, 0x06645,
	0x06646, 0x0664A, 0x0664E, 0x06651, 0x06657, 0x06658, 0x0665B, 0x0665C, 0x06660, 0x06663,
	0x0666A, 0x0666B, 0x0666C, 0x0666D, 0x06675, 0x06679, 0x0667B, 0x0667C, 0x0667E, 0x0667F,
	0x06680, 0x0668B, 0x0668C, 0x06690, 0x06692, 0x06699, 0x0669A, 0x0669B, 0x0669C, 0x0669F,
	0x066A4, 0x066AD, 0x066B1, 0x066B5, 0x066BF, 0x066C0, 0x066C2, 0x066C3, 0x066CC, 0x066CE,
	0x066CF, 0x066D4, 0x066DF, 0x066EB, 0x066EC, 0x066EE, 0x06701, 0x06705, 0x06707, 0x0670E,
	0x06712, 0x06719, 0x0671C, 0x06720, 0x06722, 0x0673E, 0x06745, 0x0674C, 0x0674D, 0x06754,
	0x06755, 0x0675D, 0x0676C, 0x0676E, 0x06774, 0x06776, 0x06784, 0x0678E, 0x0678F, 0x06791,
	0x06792, 0x06796, 0x06799, 0x067B0, 0x067B1, 0x067B2, 0x067B5, 0x067BC, 0x067BD, 0x067C2,
	0x067C3, 0x067C5, 0x067C8, 0x067C9, 0x067D2, 0x067D9, 0x067DB, 0x067DC, 0x067E1, 0x067E6,
	0x067F0, 0x067F2, 0x067F6, 0x067F7, 0x06810, 0x06814, 0x06818, 0x06819, 0x0681F, 0x06827,
	0x06828, 0x0682D, 0x0682F, 0x06830, 0x06833, 0x0683B, 0x0683E, 0x0683F, 0x06844, 0x06845,
	0x06849, 0x0684A, 0x0684C, 0x06855, 0x06857, 0x06858, 0x0686B, 0x0686E, 0x0686F, 0x06870,
	0x06871, 0x06879, 0x0687A, 0x0687B, 0x0687C, 0x06882, 0x06884, 0x06886, 0x06888, 0x06890,
	0x06896, 0x06898, 0x06899, 0x0689A, 0x0689C, 0x068A1, 0x068A9, 0x068AA, 0x068AB, 0x068AE,
	0x068B4, 0x068BB, 0x068C3, 0x068C5, 0x068CC, 0x068CF, 0x068D1, 0x068D3, 0x068D6, 0x068D9,
	0x068DC, 0x068DD, 0x068E4, 0x068E5, 0x068EA, 0x068EB, 0x068EC, 0x068F5, 0x068F6, 0x068F7,
	0x068FB, 0x068FD, 0x06903, 0x06906, 0x06907, 0x06909, 0x06910, 0x06911, 0x06913, 0x06916,
	0x06917, 0x06931, 0x06933, 0x06938, 0x0693B, 0x06945, 0x06946, 0x0694E, 0x0695B, 0x06965,
	0x06966, 0x06969, 0x0696C, 0x06970, 0x06971, 0x06972, 0x0697A, 0x0697B, 0x0697F, 0x0698D,
	0x06992, 0x06996, 0x06998, 0x069A1, 0x069A6, 0x069A8, 0x069AB, 0x069AF, 0x069B0, 0x069B7,
	0x069B8, 0x069BA, 0x069BC, 0x069C0, 0x069C5, 0x069C8, 0x069D1, 0x069D6, 0x069D7, 0x069E3,
	0x069E5, 0x069EE, 0x069EF, 0x069F1, 0x069F3, 0x069F4, 0x069FE, 0x06A00, 0x06A01, 0x06A03,
	0x06A11, 0x06A1A, 0x06A1D, 0x06A20, 0x06A24, 0x06A28, 0x06A30, 0x06A32, 0x06A33, 0x06A34,
	0x06A37, 0x06A3F, 0x06A46, 0x06A49, 0x06A4A, 0x06A4E, 0x06A51, 0x06A52, 0x06A55, 0x06A64,
	0x06A67, 0x06A6A, 0x06A71, 0x06A7A, 0x06A7E, 0x06A81, 0x06A83, 0x06A86, 0x06A87, 0x06A8B,
	0x06A91, 0x06A9B, 0x06A9F, 0x06AA1, 0x06AAB, 0x06AAF, 0x06AB0, 0x06AB1, 0x06AB4, 0x06ABD,
	0x06ABE, 0x06ABF, 0x06AC6, 0x06AC8, 0x06AC9, 0x06ACC, 0x06AD0, 0x06AD4, 0x06AD5, 0x06AD6,
	0x06ADC, 0x06ADD, 0x06AEC, 0x06AF0, 0x06AF1, 0x06AF2, 0x06AF3, 0x06AFC, 0x06AFD, 0x06B02,
	0x06B03, 0x06B06, 0x06B07, 0x06B09, 0x06B0B, 0x06B0F, 0x06B10, 0x06B11, 0x06B17, 0x06B24,
	0x06B28, 0x06B2B, 0x06B2F, 0x06B36, 0x06B3B, 0x06B3F, 0x06B4A, 0x06B4D, 0x06B52, 0x06B58,
	0x06B5D, 0x06B6B, 0x06B6C, 0x06B6E, 0x06B70, 0x06B75, 0x06B7A, 0x06B7D, 0x06B7E, 0x06B81,
	0x06B85, 0x06B97, 0x06B9B, 0x06B9F, 0x06BA0, 0x06BA2, 0x06BA3, 0x06BA8, 0x06BAC, 0x06BAE,
	0x06BB0, 0x06BB8, 0x06BB9, 0x06BBD, 0x06BBE, 0x06BC3, 0x06BC4, 0x06BC7, 0x06BC8, 0x06BC9,
	0x06BCC, 0x06BDA, 0x06BE1, 0x06BE3, 0x06BE6, 0x06BE7, 0x06BEE, 0x06BF1, 0x06BF7, 0x06BF9,
	0x06C02, 0x06C04, 0x06C09, 0x06C0A, 0x06C0D, 0x06C0E, 0x06C12, 0x06C19, 0x06C1F, 0x06C26,
	0x06C27, 0x06C28, 0x06C2C, 0x06C2E, 0x06C35, 0x06C36, 0x06C3A, 0x06C3B, 0x06C3F, 0x06C4A,
	0x06C4B, 0x06C4D, 0x06C4F, 0x06C52, 0x06C54, 0x06C5B, 0x06C67, 0x06C6B, 0x06C6D, 0x06C6F,
	0x06C78, 0x06C79, 0x06C7B, 0x06C84, 0x06C87, 0x06C89, 0x06C94, 0x06C95, 0x06C97, 0x06C9F,
	0x06CAD, 0x06CB0, 0x06CB2, 0x06CB4, 0x06CC2, 0x06CCD, 0x06CCF, 0x06CD0, 0x06CD1, 0x06CD2,
	0x06CD6, 0x06CDA, 0x06CDC, 0x06CE7, 0x06CE9, 0x06CEC, 0x06CED, 0x06CF2, 0x06CF4, 0x06D00,
	0x06D07, 0x06D0A, 0x06D0F, 0x06D11, 0x06D13, 0x06D1A, 0x06D24, 0x06D26, 0x06D27, 0x06D28,
	0x06D2F, 0x06D34, 0x06D3C, 0x06D57, 0x06D5B, 0x06D5E, 0x06D5F, 0x06D60, 0x06D61, 0x06D67,
	0x06D6F, 0x06D70, 0x06D7C, 0x06D80, 0x06D81, 0x06D8A, 0x06D8D, 0x06D91, 0x06D92, 0x06D96,
	0x06D97, 0x06D98, 0x06DAB, 0x06DAE, 0x06DB4, 0x06DB7, 0x06DB9, 0x06DBD, 0x06DC2, 0x06DC8,
	0x06DCA, 0x06DCE, 0x06DCF, 0x06DD0, 0x06DDF, 0x06DE0, 0x06DE2, 0x06DE5, 0x06DE9, 0x06DEF,
	0x06DF0, 0x06DF4, 0x06DF6, 0x06E00, 0x06E04, 0x06E17, 0x06E1E, 0x06E22, 0x06E27, 0x06E32,
	0x06E36, 0x06E39, 0x06E3B, 0x06E3C, 0x06E45, 0x06E48, 0x06E49, 0x06E4B, 0x06E4C, 0x06E4F,
	0x06E51, 0x06E52, 0x06E53, 0x06E54, 0x06E57, 0x06E5D, 0x06E62, 0x06E63, 0x06E68, 0x06E73,
	0x06E7B, 0x06E7D, 0x06E8D, 0x06E93, 0x06E99, 0x06EA0, 0x06EA7, 0x06EAD, 0x06EAE, 0x06EB3,
	0x06EB4, 0x06EBB, 0x06EBF, 0x06EC0, 0x06EC3, 0x06EC8, 0x06ECA, 0x06ECD, 0x06ECF, 0x06ED9,
	0x06EEB, 0x06EED, 0x06EEE, 0x06EF9, 0x06EFB, 0x06EFD, 0x06F04, 0x06F08, 0x06F0A, 0x06F0C,
	0x06F0D, 0x06F16, 0x06F18, 0x06F1B, 0x06F25, 0x06F26, 0x06F29, 0x06F2D, 0x06F30, 0x06F35,
	0x06F36, 0x06F3B, 0x06F3C, 0x06F4F, 0x06F52, 0x06F53, 0x06F57, 0x06F5A, 0x06F5D, 0x06F60,
	0x06F68, 0x06F6C, 0x06F7D, 0x06F83, 0x06F87, 0x06F8B, 0x06F90, 0x06F92, 0x06F93, 0x06F96,
	0x06F98, 0x06F9A, 0x06F9F, 0x06FA5, 0x06FA6, 0x06FA8, 0x06FAE, 0x06FAF, 0x06FB0, 0x06FB5,
	0x06FBE, 0x06FC5, 0x06FC8, 0x06FC9, 0x06FDA, 0x06FDE, 0x06FE8, 0x06FE9, 0x06FFC, 0x06FFD,
	0x07000, 0x07007, 0x0700A, 0x0700D, 0x07017, 0x07020, 0x07023, 0x0702F, 0x07034, 0x07037,
	0x07039, 0x0703A, 0x0703C, 0x07043, 0x07044, 0x07047, 0x07048, 0x07049, 0x0704B, 0x07054,
	0x07055, 0x07065, 0x07069, 0x0706C, 0x0706E, 0x07076, 0x0707E, 0x07081, 0x07086, 0x07094,
	0x07095, 0x07096, 0x07097, 0x07098, 0x0709B, 0x0709F, 0x070B0, 0x070B1, 0x070B4, 0x070BB,
	0x070CA, 0x070D1, 0x070D3, 0x070D5, 0x070D6, 0x070DC, 0x070EC, 0x070FA, 0x07103, 0x07104,
	0x07105, 0x07106, 0x07107, 0x07108, 0x0710B, 0x0710C, 0x0712D, 0x0712F, 0x07131, 0x07138,
	0x07141, 0x07145, 0x0714A, 0x0714B, 0x07150, 0x07153, 0x07157, 0x0715A, 0x0715E, 0x07179,
	0x07180, 0x0718C, 0x07196, 0x0719A, 0x0719B, 0x071A0, 0x071A2, 0x071AE, 0x071AF, 0x071B0,
	0x071B2, 0x071B3, 0x071BF, 0x071C0, 0x071CB, 0x071CC, 0x071D3, 0x071D6, 0x071D9, 0x071DA,
	0x071DC, 0x071F8, 0x07207, 0x07208, 0x07209, 0x07213, 0x07217, 0x0721A, 0x0721D, 0x0721F,
	0x07224, 0x0722B, 0x0722F, 0x07234, 0x07238, 0x07239, 0x07241, 0x07242, 0x07243, 0x07245,
	0x0724E, 0x0724F, 0x07250, 0x07253, 0x07257, 0x0725A, 0x0725C, 0x0725E, 0x07260, 0x07263,
	0x07268, 0x0726B, 0x0726E, 0x0726F, 0x07271, 0x07277, 0x07278, 0x0727B, 0x0727C, 0x0727F,
	0x07284, 0x07289, 0x0728E, 0x07293, 0x072A8, 0x072AD, 0x072AE, 0x072B0, 0x072B1, 0x072B4,
	0x072C1, 0x072C7, 0x072C9, 0x072CC, 0x072D5, 0x072D6, 0x072D8, 0x072DF, 0x072E5, 0x072F3,
	0x072F4, 0x072FA, 0x072FE, 0x07302, 0x07304, 0x07305, 0x07307, 0x0730B, 0x0730D, 0x07312,
	0x07313, 0x07318, 0x07319, 0x0731E, 0x07322, 0x07324, 0x0732C, 0x07331, 0x07332, 0x07333,
	0x07335, 0x07339, 0x0733A, 0x0733B, 0x0733D, 0x07343, 0x0734D, 0x07352, 0x07356, 0x07358,
	0x0735D, 0x0735E, 0x0735F, 0x07360, 0x07367, 0x07369, 0x0736B, 0x0736C, 0x0736E, 0x0736F,
	0x07371, 0x07377, 0x07379, 0x07380, 0x07381, 0x07383, 0x07385, 0x07386, 0x0738A, 0x0738E,
	0x07390, 0x07393, 0x07394, 0x07397, 0x07398, 0x0739C, 0x0739E, 0x073A5, 0x073A8, 0x073AA,
	0x073AD, 0x073B5, 0x073B7, 0x073B9, 0x073BC, 0x073BD, 0x073BF, 0x073C5, 0x073C6, 0x073CB,
	0x073CC, 0x073D2, 0x073D3, 0x073DD, 0x073E1, 0x073E6, 0x073E7, 0x073F4, 0x073F5, 0x073F7,
	0x073F9, 0x073FA, 0x073FB, 0x073FD, 0x073FF, 0x07400, 0x07401, 0x07404, 0x07411, 0x07413,
	0x07424, 0x07429, 0x0742D, 0x07431, 0x07439, 0x07440, 0x07443, 0x0744D, 0x07451, 0x07452,
	0x07453, 0x0745D, 0x07466, 0x07467, 0x07468, 0x0746E, 0x07471, 0x07472, 0x07480, 0x07481,
	0x07485, 0x07488, 0x0748F, 0x07491, 0x07492, 0x07497, 0x07499, 0x0749A, 0x074A0, 0x074A1,
	0x074A5, 0x074AA, 0x074AB, 0x074AE, 0x074AF, 0x074B1, 0x074B2, 0x074B9, 0x074BA, 0x074BB,
	0x074CC, 0x074D0, 0x074D3, 0x074D6, 0x074D8, 0x074DB, 0x074DE, 0x074DF, 0x074E4, 0x074E8,
	0x074EA, 0x074EB, 0x074EF, 0x074F4, 0x074FA, 0x074FB, 0x074FC, 0x07506, 0x07512, 0x07516,
	0x07520, 0x07521, 0x07524, 0x07527, 0x07529, 0x0752A, 0x07536, 0x07539, 0x0753D, 0x0753E,
	0x0753F, 0x07540, 0x07543, 0x07547, 0x07548, 0x0754E, 0x07550, 0x07552, 0x07557, 0x0755E,
	0x0755F, 0x07561, 0x0756C, 0x07571, 0x07572, 0x0757A, 0x0757B, 0x0757C, 0x0757D, 0x0757E,
	0x07581, 0x07585, 0x0758C, 0x07590, 0x07593, 0x07595, 0x07599, 0x0759C, 0x075A2, 0x075A4,
	0x075B0, 0x075B4, 0x075B7, 0x075BA, 0x075BF, 0x075C0, 0x075C1, 0x075C4, 0x075C6, 0x075CC,
	0x075CF, 0x075D3, 0x075D7, 0x075DC, 0x075DD, 0x075DF, 0x075E0, 0x075E1, 0x075E7, 0x075EC,
	0x075EE, 0x075EF, 0x075F1, 0x075F9, 0x07603, 0x07604, 0x07607, 0x0760A, 0x0760C, 0x0760F,
	0x07612, 0x07613, 0x07618, 0x0761B, 0x0761C, 0x0761D, 0x07623, 0x07625, 0x07628, 0x07629,
	0x07632, 0x07633, 0x07638, 0x07639, 0x0763A, 0x0763C, 0x07640, 0x07641, 0x07644, 0x07645,
	0x07649, 0x0764A, 0x07655, 0x07659, 0x0765F, 0x0766E, 0x07674, 0x07685, 0x0768C, 0x0768D,
	0x07695, 0x0769C, 0x0769F, 0x076A0, 0x076A1, 0x076A2, 0x076A3, 0x076A4, 0x076A5, 0x076A7,
	0x076A8, 0x076AD, 0x076AF, 0x076BD, 0x076C1, 0x076C9, 0x076CB, 0x076D9, 0x076E0, 0x076E8,
	0x076EC, 0x076F0, 0x076F6, 0x076F9, 0x07700, 0x07706, 0x0770E, 0x07712, 0x07714, 0x07715,
	0x07717, 0x0771A, 0x0771C, 0x07722, 0x07728, 0x0772D, 0x0772E, 0x0772F, 0x07735, 0x07739,
	0x0773D, 0x0773E, 0x07742, 0x07745, 0x0774A, 0x0774F, 0x07752, 0x07756, 0x07757, 0x07758,
	0x0775E, 0x07760, 0x07764, 0x07767, 0x0776A, 0x0776C, 0x07770, 0x07772, 0x07773, 0x07774,
	0x0777C, 0x0777D, 0x07784, 0x0778C, 0x0778D, 0x07795, 0x07796, 0x0779A, 0x0779F, 0x077A2,
	0x077A4, 0x077A7, 0x077A9, 0x077AE, 0x077AF, 0x077B1, 0x077B5, 0x077BE, 0x077C3, 0x077C9,
	0x077D1, 0x077D2, 0x077D5, 0x077D9, 0x077DE, 0x077DF, 0x077E4, 0x077E6, 0x077EA, 0x077EC,
	0x077F0, 0x077F1, 0x077F4, 0x077F8, 0x077FB, 0x07805, 0x07806, 0x07809, 0x0780D, 0x0780E,
	0x07811, 0x07819, 0x0781D, 0x07821, 0x07822, 0x07823, 0x0782C, 0x0782E, 0x07830, 0x07835,
	0x07837, 0x07844, 0x07847, 0x07848, 0x0784C, 0x07852, 0x0785C, 0x0785E, 0x07860, 0x07861,
	0x07863, 0x07864, 0x0786A, 0x0787A, 0x0787E, 0x0788A, 0x0788F, 0x07894, 0x07898, 0x0789D,
	0x0789E, 0x0789F, 0x078A1, 0x078A4, 0x078A8, 0x078AC, 0x078B1, 0x078B2, 0x078B3, 0x078BB,
	0x078BD, 0x078BF, 0x078C7, 0x078C8, 0x078C9, 0x078CC, 0x078CE, 0x078D2, 0x078D3, 0x078D5,
	0x078D6, 0x078DB, 0x078DF, 0x078E0, 0x078E1, 0x078E6, 0x078EA, 0x078F3, 0x078F6, 0x078F9,
	0x078FA, 0x078FB, 0x078FE, 0x078FF, 0x07906, 0x0790C, 0x07910, 0x0791A, 0x0791B, 0x0791E,
	0x0791F, 0x07920, 0x07925, 0x07927, 0x07929, 0x0792D, 0x07930, 0x07935, 0x0793B, 0x0793D,
	0x0793F, 0x07944, 0x0794A, 0x0794B, 0x0794F, 0x07951, 0x07954, 0x07958, 0x0795B, 0x07967,
	0x07969, 0x0796B, 0x07972, 0x0797B, 0x0797C, 0x0797E, 0x0798B, 0x0798C, 0x07991, 0x07993,
	0x07994, 0x07995, 0x07996, 0x0799B, 0x0799C, 0x079A1, 0x079A8, 0x079A9, 0x079AB, 0x079AF,
	0x079B4, 0x079BB, 0x079C2, 0x079C4, 0x079C7, 0x079CC, 0x079CD, 0x079CF, 0x079D6, 0x079DA,
	0x079DD, 0x079E0, 0x079E2, 0x079E5, 0x079EA, 0x079F1, 0x079F8, 0x079FC, 0x07A02, 0x07A07,
	0x07A09, 0x07A0A, 0x07A0C, 0x07A11, 0x07A15, 0x07A1B, 0x07A1E, 0x07A21, 0x07A27, 0x07A2B,
	0x07A2D, 0x07A2F, 0x07A30, 0x07A34, 0x07A35, 0x07A38, 0x07A3A, 0x07A44, 0x07A45, 0x07A47,
	0x07A48, 0x07A4C, 0x07A55, 0x07A56, 0x07A59, 0x07A5C, 0x07A5F, 0x07A60, 0x07A65, 0x07A67,
	0x07A6A, 0x07A75, 0x07A78, 0x07A7E, 0x07A80, 0x07A82, 0x07A86, 0x07A8A, 0x07A8B, 0x07A90,
	0x07A91, 0x07A94, 0x07A9E, 0x07AA3, 0x07AAC, 0x07AB5, 0x07AB9, 0x07ABC, 0x07ABE, 0x07AC6,
	0x07AC9, 0x07ACC, 0x07AD1, 0x07ADB, 0x07AE7, 0x07AE8, 0x07AE9, 0x07AEC, 0x07AF1, 0x07AF4,
	0x07AFB, 0x07AFE, 0x07B07, 0x07B14, 0x07B1F, 0x07B23, 0x07B27, 0x07B29, 0x07B2A, 0x07B2B,
	0x07B2E, 0x07B2F, 0x07B30, 0x07B31, 0x07B34, 0x07B3D, 0x07B3F, 0x07B40, 0x07B41, 0x07B55,
	0x07B64, 0x07B66, 0x07B69, 0x07B6A, 0x07B73, 0x07B77, 0x07B79, 0x07B7F, 0x07B84, 0x07B89,
	0x07B8E, 0x07B90, 0x07B91, 0x07B96, 0x07B9B, 0x07BA0, 0x07BA5, 0x07BAC, 0x07BAF, 0x07BB0,
	0x07BB2, 0x07BB5, 0x07BB6, 0x07BBA, 0x07BBB, 0x07BBC, 0x07BBD, 0x07BC2, 0x07BC5, 0x07BC8,
	0x07BCA, 0x07BD4, 0x07BD6, 0x07BDA, 0x07BDB, 0x07BE8, 0x07BEA, 0x07BF0, 0x07BF2, 0x07BF4,
	0x07BF5, 0x07BF8, 0x07BF9, 0x07BFA, 0x07BFC, 0x07BFE, 0x07C02, 0x07C03, 0x07C04, 0x07C06,
	0x07C09, 0x07C0B, 0x07C0C, 0x07C0E, 0x07C0F, 0x07C19, 0x07C1B, 0x07C25, 0x07C26, 0x07C28,
	0x07C2C, 0x07C34, 0x07C39, 0x07C3A, 0x07C45, 0x07C46, 0x07C4A, 0x07C51, 0x07C52, 0x07C53,
	0x07C55, 0x07C57, 0x07C5A, 0x07C5B, 0x07C5C, 0x07C5D, 0x07C5E, 0x07C61, 0x07C63, 0x07C67,
	0x07C69, 0x07C6E, 0x07C6F, 0x07C70, 0x07C72, 0x07C7C, 0x07C7D, 0x07C86, 0x07C87, 0x07C9E,
	0x07CA6, 0x07CB0, 0x07CB6, 0x07CB7, 0x07CBA, 0x07CBB, 0x07CBF, 0x07CC4, 0x07CC7, 0x07CC8,
	0x07CC9, 0x07CCD, 0x07CCF, 0x07CD3, 0x07CD4, 0x07CD7, 0x07CDA, 0x07CE6, 0x07CE9, 0x07CEB,
	0x07CF5, 0x07D03, 0x07D09, 0x07D0F, 0x07D11, 0x07D12, 0x07D16, 0x07D1E, 0x07D26, 0x07D2A,
	0x07D2D, 0x07D3C, 0x07D3D, 0x07D3E, 0x07D40, 0x07D47, 0x07D4D, 0x07D51, 0x07D57, 0x07D59,
	0x07D5A, 0x07D5D, 0x07D65, 0x07D67, 0x07D6A, 0x07D70, 0x07D78, 0x07D7B, 0x07D7F, 0x07D81,
	0x07D82, 0x07D85, 0x07D86, 0x07D88, 0x07D8C, 0x07D8D, 0x07D91, 0x07D96, 0x07D97, 0x07D9D,
	0x07D9E, 0x07DA7, 0x07DAA, 0x07DB3, 0x07DB6, 0x07DB7, 0x07DB9, 0x07DC0, 0x07DC3, 0x07DC4,
	0x07DC5, 0x07DC6, 0x07DCD, 0x07DCE, 0x07DD7, 0x07DD9, 0x07DE2, 0x07DE5, 0x07DE6, 0x07DEA,
	0x07DEB, 0x07DED, 0x07DF1, 0x07DF5, 0x07DF6, 0x07DF9, 0x07DFA, 0x07E00, 0x07E10, 0x07E17,
	0x07E1C, 0x07E1D, 0x07E20, 0x07E27, 0x07E2C, 0x07E2D, 0x07E2F, 0x07E33, 0x07E36, 0x07E3F,
	0x07E44, 0x07E45, 0x07E4E, 0x07E50, 0x07E58, 0x07E5F, 0x07E62, 0x07E65, 0x07E6E, 0x07E6F,
	0x07E73, 0x07E75, 0x07E78, 0x07E7E, 0x07E81, 0x07E86, 0x07E87, 0x07E91, 0x07E95, 0x07E98,
	0x07E9A, 0x07E9D, 0x07E9E, 0x07F3B, 0x07F3C, 0x07F3D, 0x07F3E, 0x07F3F, 0x07F43, 0x07F44,
	0x07F4F, 0x07F52, 0x07F53, 0x07F5B, 0x07F5C, 0x07F5D, 0x07F61, 0x07F63, 0x07F64, 0x07F65,
	0x07F66, 0x07F6D, 0x07F71, 0x07F7D, 0x07F7E, 0x07F7F, 0x07F80, 0x07F8B, 0x07F8D, 0x07F8F,
	0x07F90, 0x07F96, 0x07F9C, 0x07FA1, 0x07FA2, 0x07FA6, 0x07FAA, 0x07FAD, 0x07FB4, 0x07FBC,
	0x07FC0, 0x07FC3, 0x07FC8, 0x07FCF, 0x07FE3, 0x07FE5, 0x07FE8, 0x07FEF, 0x07FF2, 0x07FFD,
	0x07FFE, 0x07FFF, 0x08002, 0x08007, 0x08008, 0x0800A, 0x0800D, 0x0800E, 0x0800F, 0x08011,
	0x08013, 0x08016, 0x0801D, 0x0801E, 0x0801F, 0x08020, 0x08024, 0x0802C, 0x0802E, 0x08030,
	0x08034, 0x08039, 0x0803A, 0x0803E, 0x08040, 0x08043, 0x08044, 0x08060, 0x08064, 0x08066,
	0x0806D, 0x08071, 0x08075, 0x0807B, 0x08081, 0x08088, 0x0808E, 0x08099, 0x0809C, 0x0809E,
	0x080A4, 0x080A6, 0x080A7, 0x080AB, 0x080B8, 0x080B9, 0x080C5, 0x080C8, 0x080CD, 0x080CF,
	0x080D2, 0x080D4, 0x080D5, 0x080D8, 0x080E6, 0x080ED, 0x080EE, 0x080F0, 0x080F2, 0x080F5,
	0x080F6, 0x080F9, 0x080FA, 0x080FB, 0x080FE, 0x08103, 0x0810B, 0x0810D, 0x08116, 0x08117,
	0x0811C, 0x0811E, 0x08120, 0x08124, 0x08127, 0x0812C, 0x08130, 0x08135, 0x0813A, 0x0813C,
	0x0813D, 0x08145, 0x08147, 0x0814C, 0x08152, 0x08157, 0x08161, 0x08169, 0x0816F, 0x08177,
	0x08181, 0x08184, 0x08185, 0x08186, 0x0818B, 0x0818E, 0x08190, 0x08196, 0x08198, 0x0819B,
	0x0819E, 0x081A2, 0x081AE, 0x081B2, 0x081B4, 0x081C1, 0x081C3, 0x081C5, 0x081CB, 0x081CE,
	0x081D5, 0x081D6, 0x081DB, 0x081DD, 0x081DE, 0x081E1, 0x081E4, 0x081EB, 0x081EC, 0x081F0,
	0x081F1, 0x081F2, 0x081F5, 0x081F6, 0x081F8, 0x081F9, 0x081FD, 0x081FF, 0x08200, 0x08203,
	0x08204, 0x0820F, 0x08213, 0x08214, 0x08219, 0x0821A, 0x0821D, 0x08221, 0x08222, 0x08228,
	0x08232, 0x08234, 0x0823A, 0x0823C, 0x08243, 0x08244, 0x08245, 0x08246, 0x08249, 0x0824B,
	0x0824E, 0x0824F, 0x08251, 0x08256, 0x08257, 0x0825C, 0x08263, 0x08267, 0x0826D, 0x08279,
	0x0827B, 0x0827D, 0x0827F, 0x08280, 0x08281, 0x08283, 0x08284, 0x08287, 0x08289, 0x0828A,
	0x08291, 0x08293, 0x08294, 0x08296, 0x08298, 0x0829A, 0x0829B, 0x082A0, 0x082A7, 0x082A8,
	0x082AA, 0x082B0, 0x082B2, 0x082B4, 0x082BA, 0x082BC, 0x082D0, 0x082DA, 0x082E0, 0x082E2,
	0x082E4, 0x082E8, 0x082EA, 0x082ED, 0x082EF, 0x082F6, 0x082F7, 0x08307, 0x08308, 0x0830A,
	0x0830B, 0x0830C, 0x0831B, 0x0831D, 0x0831E, 0x0831F, 0x08321, 0x0832C, 0x0832E, 0x08330,
	0x08333, 0x08337, 0x0833C, 0x0833D, 0x08342, 0x08344, 0x0834D, 0x0834E, 0x08353, 0x08354,
	0x08356, 0x08357, 0x08363, 0x08370, 0x08378, 0x0837F, 0x08380, 0x08382, 0x08384, 0x0838D,
	0x08394, 0x08395, 0x08399, 0x0839B, 0x0839C, 0x0839D, 0x083A6, 0x083AC, 0x083AD, 0x083BE,
	0x083C9, 0x083D0, 0x083D4, 0x083DD, 0x083E5, 0x083E8, 0x083F6, 0x083F8, 0x083F9, 0x083FC,
	0x0840F, 0x08411, 0x08415, 0x08417, 0x08419, 0x0842F, 0x08439, 0x08445, 0x08447, 0x0844A,
	0x0844D, 0x0844F, 0x08451, 0x08452, 0x08456, 0x08458, 0x08459, 0x0845A, 0x0845C, 0x08460,
	0x08464, 0x08465, 0x08467, 0x0846A, 0x08474, 0x08476, 0x08478, 0x0847C, 0x0847D, 0x08481,
	0x08492, 0x08493, 0x08495, 0x08497, 0x084A6, 0x084A8, 0x084A9, 0x084AA, 0x084B1, 0x084BD,
	0x084BE, 0x084C7, 0x084C8, 0x084CC, 0x084CE, 0x084CF, 0x084D3, 0x084DC, 0x084E7, 0x084EA,
	0x084EF, 0x084F0, 0x084F1, 0x084F2, 0x084F7, 0x084FA, 0x084FB, 0x084FD, 0x08502, 0x08503,
	0x08507, 0x0850C, 0x0850E, 0x08510, 0x0851B, 0x0851C, 0x08522, 0x08524, 0x08525, 0x08527,
	0x0852A, 0x0852B, 0x08533, 0x08534, 0x08536, 0x0853E, 0x0853F, 0x08546, 0x0854F, 0x08550,
	0x08551, 0x08552, 0x08553, 0x08556, 0x0855C, 0x0855D, 0x0855E, 0x0855F, 0x08560, 0x08561,
	0x08562, 0x0856B, 0x0856F, 0x08579, 0x0857B, 0x0857D, 0x0857F, 0x08581, 0x08585, 0x08586,
	0x08589, 0x0858B, 0x08593, 0x08598, 0x0859D, 0x0859F, 0x085A0, 0x085A5, 0x085A7, 0x085B4,
	0x085B6, 0x085B7, 0x085B8, 0x085BC, 0x085BD, 0x085BE, 0x085BF, 0x085C2, 0x085C7, 0x085CA,
	0x085D8, 0x085D9, 0x085DA, 0x085DF, 0x085E0, 0x085E1, 0x085E6, 0x085E8, 0x085F3, 0x085F6,
	0x085FC, 0x08600, 0x0860D, 0x0860E, 0x08611, 0x08619, 0x0861B, 0x0861E, 0x08621, 0x08624,
	0x08627, 0x08636, 0x08639, 0x0863A, 0x0863C, 0x0863D, 0x08640, 0x08642, 0x08646, 0x08652,
	0x08653, 0x08656, 0x08658, 0x08659, 0x0865D, 0x08660, 0x08661, 0x08663, 0x08664, 0x08669,
	0x0866F, 0x08676, 0x08677, 0x0867A, 0x08687, 0x08688, 0x08689, 0x0868D, 0x08691, 0x08696,
	0x0869A, 0x0869C, 0x0869D, 0x086A1, 0x086A6, 0x086A7, 0x086A8, 0x086AD, 0x086B1, 0x086B3,
	0x086B4, 0x086B5, 0x086B7, 0x086B9, 0x086BF, 0x086C0, 0x086C1, 0x086C3, 0x086C5, 0x086D1,
	0x086D2, 0x086D5, 0x086D7, 0x086DA, 0x086DC, 0x086E0, 0x086E3, 0x086E5, 0x086E6, 0x086E7,
	0x08704, 0x08705, 0x08707, 0x0870E, 0x0870F, 0x08710, 0x08713, 0x08714, 0x08719, 0x0871E,
	0x0871F, 0x08721, 0x08723, 0x08728, 0x0872E, 0x0872F, 0x08731, 0x08732, 0x08739, 0x0873A,
	0x0873C, 0x0873D, 0x0873E, 0x08740, 0x08743, 0x08745, 0x0874D, 0x08751, 0x08758, 0x0875D,
	0x08761, 0x08764, 0x08765, 0x0876F, 0x08772, 0x0877B, 0x0877C, 0x08783, 0x08784, 0x08785,
	0x08786, 0x08789, 0x0878B, 0x0878C, 0x08790, 0x08793, 0x08795, 0x08797, 0x08798, 0x08799,
	0x0879E, 0x087A0, 0x087A3, 0x087A7, 0x087AE, 0x087B1, 0x087BE, 0x087BF, 0x087C1, 0x087C8,
	0x087C9, 0x087CA, 0x087CE, 0x087D5, 0x087D9, 0x087DA, 0x087DC, 0x087DF, 0x087E2, 0x087E3,
	0x087E4, 0x087E5, 0x087E6, 0x087EA, 0x087EB, 0x087ED, 0x087F1, 0x087F3, 0x087F5, 0x087F8,
	0x087FA, 0x087FF, 0x08801, 0x08803, 0x08809, 0x0880B, 0x08812, 0x08813, 0x08818, 0x08819,
	0x0881A, 0x0881B, 0x0881C, 0x0881E, 0x08828, 0x0882D, 0x0882E, 0x08830, 0x08832, 0x08835,
	0x0883A, 0x0883C, 0x08841, 0x08843, 0x08845, 0x08848, 0x08849, 0x0884A, 0x0884B, 0x0884E,
	0x08851, 0x08855, 0x08856, 0x08858, 0x0885A, 0x0885C, 0x0885F, 0x08860, 0x08864, 0x08869,
	0x0886F, 0x08871, 0x08879, 0x0887B, 0x08880, 0x0889A, 0x0889B, 0x0889C, 0x0889F, 0x088A0,
	0x088A8, 0x088BA, 0x088BC, 0x088BD, 0x088BE, 0x088C0, 0x088CB, 0x088CC, 0x088CD, 0x088D1,
	0x088D2, 0x088D3, 0x088DB, 0x088DE, 0x088E7, 0x088EF, 0x088F0, 0x088F1, 0x088F7, 0x08901,
	0x08906, 0x0890D, 0x0890E, 0x0890F, 0x08915, 0x08916, 0x08920, 0x08926, 0x08928, 0x08931,
	0x08935, 0x08937, 0x0893A, 0x0893E, 0x08942, 0x08945, 0x08946, 0x08949, 0x0894F, 0x08952,
	0x08957, 0x0895A, 0x0895B, 0x0895C, 0x08961, 0x08962, 0x08963, 0x0896B, 0x0896E, 0x08970,
	0x08973, 0x08975, 0x0897A, 0x0897B, 0x0897C, 0x0897D, 0x08980, 0x08989, 0x0898D, 0x08990,
	0x08995, 0x0899B, 0x0899C, 0x0899F, 0x089A0, 0x089A5, 0x089B0, 0x089B4, 0x089B5, 0x089B6,
	0x089B7, 0x089BC, 0x089D5, 0x089D6, 0x089D7, 0x089D8, 0x089E9, 0x089EB, 0x089ED, 0x089F1,
	0x089F3, 0x089F9, 0x089FD, 0x089FF, 0x08A04, 0x08A05, 0x08A07, 0x08A0F, 0x08A11, 0x08A14,
	0x08A1E, 0x08A20, 0x08A21, 0x08A24, 0x08A26, 0x08A2B, 0x08A2C, 0x08A2F, 0x08A35, 0x08A3D,
	0x08A3E, 0x08A40, 0x08A43, 0x08A45, 0x08A49, 0x08A4D, 0x08A53, 0x08A56, 0x08A57, 0x08A58,
	0x08A5C, 0x08A65, 0x08A67, 0x08A76, 0x08A77, 0x08A7A, 0x08A7B, 0x08A7E, 0x08A7F, 0x08A80,
	0x08A83, 0x08A86, 0x08A8B, 0x08A8F, 0x08A90, 0x08A92, 0x08A96, 0x08A97, 0x08A99, 0x08A9F,
	0x08AA9, 0x08AAE, 0x08AAF, 0x08AB3, 0x08AB6, 0x08AB7, 0x08ABB, 0x08ABE, 0x08AC3, 0x08AC6,
	0x08AC8, 0x08AC9, 0x08ACA, 0x08AD1, 0x08AD3, 0x08AD4, 0x08AD5, 0x08AD7, 0x08ADD, 0x08AEC,
	0x08AF0, 0x08AF5, 0x08AFC, 0x08AFF, 0x08B05, 0x08B06, 0x08B0A, 0x08B0B, 0x08B0D, 0x08B11,
	0x08B1C, 0x08B1E, 0x08B1F, 0x08B2D, 0x08B30, 0x08B37, 0x08B3C, 0x08B42, 0x08B43, 0x08B44,
	0x08B45, 0x08B48, 0x08B4D, 0x08B51, 0x08B52, 0x08B53, 0x08B5E, 0x08B63, 0x08B6D, 0x08B76,
	0x08B78, 0x08B79, 0x08B7C, 0x08B7E, 0x08B7F, 0x08B81, 0x08B84, 0x08B85, 0x08B8B, 0x08B8D,
	0x08B8F, 0x08B94, 0x08B95, 0x08B9C, 0x08B9E, 0x08B9F, 0x08C38, 0x08C39, 0x08C3D, 0x08C3E,
	0x08C45, 0x08C47, 0x08C4B, 0x08C4F, 0x08C51, 0x08C53, 0x08C54, 0x08C57, 0x08C58, 0x08C59,
	0x08C5B, 0x08C5D, 0x08C63, 0x08C64, 0x08C66, 0x08C69, 0x08C6D, 0x08C73, 0x08C75, 0x08C76,
	0x08C7B, 0x08C7E, 0x08C86, 0x08C87, 0x08C8B, 0x08C90, 0x08C92, 0x08C93, 0x08C99, 0x08C9B,
	0x08C9C, 0x08CA4, 0x08CB9, 0x08CBA, 0x08CC5, 0x08CC6, 0x08CC9, 0x08CCB, 0x08CCF, 0x08CD5,
	0x08CD6, 0x08CD9, 0x08CDD, 0x08CE8, 0x08CEC, 0x08CEF, 0x08CF0, 0x08CF1, 0x08CF2, 0x08CF5,
	0x08CF7, 0x08CFF, 0x08D01, 0x08D03, 0x08D09, 0x08D0E, 0x08D17, 0x08D65, 0x08D69, 0x08D6C,
	0x08D6E, 0x08D7F, 0x08D82, 0x08D84, 0x08D88, 0x08D8D, 0x08D90, 0x08D91, 0x08D95, 0x08D9E,
	0x08D9F, 0x08DA0, 0x08DA6, 0x08DAB, 0x08DAC, 0x08DB2, 0x08DB5, 0x08DB7, 0x08DB9, 0x08DBB,
	0x08DBC, 0x08DC0, 0x08DC5, 0x08DC6, 0x08DC7, 0x08DC8, 0x08DCA, 0x08DD4, 0x08DD5, 0x08DD9,
	0x08DE4, 0x08DE5, 0x08DE7, 0x08DEC, 0x08DF0, 0x08DF1, 0x08DF2, 0x08DF4, 0x08DFD, 0x08E01,
	0x08E04, 0x08E05, 0x08E06, 0x08E0B, 0x08E0C, 0x08E11, 0x08E14, 0x08E16, 0x08E21, 0x08E22,
	0x08E26, 0x08E27, 0x08E31, 0x08E33, 0x08E36, 0x08E37, 0x08E38, 0x08E39, 0x08E40, 0x08E41,
	0x08E4B, 0x08E4D, 0x08E4E, 0x08E4F, 0x08E54, 0x08E5B, 0x08E5C, 0x08E5D, 0x08E5E, 0x08E61,
	0x08E62, 0x08E69, 0x08E6C, 0x08E6D, 0x08E6F, 0x08E71, 0x08E79, 0x08E7A, 0x08E82, 0x08E83,
	0x08E89, 0x08E90, 0x08E92, 0x08E95, 0x08E98, 0x08E9A, 0x08E9B, 0x08E9D, 0x08E9E, 0x08EA2,
	0x08EA7, 0x08EA9, 0x08EAD, 0x08EAE, 0x08EB3, 0x08EB5, 0x08EB6, 0x08EBA, 0x08EBB, 0x08EC1,
	0x08EC3, 0x08EC4, 0x08EC7, 0x08ECF, 0x08ED1, 0x08ED4, 0x08EDC, 0x08EE8, 0x08EED, 0x08EEE,
	0x08EF0, 0x08EF1, 0x08EF7, 0x08EF9, 0x08F00, 0x08F02, 0x08F07, 0x08F08, 0x08F0F, 0x08F10,
	0x08F16, 0x08F17, 0x08F18, 0x08F20, 0x08F21, 0x08F23, 0x08F25, 0x08F27, 0x08F28, 0x08F2B,
	0x08F2C, 0x08F2E, 0x08F34, 0x08F35, 0x08F37, 0x08F3A, 0x08F40, 0x08F41, 0x08F43, 0x08F47,
	0x08F4A, 0x08F4F, 0x08F51, 0x08F52, 0x08F53, 0x08F55, 0x08F58, 0x08F5D, 0x08F5E, 0x08F65,
	0x08F9D, 0x08FA0, 0x08FA1, 0x08FA4, 0x08FA5, 0x08FB4, 0x08FB6, 0x08FB8, 0x08FBE, 0x08FC0,
	0x08FC1, 0x08FC6, 0x08FCA, 0x08FCB, 0x08FCD, 0x08FD0, 0x08FD2, 0x08FD3, 0x08FD5, 0x08FE0,
	0x08FE3, 0x08FF1, 0x08FF5, 0x08FF6, 0x08FFB, 0x08FFE, 0x09002, 0x09004, 0x0900C, 0x09018,
	0x0901B, 0x09028, 0x09029, 0x0902A, 0x0902C, 0x0902F, 0x09033, 0x09034, 0x09037, 0x0903F,
	0x09043, 0x09044, 0x0904C, 0x0905B, 0x0905D, 0x09062, 0x09066, 0x09067, 0x0906C, 0x09070,
	0x09074, 0x09079, 0x09085, 0x0908B, 0x0908C, 0x0908E, 0x09090, 0x09098, 0x090A0, 0x090A1,
	0x090A5, 0x090B0, 0x090B2, 0x090B4, 0x090B6, 0x090BD, 0x090C3, 0x090C8, 0x090CC, 0x090D2,
	0x090D5, 0x090D8, 0x090D9, 0x090DC, 0x090DF, 0x090E5, 0x090EB, 0x090F0, 0x090F2, 0x090F6,
	0x090FE, 0x090FF, 0x09100, 0x09104, 0x09105, 0x09106, 0x09108, 0x0910D, 0x09110, 0x09117,
	0x09118, 0x0911A, 0x0911C, 0x0911E, 0x09120, 0x09125, 0x09129, 0x0912E, 0x09136, 0x09137,
	0x09139, 0x0913A, 0x0913C, 0x09143, 0x09146, 0x09147, 0x0914F, 0x09153, 0x09157, 0x09159,
	0x0915A, 0x09161, 0x09164, 0x09167, 0x0916D, 0x09174, 0x09179, 0x0917A, 0x0917B, 0x09181,
	0x09185, 0x09186, 0x0918A, 0x0918E, 0x09191, 0x09193, 0x09194, 0x09195, 0x09198, 0x091A1,
	0x091A6, 0x091A8, 0x091AD, 0x091AE, 0x091B0, 0x091B2, 0x091B3, 0x091B6, 0x091BB, 0x091BD,
	0x091BF, 0x091C2, 0x091C3, 0x091C4, 0x091C5, 0x091D3, 0x091D4, 0x091D9, 0x091DA, 0x091DE,
	0x091E9, 0x091EA, 0x091EC, 0x091EE, 0x091EF, 0x091F0, 0x091F7, 0x091F9, 0x091FD, 0x09200,
	0x09201, 0x09204, 0x09205, 0x09206, 0x09209, 0x0920A, 0x0920C, 0x09212, 0x09213, 0x09216,
	0x09217, 0x09218, 0x0921C, 0x0921D, 0x09223, 0x09224, 0x09225, 0x09226, 0x09228, 0x0922E,
	0x0922F, 0x09230, 0x09233, 0x09235, 0x09236, 0x0923E, 0x09242, 0x09246, 0x09247, 0x0924A,
	0x0924D, 0x0924E, 0x09251, 0x09256, 0x09258, 0x09259, 0x0925C, 0x0925D, 0x09260, 0x09261,
	0x09265, 0x09267, 0x09268, 0x09269, 0x0926E, 0x0926F, 0x09270, 0x09275, 0x09276, 0x09277,
	0x09279, 0x0927B, 0x0927C, 0x0927D, 0x0927F, 0x09289, 0x0928A, 0x0928D, 0x0928E, 0x09292,
	0x09297, 0x09299, 0x0929F, 0x092A0, 0x092A4, 0x092A5, 0x092A7, 0x092A8, 0x092AB, 0x092AF,
	0x092B2, 0x092B6, 0x092B8, 0x092BA, 0x092BB, 0x092BC, 0x092BD, 0x092BF, 0x092C0, 0x092C1,
	0x092C3, 0x092C5, 0x092C6, 0x092C7, 0x092C8, 0x092CD, 0x092CE, 0x092D0, 0x092D5, 0x092D7,
	0x092D8, 0x092D9, 0x092DC, 0x092DD, 0x092DF, 0x092E1, 0x092E3, 0x092E5, 0x092E7, 0x092E8,
	0x092EC, 0x092EE, 0x092F0, 0x092F7, 0x092F9, 0x092FB, 0x09300, 0x09302, 0x09308, 0x0930D,
	0x09311, 0x09314, 0x09315, 0x0931C, 0x0931D, 0x0931E, 0x09324, 0x09327, 0x09329, 0x0932A,
	0x09333, 0x09334, 0x09336, 0x09337, 0x09347, 0x09350, 0x09351, 0x09352, 0x09355, 0x09357,
	0x09358, 0x0935A, 0x0935E, 0x09367, 0x09369, 0x0936B, 0x0936D, 0x0936F, 0x09371, 0x09373,
	0x09374, 0x09376, 0x0937A, 0x0937D, 0x0937F, 0x09380, 0x09381, 0x09382, 0x09388, 0x0938A,
	0x0938B, 0x0938D, 0x0938F, 0x09392, 0x09395, 0x09398, 0x0939E, 0x093A1, 0x093A4, 0x093A6,
	0x093A8, 0x093A9, 0x093AB, 0x093B4, 0x093B5, 0x093B6, 0x093C1, 0x093C4, 0x093C5, 0x093C7,
	0x093C9, 0x093CA, 0x093CB, 0x093CC, 0x093CD, 0x093D3, 0x093D9, 0x093DC, 0x093E2, 0x093E6,
	0x093E7, 0x093F1, 0x093F5, 0x093F7, 0x093F8, 0x093F9, 0x093FA, 0x093FB, 0x09401, 0x09402,
	0x09408, 0x09409, 0x0940D, 0x0940E, 0x0940F, 0x09415, 0x09416, 0x09417, 0x0941F, 0x0942E,
	0x0942F, 0x09431, 0x09432, 0x09434, 0x0943B, 0x0943D, 0x0943F, 0x09443, 0x09445, 0x09448,
	0x0944C, 0x09455, 0x09459, 0x0945C, 0x0945F, 0x09461, 0x09468, 0x0946D, 0x0946E, 0x0946F,
	0x09483, 0x09484, 0x09578, 0x09579, 0x0957E, 0x09584, 0x09586, 0x09588, 0x0958C, 0x0958D,
	0x0959D, 0x0959E, 0x095A1, 0x095AB, 0x095B4, 0x095BA, 0x095BF, 0x095C6, 0x095C8, 0x095C9,
	0x095D1, 0x095D2, 0x095D9, 0x095DD, 0x095DF, 0x095E0, 0x095E4, 0x095E6, 0x0961D, 0x0961E,
	0x09622, 0x09624, 0x09625, 0x09626, 0x0962C, 0x09631, 0x09633, 0x09634, 0x09637, 0x09638,
	0x09639, 0x0963A, 0x0963C, 0x0963D, 0x09641, 0x09652, 0x09654, 0x09656, 0x09657, 0x09661,
	0x0966E, 0x09674, 0x0967B, 0x0967C, 0x0967E, 0x0967F, 0x09681, 0x09682, 0x09683, 0x09689,
	0x09691, 0x09696, 0x0969A, 0x0969F, 0x096A6, 0x096A9, 0x096AE, 0x096AF, 0x096B3, 0x096BA,
	0x096BD, 0x096CA, 0x096D8, 0x096DA, 0x096DD, 0x096DF, 0x096F1, 0x096FA, 0x09702, 0x09703,
	0x09705, 0x09709, 0x09714, 0x0971A, 0x0971B, 0x0971D, 0x09721, 0x09722, 0x09723, 0x09728,
	0x09731, 0x09736, 0x09741, 0x09743, 0x09747, 0x0974A, 0x09755, 0x09757, 0x09758, 0x0975B,
	0x09763, 0x09767, 0x0976A, 0x09776, 0x09777, 0x09778, 0x0977B, 0x0977D, 0x0977F, 0x09780,
	0x09789, 0x09796, 0x09797, 0x09799, 0x0979A, 0x0979E, 0x0979F, 0x097A2, 0x097AC, 0x097B1,
	0x097B2, 0x097B5, 0x097B6, 0x097B8, 0x097B9, 0x097BC, 0x097BE, 0x097BF, 0x097C4, 0x097C5,
	0x097C7, 0x097CA, 0x097CC, 0x097CD, 0x097CE, 0x097D0, 0x097D1, 0x097D4, 0x097D7, 0x097D8,
	0x097D9, 0x097DD, 0x097E0, 0x097E1, 0x097E4, 0x097EF, 0x097F1, 0x097F7, 0x097F8, 0x097FA,
	0x09804, 0x09807, 0x0980D, 0x0980E, 0x09814, 0x09816, 0x09819, 0x0981C, 0x09820, 0x09823,
	0x09825, 0x09826, 0x0982E, 0x0982F, 0x09832, 0x09833, 0x09835, 0x0983E, 0x09844, 0x09847,
	0x0984A, 0x09851, 0x09862, 0x09863, 0x09866, 0x0986A, 0x098AB, 0x098AD, 0x098AE, 0x098B0,
	0x098B4, 0x098B7, 0x098B8, 0x098BB, 0x098BC, 0x098BF, 0x098C2, 0x098C5, 0x098C7, 0x098CB,
	0x098CC, 0x098E0, 0x098E1, 0x098E3, 0x098E5, 0x098E6, 0x098EA, 0x098F0, 0x098F1, 0x098F3,
	0x098F6, 0x09902, 0x09907, 0x09908, 0x09911, 0x09915, 0x09916, 0x09917, 0x0991A, 0x0991B,
	0x0991C, 0x0991F, 0x09922, 0x09926, 0x09927, 0x0992B, 0x09931, 0x09932, 0x09933, 0x09934,
	0x09935, 0x09939, 0x0993A, 0x0993B, 0x0993C, 0x09940, 0x09941, 0x09946, 0x09947, 0x09948,
	0x0994D, 0x0994E, 0x09954, 0x09959, 0x0995B, 0x0995C, 0x0995E, 0x0995F, 0x09960, 0x0999B,
	0x0999D, 0x0999F, 0x099A3, 0x099A6, 0x099B0, 0x099B1, 0x099B2, 0x099B5, 0x099B9, 0x099BA,
	0x099BD, 0x099BF, 0x099C3, 0x099C9, 0x099D3, 0x099D4, 0x099D9, 0x099DA, 0x099DC, 0x099DE,
	0x099E7, 0x099EA, 0x099EB, 0x099EC, 0x099F0, 0x099F4, 0x099F5, 0x099F9, 0x099FC, 0x099FD,
	0x099FE, 0x09A04, 0x09A0A, 0x09A0B, 0x09A0C, 0x09A10, 0x09A11, 0x09A16, 0x09A1A, 0x09A1E,
	0x09A20, 0x09A22, 0x09A23, 0x09A27, 0x09A31, 0x09A33, 0x09A35, 0x09A36, 0x09A41, 0x09A44,
	0x09A47, 0x09A4B, 0x09A4C, 0x09A51, 0x09A54, 0x09A56, 0x09A58, 0x09A5D, 0x09AAA, 0x09AAC,
	0x09AAE, 0x09AAF, 0x09AB2, 0x09AB4, 0x09AB5, 0x09AB7, 0x09AB9, 0x09ABB, 0x09ABE, 0x09ABF,
	0x09AC6, 0x09AC8, 0x09AD0, 0x09AD2, 0x09AD5, 0x09AD7, 0x09ADB, 0x09ADC, 0x09AE0, 0x09AE4,
	0x09AE5, 0x09AE7, 0x09AE9, 0x09AEC, 0x09AF2, 0x09AF3, 0x09AF5, 0x09AFA, 0x09AFD, 0x09AFF,
	0x09B00, 0x09B01, 0x09B03, 0x09B04, 0x09B05, 0x09B09, 0x09B0B, 0x09B0C, 0x09B0D, 0x09B0E,
	0x09B10, 0x09B12, 0x09B16, 0x09B19, 0x09B1B, 0x09B1C, 0x09B26, 0x09B2B, 0x09B33, 0x09B34,
	0x09B35, 0x09B37, 0x09B39, 0x09B3A, 0x09B3D, 0x09B48, 0x09B4B, 0x09B4C, 0x09B55, 0x09B56,
	0x09B57, 0x09B5B, 0x09B61, 0x09B63, 0x09B65, 0x09B68, 0x09B6A, 0x09B6B, 0x09B6C, 0x09B6D,
	0x09B6E, 0x09B73, 0x09B76, 0x09B77, 0x09B78, 0x09B7F, 0x09B80, 0x09B85, 0x09B86, 0x09B87,
	0x09B89, 0x09B8B, 0x09B8D, 0x09B90, 0x09B94, 0x09B9A, 0x09B9D, 0x09BA6, 0x09BA9, 0x09BAC,
	0x09BB0, 0x09BB1, 0x09BB2, 0x09BB7, 0x09BB8, 0x09BBB, 0x09BBC, 0x09BBE, 0x09BBF, 0x09BC7,
	0x09BC8, 0x09BD0, 0x09BD7, 0x09BD8, 0x09BDD, 0x09BDF, 0x09BE7, 0x09BEA, 0x09BEB, 0x09BEE,
	0x09BEF, 0x09BF3, 0x09BF7, 0x09BF9, 0x09BFA, 0x09BFF, 0x09C02, 0x09C0B, 0x09C0F, 0x09C11,
	0x09C16, 0x09C18, 0x09C19, 0x09C1A, 0x09C1C, 0x09C1D, 0x09C1E, 0x09C22, 0x09C26, 0x09C27,
	0x09C28, 0x09C29, 0x09C2A, 0x09C31, 0x09C35, 0x09C36, 0x09C37, 0x09C3D, 0x09C43, 0x09C44,
	0x09C45, 0x09C49, 0x09C4A, 0x09C4E, 0x09C54, 0x09C56, 0x09C58, 0x09C5B, 0x09C5C, 0x09C5D,
	0x09C5E, 0x09C5F, 0x09C68, 0x09C69, 0x09C6A, 0x09C6B, 0x09C6D, 0x09C6E, 0x09C70, 0x09C72,
	0x09C75, 0x09C7A, 0x09C7B, 0x09CE6, 0x09CF2, 0x09CF7, 0x09CF9, 0x09D02, 0x09D0B, 0x09D11,
	0x09D17, 0x09D18, 0x09D1C, 0x09D2F, 0x09D30, 0x09D32, 0x09D33, 0x09D34, 0x09D3A, 0x09D3C,
	0x09D3D, 0x09D42, 0x09D45, 0x09D4A, 0x09D53, 0x09D54, 0x09D5F, 0x09D62, 0x09D65, 0x09D69,
	0x09D6A, 0x09D6B, 0x09D73, 0x09D76, 0x09D77, 0x09D7B, 0x09D7E, 0x09D83, 0x09D84, 0x09D86,
	0x09D8D, 0x09D8E, 0x09D92, 0x09D93, 0x09D95, 0x09D97, 0x09D98, 0x09D99, 0x09DA1, 0x09DAA,
	0x09DAE, 0x09DB1, 0x09DB5, 0x09DB9, 0x09DBD, 0x09DBF, 0x09DC3, 0x09DC7, 0x09DC9, 0x09DCA,
	0x09DD4, 0x09DD5, 0x09DD6, 0x09DDA, 0x09DDE, 0x09DDF, 0x09DE0, 0x09DE3, 0x09DE5, 0x09DE9,
	0x09DEB, 0x09DEE, 0x09DF0, 0x09DF3, 0x09DF4, 0x09DFE, 0x09E02, 0x09E0A, 0x09E0D, 0x09E0E,
	0x09E10, 0x09E11, 0x09E12, 0x09E16, 0x09E19, 0x09E1C, 0x09E1D, 0x09E7A, 0x09E7B, 0x09E80,
	0x09E82, 0x09E83, 0x09E84, 0x09E85, 0x09E87, 0x09E8E, 0x09E8F, 0x09E96, 0x09E98, 0x09E9B,
	0x09EA8, 0x09EAE, 0x09EB0, 0x09EB3, 0x09EBD, 0x09EC6, 0x09EC8, 0x09ECB, 0x09ED5, 0x09EDF,
	0x09EE4, 0x09EE7, 0x09EEC, 0x09EED, 0x09EEE, 0x09EF0, 0x09EF1, 0x09EF2, 0x09EF5, 0x09EF8,
	0x09EFF, 0x09F02, 0x09F03, 0x09F09, 0x09F0F, 0x09F11, 0x09F12, 0x09F14, 0x09F16, 0x09F17,
	0x09F19, 0x09F1A, 0x09F1B, 0x09F1F, 0x09F22, 0x09F26, 0x09F2A, 0x09F2B, 0x09F2F, 0x09F31,
	0x09F32, 0x09F34, 0x09F37, 0x09F3A, 0x09F3C, 0x09F3D, 0x09F3F, 0x09F41, 0x09F43, 0x09F44,
	0x09F45, 0x09F46, 0x09F47, 0x09F53, 0x09F55, 0x09F56, 0x09F58, 0x09F5A, 0x09F5D, 0x09F5E,
	0x09F68, 0x09F69, 0x09F6D, 0x09F6E, 0x09F6F, 0x09F70, 0x09F71, 0x09F73, 0x09F75, 0x09F7A,
	0x09F7D, 0x09F8F, 0x09F91, 0x09F92, 0x09F96, 0x09F9E, 0x09FA1, 0x09FA3, 0x09FA5, 0x0FA13,
	0x0FA20, 0x0FA21, 0x0FA24, 0x0FA49, 0x0FA58, 0x0FA5D, 0x0FA5E, 0x0FA66, 0x2000B, 0x20089,
	0x200A2, 0x200A4, 0x201A2, 0x20213, 0x2032B, 0x20371, 0x20381, 0x203F9, 0x2044A, 0x20509,
	0x205D6, 0x20628, 0x2074F, 0x20807, 0x2083A, 0x208B9, 0x2097C, 0x2099D, 0x20AD3, 0x20B1D,
	0x20B9F, 0x20D45, 0x20DE1, 0x20E64, 0x20E6D, 0x20E95, 0x20F5F, 0x21201, 0x2123D, 0x21255,
	0x21274, 0x2127B, 0x212D7, 0x212E4, 0x212FD, 0x2131B, 0x21336, 0x21344, 0x213C4, 0x2146D,
	0x2146E, 0x215D7, 0x21647, 0x216B4, 0x21706, 0x21742, 0x218BD, 0x219C3, 0x21C56, 0x21D2D,
	0x21D45, 0x21D62, 0x21D78, 0x21D92, 0x21D9C, 0x21DA1, 0x21DB7, 0x21DE0, 0x21E33, 0x21E34,
	0x21F1E, 0x21F76, 0x21FFA, 0x2217B, 0x22218, 0x2231E, 0x223AD, 0x226F3, 0x2285B, 0x228AB,
	0x2298F, 0x22AB8, 0x22B46, 0x22B4F, 0x22B50, 0x22BA6, 0x22C1D, 0x22C24, 0x22DE1, 0x231B6,
	0x231C3, 0x231C4, 0x231F5, 0x23372, 0x233D0, 0x233D2, 0x233D3, 0x233D5, 0x233DA, 0x233DF,
	0x233E4, 0x2344A, 0x2344B, 0x23451, 0x23465, 0x234E4, 0x2355A, 0x23594, 0x235C4, 0x23638,
	0x23639, 0x2363A, 0x23647, 0x2370C, 0x2371C, 0x2373F, 0x23763, 0x23764, 0x237E7, 0x237FF,
	0x23824, 0x2383D, 0x23A98, 0x23C7F, 0x23CFE, 0x23D00, 0x23D0E, 0x23D40, 0x23DD3, 0x23DF9,
	0x23DFA, 0x23F7E, 0x24096, 0x24103, 0x241C6, 0x241FE, 0x243BC, 0x24629, 0x246A5, 0x247F1,
	0x24896, 0x24A4D, 0x24B56, 0x24B6F, 0x24C16, 0x24D14, 0x24E0E, 0x24E37, 0x24E6A, 0x24E8B,
	0x2504A, 0x25055, 0x25122, 0x251A9, 0x251CD, 0x251E5, 0x2521E, 0x2524C, 0x2542E, 0x2548E,
	0x254D9, 0x2550E, 0x255A7, 0x25771, 0x257A9, 0x257B4, 0x259C4, 0x259D4, 0x25AE3, 0x25AE4,
	0x25AF1, 0x25BB2, 0x25C4B, 0x25C64, 0x25DA1, 0x25E2E, 0x25E56, 0x25E62, 0x25E65, 0x25EC2,
	0x25ED8, 0x25EE8, 0x25F23, 0x25F5C, 0x25FD4, 0x25FE0, 0x25FFB, 0x2600C, 0x26017, 0x26060,
	0x260ED, 0x26270, 0x26286, 0x2634C, 0x26402, 0x2667E, 0x266B0, 0x2671D, 0x268DD, 0x268EA,
	0x26951, 0x2696F, 0x269DD, 0x26A1E, 0x26A58, 0x26A8C, 0x26AB7, 0x26AFF, 0x26C29, 0x26C73,
	0x26CDD, 0x26E40, 0x26E65, 0x26F94, 0x26FF6, 0x26FF7, 0x26FF8, 0x270F4, 0x2710D, 0x27139,
	0x273DA, 0x273DB, 0x273FE, 0x27410, 0x27449, 0x27614, 0x27615, 0x27631, 0x27684, 0x27693,
	0x2770E, 0x27723, 0x27752, 0x27985, 0x27A84, 0x27BB3, 0x27BBE, 0x27BC7, 0x27CB8, 0x27DA0,
	0x27E10, 0x27FB7, 0x2808A, 0x280BB, 0x28277, 0x28282, 0x282F3, 0x283CD, 0x2840C, 0x28455,
	0x2856B, 0x285C8, 0x285C9, 0x286D7, 0x286FA, 0x28946, 0x28949, 0x2896B, 0x28987, 0x28988,
	0x289BA, 0x289BB, 0x28A1E, 0x28A29, 0x28A43, 0x28A71, 0x28A99, 0x28ACD, 0x28ADD, 0x28AE4,
	0x28BC1, 0x28BEF, 0x28D10, 0x28D71, 0x28DFB, 0x28E1F, 0x28E36, 0x28E89, 0x28EEB, 0x28F32,
	0x28FF8, 0x292A0, 0x292B1, 0x29490, 0x295CF, 0x2967F, 0x296F0, 0x29719, 0x29750, 0x298C6,
	0x29A72, 0x29DDB, 0x29E15, 0x29E3D, 0x29E49, 0x29E8A, 0x29EC4, 0x29EDB, 0x29EE9, 0x29FCE,
	0x2A01A, 0x2A02F, 0x2A082, 0x2A0F9, 0x2A190, 0x2A38C, 0x2A437, 0x2A5F1, 0x2A602, 0x2A61A,
	0x2A6B2,
};

const UH bpk_tron_rev_code[5621] = {
	0xA237, 0xAA2F, 0xAB2F, 0xA922, 0xAA36, 0xAB36, 0xAA3B, 0xAB3B, 0xAA3D, 0xAB3D, 0xAA3C, 0xA924,
	0xAA47, 0xAB47, 0xAA46, 0xAB46, 0xAA44, 0xA945, 0xA926, 0xA946, 0xAA49, 0xAB49, 0xA947, 0xAA4C,
	0xAB4C, 0xA929, 0xA949, 0xAA4F, 0xAB4F, 0xA94A, 0xA92B, 0xAA5B, 0xAB5B, 0xA92F, 0xA94F, 0xAA6C,
	0xAB6C, 0xAA6A, 0xAB6A, 0xAA71, 0xAB71, 0xAA74, 0xAB74, 0xAA73, 0xAA43, 0xAA67, 0xAA70, 0xAA6D,
	0xAA6F, 0xAA6E, 0xAB39, 0xA236, 0xA238, 0xA239, 0xA661, 0xA662, 0xA663, 0xA664, 0xA667, 0xA669,
	0xA66C, 0xA676, 0xA665, 0xA66A, 0xA671, 0xA672, 0xA673, 0xA674, 0xA67B, 0xA675, 0xA67A, 0xA677,
	0xA679, 0xA67C, 0xA742, 0xA743, 0xA744, 0xA745, 0xA746, 0xA747, 0xA748, 0xA749, 0xA74A, 0xA74B,
	0xA74C, 0xA74D, 0xA74E, 0xA772, 0xA773, 0xA774, 0xA775, 0xA776, 0xA777, 0xA778, 0xA779, 0xA77A,
	0xA77B, 0xA77C, 0xA77D, 0xA77E, 0xA26F, 0x872D, 0x8732, 0x8733, 0x875E, 0x8756, 0x877E, 0x882B,
	0x9668, 0x882F, 0x8848, 0x885D, 0x885E, 0x8861, 0x8867, 0x8923, 0x8926, 0x892F, 0x8938, 0x8942,
	0x894A, 0x8979, 0x8A3F, 0x8A43, 0x8A41, 0x8A57, 0x8B23, 0x8B25, 0x8B29, 0x8B28, 0x8B2C, 0x8B3E,
	0x8B56, 0x8B59, 0x8B5C, 0x8B5E, 0x8B6F, 0x8B71, 0x8B74, 0x8B79, 0x8B7B, 0x8C3B, 0x8C46, 0x8C4A,
	0x8C60, 0x8D5B, 0x8D5F, 0x8D71, 0x8E36, 0x8D7C, 0x8E2E, 0x8E32, 0x8E34, 0x8E6D, 0x8E65, 0x8F28,
	0x8F29, 0x8F2C, 0x8F34, 0x8F48, 0x8F5D, 0x8F77, 0x903B, 0x9042, 0x9071, 0x907E, 0x9140, 0x9154,
	0x9170, 0x9177, 0x9228, 0x923F, 0x9241, 0x9242, 0x9249, 0x9250, 0x9334, 0x9346, 0x9348, 0x935C,
	0x9367, 0x936C, 0x9422, 0x942D, 0x9439, 0x9464, 0x9474, 0x9477, 0x947D, 0x9533, 0x9537, 0x9547,
	0x954B, 0x9548, 0x9553, 0x9557, 0x962B, 0x9636, 0x963B, 0x964E, 0x965D, 0x9661, 0x973E, 0x9742,
	0x9748, 0x974A, 0x974C, 0x974F, 0x976C, 0x976E, 0x9777, 0x9835, 0x9832, 0x9834, 0x9859, 0x9854,
	0x986D, 0x986E, 0x994F, 0x996C, 0x9A24, 0x9A3A, 0x9A43, 0x9A4E, 0x9A53, 0x9A6B, 0x9B29, 0x9B3F,
	0x9B49, 0x9B5C, 0x9C27, 0x9D6A, 0x9D70, 0x9D75, 0x9D78, 0x9E37, 0x9E55, 0x9F26, 0x9F28, 0x9F2A,
	0x9F31, 0x9F3F, 0xA02A, 0xA02D, 0xA04B, 0xA060, 0xB021, 0xB022, 0xB023, 0xB024, 0x8723, 0xB025,
	0xB026, 0xB027, 0xB028, 0x8725, 0xB02A, 0x922E, 0xB02B, 0xB02E, 0xB02F, 0xB030, 0xB031, 0xB032,
	0x872A, 0xB033, 0xB034, 0xB035, 0xB036, 0xB037, 0xB038, 0xB039, 0xB03A, 0xB03B, 0xB03C, 0xB03E,
	0xB03F, 0xB040, 0xB041, 0xB042, 0x8735, 0x8737, 0xB043, 0x8739, 0xB044, 0xB045, 0xB046, 0xB047,
	0xB049, 0xB04A, 0x873B, 0xB04B, 0xB04C, 0xB04D, 0xB04E, 0xB050, 0xB052, 0xB053, 0xB055, 0xB057,
	0xB058, 0xB059, 0xB05A, 0xB05B, 0xB05C, 0xB05D, 0xB05E, 0xB060, 0xB061, 0xB062, 0xB063, 0xB064,
	0xB065, 0xB066, 0xB067, 0xB06A, 0xB06B, 0xB06C, 0xB06D, 0xB06F, 0xB071, 0x8741, 0xB074, 0xB075,
	0xB076, 0xB077, 0xB078, 0xB079, 0xB07A, 0xB07C, 0xB07D, 0xB07E, 0xB121, 0xB122, 0xB124, 0xB125,
	0xB126, 0xB127, 0xB128, 0xB12B, 0xB12C, 0xB12D, 0xB12E, 0xB12F, 0xB130, 0xB131, 0xB132, 0xB133,
	0xB134, 0xB135, 0xB136, 0xB137, 0xB138, 0xB139, 0xB13A, 0xB13C, 0xB13D, 0xB13E, 0xB13F, 0xB140,
	0xB141, 0xB143, 0x874F, 0xB144, 0xB145, 0xB146, 0xB147, 0xB148, 0xB149, 0xB14B, 0xB14C, 0xB14D,
	0xB14E, 0xB150, 0xB151, 0xB152, 0xB154, 0xB155, 0xB156, 0xB157, 0xB158, 0xB15B, 0xB15C, 0xB15D,
	0xB15E, 0xB161, 0xB162, 0xB163, 0xB164, 0xB165, 0xB166, 0xB167, 0xB168, 0xB169, 0xB16A, 0xB16B,
	0xB16C, 0xB16D, 0xB16E, 0xB16F, 0xB170, 0xB171, 0xB172, 0xB173, 0xB174, 0xB175, 0xB177, 0xB178,
	0xB179, 0xB17A, 0x8769, 0xB17B, 0xB17C, 0xB17D, 0xB17E, 0xB221, 0xB222, 0x876C, 0xB224, 0xB225,
	0xB226, 0xB227, 0xB228, 0xB229, 0xB22A, 0xB22B, 0x8768, 0xB22C, 0xB22D, 0xB22E, 0x8771, 0xB22F,
	0xB230, 0x8773, 0xB231, 0xB232, 0xB233, 0xB234, 0xB235, 0xB237, 0xB239, 0xB23A, 0xB23B, 0x877B,
	0xB23C, 0xB23D, 0xB23E, 0x877C, 0xB23F, 0xB240, 0xB242, 0xB243, 0xB244, 0xB245, 0x8776, 0xB246,
	0xB247, 0xB248, 0xB24B, 0xB24C, 0xB24E, 0xB24F, 0xB250, 0xB252, 0xB253, 0xB254, 0xB255, 0xB256,
	0xB257, 0xB259, 0xB25A, 0xB25B, 0xB25C, 0xB25D, 0xB25E, 0xB25F, 0xB260, 0xB261, 0xB263, 0xB264,
	0xB265, 0xB267, 0xB268, 0xB26B, 0xB26C, 0x8826, 0xB26D, 0xB26E, 0x8828, 0x9674, 0xB26F, 0xB270,
	0xB271, 0xB272, 0xB273, 0xB274, 0xB276, 0xB277, 0xB278, 0xB279, 0xB27A, 0xB27B, 0xB27C, 0xB27D,
	0xB27E, 0xB321, 0xB322, 0xB323, 0xB324, 0xB325, 0xB326, 0xB327, 0xB32A, 0xB32C, 0xB32D, 0xB32E,
	0xB32F, 0xB331, 0xB332, 0xB333, 0xB336, 0xB337, 0xB338, 0xB339, 0xB33A, 0xB33B, 0xB33C, 0xB33D,
	0xB33E, 0xB340, 0xB342, 0xB343, 0xB344, 0xB345, 0xB346, 0xB348, 0x883B, 0xB349, 0xB34A, 0xB34B,
	0xB34C, 0xB34D, 0xB34E, 0x883D, 0xB34F, 0xB350, 0xB351, 0xB353, 0xB354, 0xB355, 0xB356, 0xB357,
	0xB358, 0xB359, 0xB35A, 0xB35B, 0xB35C, 0xB35D, 0xB35E, 0xB35F, 0xB360, 0xB361, 0xB362, 0xB363,
	0xB364, 0xB365, 0xB366, 0xB367, 0x8847, 0xB36A, 0xB36B, 0xB36C, 0xB36F, 0xB370, 0xB371, 0xB372,
	0xB373, 0xB374, 0xB375, 0xB377, 0xB378, 0xB379, 0xB37A, 0xB37C, 0xB37D, 0xB37E, 0xB421, 0xB422,
	0xB423, 0xB424, 0xB425, 0xB427, 0xB428, 0x884E, 0xB429, 0xB42A, 0xB42B, 0xB42C, 0xB42D, 0xB42E,
	0xB42F, 0xB430, 0xB431, 0xB432, 0xB433, 0xB434, 0xB435, 0xB436, 0xB438, 0xB437, 0xB439, 0xB43A,
	0xB43D, 0x8854, 0xB43E, 0xB43F, 0xB440, 0xB441, 0x8856, 0xB442, 0xB443, 0xB444, 0xB445, 0xB446,
	0xB448, 0xB449, 0xB44B, 0xB44C, 0xB44D, 0xB44E, 0xB44F, 0xB451, 0xB452, 0xB453, 0xB454, 0xB455,
	0xB456, 0xB457, 0xB458, 0xB459, 0xB45A, 0xB45B, 0xB45C, 0xB45D, 0xB45E, 0xB45F, 0xB460, 0xB461,
	0xB462, 0x8862, 0xB463, 0xB464, 0xB465, 0xB466, 0xB467, 0x8865, 0xB469, 0xB46A, 0xB46B, 0xB46C,
	0xB46D, 0xB46E, 0xB46F, 0xB470, 0xB471, 0xB473, 0x8864, 0xB474, 0xB475, 0xB476, 0xB477, 0xB478,
	0xB479, 0x886B, 0xB47B, 0xB47C, 0xB521, 0xB522, 0xB523, 0xB525, 0x886C, 0xB526, 0xB527, 0xB528,
	0xB52B, 0x886F, 0xB52D, 0xB52E, 0xB530, 0xB531, 0xB532, 0xB533, 0xB534, 0xB535, 0xB536, 0xB537,
	0xB538, 0x8876, 0xB53A, 0xB53B, 0xB53C, 0xB53D, 0xB53E, 0xB53F, 0xB540, 0x887A, 0x887B, 0xB541,
	0xB542, 0xB543, 0xB545, 0xB546, 0xB547, 0xB548, 0xB549, 0xB54A, 0xB54B, 0xB54D, 0xB54E, 0xB550,
	0xB552, 0xB553, 0xB554, 0xB555, 0xB556, 0xB557, 0xB558, 0xB559, 0xB55A, 0xB55C, 0xB55D, 0xB55E,
	0xB55F, 0xB561, 0xB562, 0xB563, 0xB564, 0x892B, 0xB565, 0xB567, 0xB569, 0xB56B, 0xB56C, 0xB56D,
	0xB56E, 0xB56F, 0xB570, 0xB571, 0xB572, 0xB574, 0xB575, 0xB576, 0xB577, 0xB578, 0xB579, 0xB57A,
	0xB57B, 0xB57D, 0xB57E, 0xB621, 0xB622, 0xB623, 0xB624, 0x8937, 0xB625, 0xB626, 0xB627, 0xB628,
	0xB629, 0xB62A, 0x893E, 0xB62C, 0xB62D, 0xB62F, 0xB630, 0xB631, 0xB632, 0xB633, 0x893C, 0xB634,
	0xB635, 0xB636, 0xB637, 0xB638, 0xB639, 0xB63B, 0xB63C, 0xB63D, 0xB63E, 0xB63F, 0xB640, 0xB641,
	0xB642, 0x8946, 0xB644, 0xB645, 0xB646, 0xB647, 0xB648, 0xB649, 0xB64A, 0xB64B, 0xB64C, 0xB64E,
	0xB64F, 0xB653, 0xB654, 0xB655, 0xB656, 0xB657, 0xB658, 0xB659, 0xB65B, 0xB65C, 0xB65E, 0xB65F,
	0xB660, 0xB661, 0xB663, 0xB665, 0xB666, 0x8952, 0xB668, 0xB669, 0xB66A, 0xB66D, 0xB670, 0xB671,
	0xB66E, 0xB66F, 0xB672, 0xB673, 0xB674, 0xB675, 0xB676, 0xB677, 0xB678, 0xB679, 0xB67A, 0xB67B,
	0xB67D, 0xB67E, 0xB67C, 0xB721, 0xB722, 0xB723, 0xB724, 0xB725, 0xB727, 0xB728, 0xB729, 0xB72A,
	0xB72B, 0xB72C, 0xB72D, 0xB72E, 0xB72F, 0xB730, 0xB731, 0xB732, 0xB733, 0xB734, 0xB735, 0xB739,
	0xB73A, 0xB73B, 0xB73C, 0xB73D, 0xB73E, 0xB73F, 0xB740, 0xB741, 0xB742, 0xB743, 0xB744, 0xB745,
	0xB746, 0xB747, 0xB748, 0xB74A, 0xB74B, 0xB74C, 0xB74D, 0xB74F, 0xB750, 0xB751, 0xB753, 0xB754,
	0xB755, 0xB756, 0xB757, 0xB760, 0xB758, 0xB759, 0xB75A, 0xB75C, 0xB75D, 0xB75E, 0xB75F, 0xB761,
	0xB762, 0xB763, 0xB764, 0xB766, 0xB769, 0xB76B, 0x8971, 0xB76C, 0xB76D, 0xB77E, 0xB76F, 0xB770,
	0xB771, 0xB773, 0xB776, 0x897B, 0xB777, 0xB778, 0xB77A, 0xB77B, 0xB77C, 0xB821, 0xB822, 0xB823,
	0xB824, 0xB825, 0xB826, 0xB827, 0xB828, 0xB829, 0xB82A, 0xB82B, 0xB82C, 0xB82D, 0xB82E, 0xB82F,
	0xB830, 0xB831, 0xB832, 0xB833, 0xB836, 0xB837, 0xB838, 0xB83A, 0xB83B, 0xB83C, 0xB83D, 0xB83E,
	0xB840, 0x8A2A, 0xB841, 0xB842, 0xB843, 0xB844, 0xB845, 0xB846, 0xB847, 0xB848, 0xB849, 0xB84A,
	0xB84B, 0x8A30, 0xB84D, 0xB84E, 0xB850, 0xB851, 0x8A33, 0xB84F, 0xB852, 0xB853, 0xB855, 0xB858,
	0xB85A, 0xB85B, 0xB85C, 0xB85E, 0x8A37, 0xB85F, 0xB860, 0xB861, 0x8A3B, 0xB863, 0xB864, 0xB865,
	0xB867, 0xB868, 0xB869, 0xB86A, 0xB86B, 0xB86C, 0xB86D, 0xB86E, 0xB86F, 0xB870, 0x8A40, 0xB871,
	0xB872, 0xB873, 0xB874, 0xB875, 0xB876, 0xB877, 0xB879, 0xB87A, 0xB87B, 0xB87C, 0xB87D, 0xB921,
	0xB922, 0xB923, 0xB924, 0xB925, 0xB926, 0xB927, 0xB929, 0xB92A, 0xB92C, 0xB92D, 0xB92E, 0xB930,
	0xB931, 0xB932, 0xB933, 0xB934, 0xB935, 0xB936, 0xB937, 0xB938, 0xB939, 0xB93B, 0xB93C, 0xB93D,
	0xB93E, 0xB941, 0xB942, 0xB943, 0xB944, 0xB945, 0xB946, 0xB947, 0xB948, 0xB949, 0xB94A, 0xB94B,
	0xB94C, 0xB94D, 0xB94E, 0xB94F, 0xB950, 0xB951, 0x8A5A, 0xB953, 0xB955, 0xB956, 0xB957, 0xB958,
	0xB959, 0xB95A, 0xB95B, 0xB95C, 0xB95D, 0xB95E, 0xB95F, 0xB960, 0xB961, 0xB962, 0xB963, 0xB964,
	0xB968, 0xB969, 0xB96B, 0xB96C, 0xB96D, 0xB96E, 0xB96F, 0xB970, 0xB972, 0xB973, 0xB974, 0xB976,
	0xB977, 0xB978, 0xB979, 0xB97A, 0xB97B, 0xB97C, 0xB97D, 0xB97E, 0xBA22, 0xBA23, 0xBA24, 0xBA25,
	0xBA26, 0xBA27, 0xBA28, 0xBA29, 0xBA2A, 0x8A6E, 0xBA2B, 0xBA2C, 0xBA2D, 0xBA2E, 0xBA2F, 0xBA30,
	0xBA31, 0xBA34, 0xBA35, 0xBA36, 0xBA38, 0xBA32, 0xBA39, 0xBA3B, 0xBA3C, 0xBA3D, 0xBA3F, 0xBA40,
	0xBA41, 0xBA42, 0xBA43, 0xBA45, 0xBA46, 0xBA47, 0xBA48, 0xBA49, 0xBA4A, 0xBA4B, 0xBA4C, 0xBA4D,
	0xBA4F, 0xBA50, 0xBA51, 0xBA52, 0xBA53, 0xBA54, 0xBA55, 0xBA56, 0xBA57, 0xBA58, 0xBA59, 0xBA5A,
	0xBA5B, 0xBA5C, 0xBA5D, 0x8B26, 0xBA5E, 0xBA5F, 0xBA60, 0xBA62, 0xBA63, 0xBA64, 0xBA65, 0xBA66,
	0xBA67, 0xBA68, 0x8B2D, 0xBA69, 0xBA6A, 0xBA6C, 0xBA6E, 0xBA6F, 0xBA71, 0xBA72, 0xBA73, 0xBA74,
	0xBA75, 0xBA76, 0xBA77, 0xBA78, 0xBA79, 0x8B31, 0xBA7B, 0xBA7C, 0xBA7D, 0xBA7E, 0xBB21, 0xBB22,
	0xBB23, 0xBB24, 0xBB26, 0xBB27, 0xBB28, 0xBB29, 0xBB2A, 0xBB2B, 0xBB2D, 0xBB2E, 0xBB30, 0xBB31,
	0xBB33, 0x8B44, 0x8B46, 0xBB35, 0xBB36, 0xBB37, 0xBB39, 0xBB3D, 0xBB3C, 0xBB3E, 0xBB3F, 0xBB40,
	0xBB42, 0xBB43, 0x8B4D, 0xBB45, 0x8B4F, 0x8B50, 0xBB47, 0xBB48, 0xBB49, 0xBB46, 0xBB4B, 0xBB4C,
	0xBB4D, 0xBB4E, 0xBB4F, 0xBB50, 0xBB51, 0xBB53, 0xBB55, 0xBB54, 0xBB56, 0xBB58, 0xBB59, 0xBB5A,
	0xBB5B, 0xBB5C, 0xBB5D, 0xBB5F, 0xBB60, 0xBB61, 0xBB62, 0xBB63, 0xBB65, 0xBB66, 0xBB67, 0xBB68,
	0xBB69, 0xBB6A, 0xBB6B, 0x8B61, 0xBB6C, 0xBB6D, 0xBB6E, 0xBB71, 0xBB72, 0xE674, 0xBB73, 0xBB75,
	0xBB76, 0xBB77, 0xBB7A, 0xBB79, 0x8B68, 0x8B69, 0xBB7B, 0xBB7C, 0xBB7D, 0xBB7E, 0xBC21, 0xBC22,
	0xBC23, 0xBC24, 0xBC25, 0xBC26, 0xBC27, 0xBC29, 0xBC2B, 0xBC2C, 0xBC2E, 0xBC2D, 0xBC2F, 0xBC30,
	0xBC31, 0xBC34, 0xBC32, 0xBC33, 0xBC35, 0xBC36, 0xBC38, 0xBC39, 0xBC3B, 0xBC3C, 0xBC3D, 0xBC3E,
	0xBC3F, 0xBC40, 0xBC41, 0xBC42, 0xBC43, 0xBC44, 0xBC45, 0xBC46, 0xBC47, 0xBC48, 0xBC49, 0xBC4A,
	0xBC4B, 0xBC4C, 0x8C26, 0xBC4D, 0xBC4F, 0xBC50, 0xBC51, 0xBC53, 0xBC54, 0xBC55, 0xBC56, 0xBC57,
	0x8C2A, 0xBC58, 0xBC59, 0xBC5A, 0xBC5B, 0x8C2C, 0xBC5D, 0xBC5F, 0xBC60, 0xBC61, 0xBC62, 0x8C31,
	0xBC64, 0xBC65, 0xBC67, 0xBC68, 0xBC69, 0xBC6A, 0xBC6B, 0xBC6C, 0xBC6F, 0xBC71, 0xBC73, 0xBC75,
	0xBC76, 0xBC77, 0xBC7A, 0xBC7B, 0xBC7C, 0xBD21, 0xBD22, 0xBD23, 0xBD24, 0xBD25, 0xBD26, 0xBD28,
	0xBD2A, 0xBD2B, 0xBD2C, 0xBD2E, 0xBD2F, 0xBD32, 0xBD31, 0xBD33, 0xBD35, 0xBD36, 0xBD37, 0xBD38,
	0xBD39, 0xBD3A, 0xBD3C, 0xBD3D, 0xBD3E, 0xBD3F, 0xBD40, 0xBD41, 0xBD44, 0xBD45, 0xBD47, 0xBD48,
	0xBD49, 0xBD4A, 0xBD4B, 0xBD4C, 0xBD4D, 0xBD4E, 0xBD4F, 0xBD50, 0xBD51, 0xBD52, 0xBD54, 0xBD56,
	0xBD58, 0xBD59, 0x8C48, 0xBD5A, 0xBD5B, 0xBD5E, 0xBD60, 0xBD61, 0xBD62, 0xBD63, 0xBD64, 0xBD65,
	0xBD66, 0xBD67, 0xBD68, 0xBD69, 0xBD6A, 0xBD6B, 0xBD6C, 0xBD6D, 0xBD6E, 0xBD6F, 0xBD70, 0xBD71,
	0xBD72, 0xBD73, 0xBD74, 0xBD75, 0xBD78, 0xBD79, 0xBD7A, 0xBD7B, 0xBD7C, 0xBD7D, 0xBD7E, 0xBE21,
	0xBE22, 0xBE23, 0xBE24, 0xBE25, 0xBE26, 0xBE27, 0xBE29, 0xBE2A, 0xBE2D, 0xBE2E, 0xBE30, 0xBE31,
	0xBE32, 0x8C57, 0xBE33, 0xBE34, 0xBE36, 0xBE37, 0xBE38, 0xBE39, 0xBE3A, 0xBE3B, 0xBE3C, 0xBE3D,
	0xBE3E, 0xBE3F, 0xBE40, 0xBE41, 0xBE42, 0xBE43, 0xBE45, 0xBE46, 0xBE47, 0xBE4A, 0xBE4B, 0xBE4C,
	0xBE4E, 0x8C5F, 0xBE4F, 0xBE50, 0xBE51, 0xBE52, 0xBE53, 0xBE54, 0xBE55, 0xBE56, 0xBE57, 0xBE58,
	0xBE59, 0xBE5A, 0xBE5B, 0xBE5C, 0xBE5D, 0xBE5E, 0xBE5F, 0xBE61, 0xBE62, 0xBE63, 0xBE64, 0xBE65,
	0xBE66, 0xBE67, 0xBE68, 0xBE69, 0xBE6A, 0xBE6B, 0xBE6C, 0xBE6D, 0xBE70, 0xBE71, 0xBE72, 0xBE73,
	0xBE74, 0xBE75, 0xBE76, 0xBE77, 0xBE78, 0xBE79, 0xBE7A, 0xBE7B, 0xBE7E, 0xBE7C, 0xBE7D, 0xBF21,
	0xBF22, 0xBF23, 0x8C71, 0xBF24, 0xBF25, 0xBF26, 0xBF27, 0xBF28, 0xBF29, 0xBF2A, 0xBF2B, 0xBF2D,
	0xBF2E, 0xBF2F, 0xBF30, 0xBF31, 0xBF32, 0xBF33, 0xBF35, 0xBF36, 0xBF37, 0xBF38, 0xBF39, 0xBF3A,
	0xBF3B, 0xBF3E, 0x8C7A, 0xBF3F, 0xBF40, 0xBF42, 0xBF43, 0x8C7C, 0xBF44, 0xBF45, 0xBF46, 0xBF47,
	0xBF48, 0x8D21, 0xBF49, 0xBF4A, 0xBF4B, 0xBF4C, 0xBF4D, 0xBF4E, 0xBF4F, 0xBF50, 0xBF52, 0xBF53,
	0xBF55, 0xBF56, 0xBF57, 0xBF58, 0xBF5A, 0xBF5B, 0xBF5C, 0xBF5E, 0xBF5F, 0xBF60, 0xBF61, 0xBF62,
	0xBF64, 0xBF65, 0xBF66, 0x8D2B, 0xBF67, 0xBF68, 0x8D2D, 0xBF6A, 0xBF6B, 0xBF6C, 0xBF6E, 0xBF6F,
	0xBF70, 0xBF71, 0xBF72, 0xBF73, 0xBF74, 0xBF75, 0xBF76, 0x8D33, 0xBF77, 0xBF79, 0xBF7A, 0xBF7B,
	0xBF7C, 0xBF7D, 0xBF7E, 0xC021, 0xC023, 0xC024, 0xC025, 0xC026, 0xC027, 0xC028, 0xC029, 0xC02A,
	0xC02B, 0xC02C, 0xC02D, 0xC02E, 0xC02F, 0xC030, 0xC031, 0xC032, 0xC033, 0xC034, 0xC035, 0xC036,
	0xC037, 0xC038, 0xC039, 0xC03A, 0xC03B, 0xC03C, 0xC03D, 0xC03E, 0xC040, 0x8D41, 0xC041, 0xC042,
	0xC043, 0x8D3C, 0xC045, 0xC046, 0xC047, 0xC048, 0xC04A, 0xC04C, 0xC04D, 0xC04E, 0xC050, 0xC051,
	0xC052, 0xC053, 0xC054, 0xC055, 0xC056, 0xC057, 0xC058, 0xC059, 0xC05A, 0xC05C, 0xC05D, 0xC05E,
	0xC05F, 0xC060, 0xC061, 0xC062, 0xC063, 0xC065, 0xC066, 0xC068, 0xC069, 0xC06A, 0xC06B, 0xC06C,
	0xC06D, 0xC06E, 0xC06F, 0xC070, 0xC071, 0xC072, 0xC073, 0xC074, 0xC075, 0xC076, 0xC077, 0xC078,
	0xC079, 0xC07A, 0xC07B, 0xC07C, 0xC122, 0xC124, 0xC125, 0xC128, 0xC129, 0xC12A, 0xC12B, 0xC12C,
	0xC12D, 0xC12E, 0xC12F, 0xC130, 0xC131, 0xC134, 0xC135, 0xC136, 0xC137, 0xC138, 0xC139, 0xC13A,
	0xC13B, 0xC13C, 0xC13D, 0xC13E, 0xC13F, 0xC140, 0xC141, 0xC143, 0xC145, 0xC146, 0x8D61, 0xC147,
	0xC148, 0xC149, 0xC14A, 0x8D62, 0xC14B, 0xC14C, 0xC14D, 0xC14E, 0xC14F, 0xC150, 0xC151, 0xC153,
	0xC154, 0xC155, 0xC156, 0x8D67, 0xC157, 0xC158, 0xC159, 0xC15A, 0xC15B, 0xC15D, 0xC15E, 0xC15F,
	0xC160, 0xC161, 0xC162, 0xC163, 0x8D6B, 0x8D6C, 0xC164, 0xC165, 0xC166, 0xC167, 0xC168, 0xC169,
	0xC16A, 0xC16B, 0xC16C, 0xC16D, 0xC16E, 0xC16F, 0xC170, 0xC171, 0xC172, 0x8D74, 0xC173, 0xC174,
	0xC176, 0xC177, 0xC179, 0xC17A, 0xC17B, 0xC17D, 0xC17E, 0xC222, 0xC224, 0xC226, 0xC227, 0xC228,
	0xC22A, 0xC22B, 0xC230, 0xC22F, 0xC231, 0xC232, 0xC233, 0xC234, 0xC237, 0xC236, 0xC238, 0xC239,
	0xC23B, 0xC23C, 0xC23D, 0x8E22, 0xC240, 0xC241, 0xC242, 0x8E28, 0xC245, 0xC249, 0xC24A, 0xC24C,
	0xC243, 0xC246, 0xC24B, 0xC24D, 0xC24E, 0xC250, 0xC251, 0xC252, 0xC253, 0xC254, 0xC255, 0xC256,
	0xC258, 0xC259, 0xC25A, 0xC25C, 0xC25E, 0xC25F, 0xC260, 0xC261, 0xC263, 0xC264, 0xC265, 0xC266,
	0xC268, 0xC26A, 0xC26B, 0xC26C, 0x8E37, 0xC26E, 0xC26F, 0xC270, 0x8E39, 0xC272, 0xC273, 0xC274,
	0xC275, 0xC277, 0xC278, 0xC27B, 0x8E3F, 0xC27C, 0xC27D, 0xC27E, 0xC322, 0xC323, 0xC324, 0xC325,
	0xC328, 0xC329, 0xC32A, 0xC32B, 0x8E48, 0xC32D, 0xC32F, 0xC331, 0xC332, 0xC333, 0xC334, 0xC336,
	0xC337, 0xC33A, 0xC33B, 0xC33C, 0xC33D, 0xC33E, 0xC33F, 0xC341, 0x8E52, 0xC342, 0xC343, 0xC344,
	0xC345, 0xC346, 0xC347, 0xC348, 0x8E4B, 0xC34A, 0x8E58, 0xC34B, 0xC34D, 0xC34F, 0xC34E, 0xC351,
	0xC352, 0xC353, 0xC355, 0xC356, 0x8E5E, 0xC357, 0xC358, 0xC359, 0x8E61, 0xC35A, 0xC35B, 0xC35C,
	0xC35D, 0xC35E, 0xC360, 0xC361, 0xC362, 0xC363, 0xC364, 0xC367, 0xC368, 0xC369, 0xC36A, 0xC36B,
	0xC36C, 0xC36D, 0xC36E, 0x8E6B, 0xC36F, 0xC370, 0x8E6F, 0xC371, 0xC372, 0xC373, 0xC376, 0xC377,
	0x8E73, 0xC378, 0x8E74, 0xC37A, 0x8E7A, 0xC37B, 0xC37D, 0xC37E, 0xC422, 0xC423, 0xC424, 0xC425,
	0xC426, 0xC427, 0x8F22, 0xC428, 0xC42A, 0xC42B, 0xC42C, 0xC430, 0xC431, 0x8F25, 0xC432, 0xC434,
	0x8F26, 0xC435, 0x8F27, 0xC436, 0xC438, 0xC439, 0xC43A, 0xC43B, 0xC43C, 0xC43D, 0xC43E, 0xC440,
	0xC441, 0xC443, 0x8F2D, 0xC445, 0xC447, 0xC44A, 0xC44B, 0xC44D, 0xC44E, 0xC44F, 0xC450, 0xC451,
	0xC452, 0xC453, 0xC454, 0xC456, 0xC457, 0xC458, 0xC459, 0xC45A, 0xC45C, 0xC45D, 0xC45E, 0xC460,
	0x8F38, 0xC461, 0xC462, 0xC463, 0xC464, 0x8F3C, 0xC465, 0xC466, 0xC467, 0xC468, 0xC469, 0x8F44,
	0xC46B, 0xC46C, 0xC46D, 0xC46E, 0xC46F, 0x8F49, 0xC471, 0xC472, 0xC473, 0xC474, 0xC476, 0xC478,
	0xC479, 0xC47A, 0xC47B, 0xC47C, 0xC47D, 0xC47E, 0x8F50, 0xC521, 0xC522, 0xC525, 0xC527, 0xC528,
	0xC529, 0xC52A, 0xC52C, 0xC52D, 0xC52E, 0xC531, 0xC532, 0xC533, 0xC534, 0x8F55, 0xC536, 0xC537,
	0xC538, 0xC539, 0xC53A, 0xC53C, 0xC53D, 0xC53E, 0xC541, 0x8F60, 0xC543, 0xC544, 0xC545, 0xC546,
	0xC547, 0xC548, 0xC549, 0xC54A, 0xC54B, 0xC54D, 0xC54C, 0xC54E, 0xC54F, 0xC550, 0xC551, 0xC552,
	0xC553, 0xC554, 0xC557, 0xC558, 0xC559, 0xC55A, 0x8F6E, 0xC55B, 0xC55C, 0xC55D, 0xC55E, 0xC55F,
	0xC560, 0xC561, 0x8F71, 0xC562, 0xC563, 0xC564, 0xC565, 0xC568, 0xC569, 0xC56A, 0xC56C, 0xC56E,
	0xC56F, 0xC570, 0xC572, 0xC573, 0xC574, 0xC576, 0xC577, 0xC57A, 0x8F7B, 0xC57B, 0xC57C, 0xC57D,
	0x8F7D, 0xC57E, 0xC621, 0x8F7E, 0xC623, 0xC624, 0xC625, 0xC626, 0xC627, 0xC628, 0xC629, 0xC62A,
	0xC62C, 0xC62E, 0xC62F, 0xC630, 0xC631, 0xC632, 0xC633, 0xC634, 0xC635, 0x9026, 0x9027, 0xC636,
	0xC637, 0xC639, 0xC63A, 0xC63B, 0xC63C, 0xC63D, 0xC63E, 0xC63F, 0xC640, 0xC641, 0xC643, 0xC644,
	0xC646, 0x902F, 0xC647, 0xC648, 0xC64A, 0xC64B, 0xC64C, 0xC64D, 0xC64E, 0xC64F, 0xC650, 0xC651,
	0xC653, 0xC654, 0xC655, 0xC656, 0xC657, 0xC658, 0xC659, 0xC65A, 0xC65B, 0xC65C, 0xC65D, 0xC65F,
	0xC736, 0xC661, 0xC662, 0xC663, 0xC666, 0xC667, 0xC668, 0x9039, 0xC66B, 0xC66C, 0xC66D, 0xC66E,
	0xC66F, 0xC672, 0x903F, 0xC673, 0xC674, 0xC675, 0xC676, 0xC678, 0xC679, 0xC67A, 0xC67B, 0xC67C,
	0xC67E, 0xC721, 0xC722, 0xC724, 0xC725, 0xC727, 0x9048, 0xC729, 0xC72A, 0x904A, 0xC72C, 0xC72D,
	0xC72F, 0xC730, 0xC731, 0xC732, 0x904C, 0xC733, 0xC734, 0xC735, 0xC738, 0x9065, 0xC73B, 0xC73D,
	0x9052, 0xC73E, 0xC73F, 0x9054, 0xC740, 0xC742, 0xC743, 0xC744, 0xC745, 0x9056, 0x9057, 0x9058,
	0x9059, 0xC748, 0xC749, 0xC74B, 0xC74C, 0xC74D, 0x9061, 0x9062, 0xC750, 0xC751, 0xC752, 0xC753,
	0x9064, 0xC756, 0xC757, 0xC758, 0xC759, 0x9069, 0xC75D, 0xC75E, 0xC75F, 0xC760, 0xC761, 0xC762,
	0xC763, 0xC764, 0xC765, 0xC767, 0xC768, 0x905D, 0xC769, 0xC76A, 0xC76B, 0xC76C, 0xC76D, 0xC76E,
	0xC76F, 0xC770, 0xC772, 0xC773, 0xC774, 0xC775, 0x9077, 0xC776, 0xC777, 0xC778, 0xC779, 0xC77A,
	0xC77B, 0xC77D, 0xC821, 0xC822, 0xC823, 0xC824, 0xC825, 0xC826, 0xC827, 0xC828, 0xC829, 0xC82A,
	0xC82B, 0xC82C, 0xC82D, 0xC82F, 0x9123, 0xC830, 0xC831, 0xC832, 0xC834, 0xC836, 0xC837, 0xC838,
	0xC83A, 0x9127, 0xC83B, 0xC83C, 0xC83D, 0xC83E, 0xC83F, 0xC840, 0xC841, 0xC842, 0xC843, 0xC844,
	0xC845, 0xC846, 0xC847, 0xC849, 0x912F, 0xC84A, 0xC84B, 0xC853, 0xC84E, 0x9128, 0xC850, 0xC851,
	0xC852, 0xC854, 0xC856, 0xC857, 0xC858, 0xC85A, 0xC85B, 0x9136, 0xC85F, 0xC860, 0xC861, 0xC863,
	0xC864, 0xC866, 0xC869, 0xC86A, 0xC86B, 0xC86D, 0x9138, 0xC86E, 0xC86F, 0xC871, 0xC872, 0xC874,
	0xC875, 0xC876, 0xC877, 0xC878, 0x913C, 0xC87B, 0xC87D, 0x9143, 0xC921, 0xC922, 0xC923, 0xC924,
	0xC928, 0xC929, 0xC92A, 0xC92D, 0x914B, 0xC92E, 0xC92F, 0xC930, 0xC931, 0xC932, 0xC933, 0xC934,
	0xC935, 0x914F, 0xC936, 0xC937, 0xC938, 0x9152, 0xC939, 0xC93A, 0xC93C, 0xC93D, 0xC93E, 0xC943,
	0x9157, 0xC944, 0xC945, 0xC947, 0xC948, 0xC949, 0xC94B, 0xC94C, 0xC94D, 0xC94E, 0xC94F, 0xC950,
	0xC951, 0x9162, 0xC954, 0xC955, 0xC956, 0x9160, 0xC958, 0xC959, 0xC95A, 0xC95C, 0xC95D, 0xC95F,
	0x9165, 0xC961, 0xC962, 0xC963, 0xC964, 0xC965, 0xC966, 0x916E, 0xC967, 0xC968, 0xC96D, 0xC96E,
	0xC970, 0xC971, 0xC972, 0xC973, 0xC976, 0xC977, 0xC978, 0x9175, 0xC97A, 0xC97B, 0xC97D, 0xCA22,
	0xCA23, 0xCA26, 0x9178, 0xCA28, 0xCA29, 0xCA2A, 0xCA2B, 0x917D, 0xCA2C, 0xCA2D, 0xCA2E, 0xCA2F,
	0xCA31, 0xCA32, 0xCA35, 0xCA36, 0xCA37, 0xCA38, 0xCA39, 0xCA3A, 0xCA3B, 0xCA3C, 0xCA3F, 0xCA40,
	0xCA41, 0xCA42, 0xCA43, 0xCA44, 0xCA45, 0xCA46, 0xCA47, 0xCA48, 0xCA49, 0xCA4A, 0xCA4B, 0xCA4C,
	0xCA4D, 0xCA4E, 0xCA4F, 0xCA50, 0xCA51, 0xCA52, 0xCA53, 0xCA54, 0x9231, 0xCA57, 0xCA58, 0xCA59,
	0xCA5A, 0xCA5B, 0xCA5C, 0xCA5D, 0xCA5E, 0xCA5F, 0xCA60, 0xCA61, 0xCA62, 0xCA63, 0xCA64, 0xCA65,
	0xCA66, 0xCA67, 0xCA69, 0xCA6A, 0xCA6C, 0xCA6D, 0xCA6E, 0x923C, 0xCA6F, 0xCA70, 0xCA72, 0xCA73,
	0xCA74, 0xCA75, 0xCA76, 0xCA77, 0xCA78, 0xCA79, 0xCA7A, 0xCA7B, 0xCA7C, 0xCA7D, 0xCB21, 0xCB22,
	0xCB23, 0xCB24, 0xCB25, 0xCB26, 0xCB27, 0xCB28, 0xCB29, 0xCB2A, 0xCB2B, 0xCB2C, 0xCB2D, 0xCB2E,
	0xCB31, 0xCB32, 0xCB33, 0x924D, 0xCB34, 0x924A, 0xCB35, 0xCB36, 0xCB37, 0xCB38, 0xCB39, 0xCB3B,
	0xCB3C, 0xCB3D, 0xCB3E, 0xCB3F, 0xCB40, 0xCB41, 0xCB43, 0xCB44, 0xCB45, 0xCB46, 0xCB47, 0xCB48,
	0xCB49, 0xCB4A, 0xCB4B, 0xCB4D, 0xCB4E, 0xCB4F, 0xCB50, 0xCB51, 0x925A, 0xCB52, 0xCB53, 0xCB54,
	0x925B, 0xCB56, 0xCB57, 0xCB58, 0xCB59, 0xCB5D, 0x9260, 0xCB5F, 0xCB61, 0xCB62, 0xCB63, 0xCB64,
	0xCB65, 0xCB66, 0xCB67, 0xCB68, 0xCB69, 0xCB6B, 0xCB6C, 0xCB6E, 0xCB6F, 0xCB72, 0xCB73, 0xCB75,
	0xCB76, 0xCB78, 0xCB79, 0xCB7A, 0xCB7B, 0xCB7C, 0xCB7D, 0xCB7E, 0xCC21, 0xCC22, 0xCC23, 0xCC24,
	0xCC27, 0x926B, 0xCC2A, 0xCC2D, 0xCC31, 0xCC35, 0xCC36, 0xCC37, 0xCC38, 0xCC3D, 0xCC3E, 0xCC3F,
	0x9271, 0xCC41, 0xCC43, 0xCC44, 0xCC45, 0xCC48, 0xCC49, 0xCC4A, 0xCC4B, 0xCC4C, 0xCC4D, 0x927A,
	0xCC51, 0xCC53, 0xCC54, 0x927D, 0xCC56, 0xCC57, 0xCC5A, 0xCC5B, 0x9323, 0xCC60, 0xCC61, 0xCC62,
	0xCC63, 0xCC64, 0xCC65, 0xCC67, 0x9328, 0xCC68, 0xCC6C, 0xCC6D, 0xCC6E, 0x9329, 0xCC6F, 0xCC71,
	0xCC72, 0xCC73, 0xCC74, 0xCC75, 0xCC76, 0xCC77, 0xCC78, 0xCC79, 0xCC7A, 0xCC7B, 0xCC7C, 0xCC7E,
	0xCD21, 0xCD22, 0xCD24, 0xCD25, 0xCD26, 0xCD27, 0xCD28, 0xCD29, 0xCD2B, 0xCD2C, 0xCD2D, 0xCD2E,
	0xCD2F, 0xCD30, 0xCD31, 0xCD32, 0xCD33, 0xCD34, 0xCD35, 0xCD36, 0xCD37, 0xCD38, 0xCD39, 0xCD3A,
	0x933D, 0xCD3C, 0x933E, 0xCD3E, 0xCD3F, 0xCD40, 0xCD41, 0xCD42, 0xCD43, 0xCD44, 0x9345, 0xCD45,
	0xCD47, 0xCD48, 0xCD49, 0xCD4A, 0xCD4B, 0xCD4C, 0x9349, 0xCD4D, 0x934A, 0xCD4E, 0xCD4F, 0xCD50,
	0xCD51, 0xCD52, 0xCD53, 0xCD54, 0xCD56, 0x934F, 0xCD57, 0xCD58, 0x9350, 0xCD59, 0xCD5A, 0xCD5B,
	0xCD5D, 0xCD5E, 0xCD5F, 0xCD60, 0xCD61, 0xCD62, 0xCD65, 0xCD66, 0xCD67, 0xCD69, 0xCD6A, 0xCD6B,
	0xCD6C, 0xCD6D, 0x9359, 0xCD71, 0xCD72, 0xCD73, 0xCD75, 0xCD76, 0x9363, 0xCD78, 0xCD7A, 0xCD7B,
	0xCD7D, 0xCD7E, 0xCE21, 0xCE22, 0xCE24, 0xCE25, 0xCE27, 0xCE28, 0xCE29, 0xCE23, 0xCE2B, 0xCE2C,
	0xCE2D, 0xCE31, 0xCE34, 0xCE36, 0xCE37, 0xCE38, 0xCE39, 0xCE3B, 0xCE3D, 0xCE3E, 0x9370, 0xCE3F,
	0xCE40, 0xCE41, 0xCE42, 0xCE44, 0xCE45, 0xCE47, 0x9374, 0xCE48, 0xCE49, 0xCE4B, 0xCE4C, 0xCE50,
	0xCE51, 0xCE53, 0xCE54, 0xCE55, 0xCE57, 0xCE58, 0xCE5A, 0xCE5B, 0xCE5D, 0xCE5E, 0xCE5F, 0xCE60,
	0xCE61, 0xCE63, 0xCE64, 0xCE65, 0xCE66, 0xCE67, 0xCE68, 0xCE69, 0xCE6B, 0xCE6D, 0xCE6E, 0xCE6F,
	0xCE70, 0xCE71, 0xCE73, 0xCE76, 0xCE77, 0xCE78, 0xCE79, 0x9425, 0xCE7B, 0xCE7D, 0xCF21, 0xCF22,
	0xCF23, 0xCF24, 0xCF25, 0xCF26, 0xCF27, 0xCF28, 0x942A, 0xCF2A, 0xCF2C, 0xCF2D, 0xCF2E, 0xCF30,
	0xCF31, 0xCF32, 0xCF33, 0xCF34, 0x9431, 0xCF35, 0x9432, 0xCF37, 0xCF38, 0xCF39, 0xCF3A, 0xCF3B,
	0xCF3C, 0xCF3D, 0xCF3E, 0xCF3F, 0xCF40, 0xCF41, 0xCF42, 0xCF43, 0xCF45, 0xCF46, 0xCF47, 0xCF48,
	0xCF49, 0xCF4A, 0xCF4B, 0xCF4C, 0xCF4D, 0xCF4E, 0xCF4F, 0xCF50, 0xCF51, 0xCF52, 0xCF53, 0x9442,
	0xCF54, 0xCF55, 0xCF56, 0xCF57, 0x9444, 0xCF59, 0xCF5A, 0xCF5B, 0xCF5C, 0xCF5E, 0xCF5F, 0xCF60,
	0xCF61, 0xCF63, 0xCF64, 0xCF65, 0xCF66, 0xCF67, 0xCF68, 0xCF69, 0xCF6B, 0xCF6D, 0xCF6E, 0xCF6F,
	0xCF70, 0xCF71, 0xCF72, 0xCF74, 0xCF75, 0xCF76, 0xCF73, 0xCF77, 0xCF78, 0xCF79, 0xCF7C, 0xCF7D,
	0xCF7E, 0xD021, 0xD022, 0xD023, 0xD024, 0xD025, 0xD026, 0xD027, 0xD028, 0xD029, 0xD02A, 0xD02B,
	0xD02C, 0xD02E, 0xD02F, 0xD030, 0xD031, 0xD032, 0xD033, 0xD035, 0xD037, 0x9457, 0xD039, 0xD03A,
	0x945A, 0xD03B, 0xD03C, 0xD03D, 0xD03E, 0xD03F, 0x945D, 0xD041, 0xD042, 0xD043, 0xD044, 0xD045,
	0xD046, 0xD047, 0x945E, 0xD04A, 0xD04B, 0xD04C, 0xD04D, 0xD04E, 0xD051, 0xD052, 0xD053, 0xD054,
	0xD055, 0xD056, 0xD057, 0xD059, 0xD05A, 0xD05B, 0xD05C, 0xD05E, 0xD05F, 0xD060, 0xD061, 0xD062,
	0xD063, 0xD064, 0xD065, 0xD066, 0xD067, 0xD069, 0xD06A, 0xD06B, 0xD06C, 0xD06D, 0xD06E, 0xD06F,
	0xD071, 0xD073, 0xD074, 0xD075, 0xD076, 0x9471, 0x9472, 0xD079, 0xD07B, 0xD07C, 0xD07D, 0xD121,
	0xD122, 0xD123, 0xD124, 0xD127, 0xD128, 0xD129, 0xD12A, 0xD12C, 0xD12D, 0xD12E, 0xD12F, 0xD130,
	0xD131, 0xD132, 0xD133, 0xD134, 0xD135, 0xD136, 0xD137, 0xD138, 0xD139, 0xD13A, 0xD13B, 0xD13C,
	0xD13E, 0xD13F, 0xD140, 0xD141, 0xD142, 0xD143, 0xD144, 0xD145, 0xD146, 0xD147, 0xD149, 0xD14A,
	0xD14B, 0xD14C, 0xD14D, 0xD14F, 0xD150, 0xD151, 0xD152, 0xD153, 0xD155, 0xD156, 0xD157, 0xD158,
	0xD159, 0xD15A, 0xD15B, 0xD15D, 0xD15E, 0xD160, 0xD161, 0xD163, 0x9536, 0xD164, 0xD165, 0xD166,
	0xD168, 0xD169, 0x953A, 0xD16A, 0xD16B, 0xD16D, 0xD16E, 0xD16F, 0xD170, 0xD172, 0xD173, 0xD174,
	0xD175, 0xD176, 0xD177, 0xD178, 0xD179, 0xD17A, 0xD17C, 0xD17D, 0xD17E, 0xD221, 0xD222, 0xD223,
	0xD224, 0xD225, 0xD226, 0xD229, 0xD22B, 0xD22C, 0xD22D, 0xD22E, 0xD232, 0xD233, 0x954D, 0x9549,
	0xD234, 0xD235, 0xD236, 0xD237, 0xD238, 0xD239, 0xD23A, 0xD23C, 0xD23D, 0xD23E, 0xD23F, 0xD240,
	0xD241, 0xD242, 0xD243, 0xD244, 0xD245, 0xD246, 0xD247, 0xD248, 0xD249, 0xD24A, 0xD24B, 0xD24C,
	0xD24D, 0xD250, 0xD251, 0xD252, 0xD253, 0x9563, 0xD254, 0xD255, 0xD256, 0xD257, 0xD258, 0xD259,
	0xD25A, 0xD25B, 0xD25D, 0xD25E, 0xD25F, 0xD260, 0xD261, 0xD262, 0xD263, 0xD264, 0xD265, 0xD266,
	0xD267, 0xD269, 0xD26A, 0xD26B, 0xD26C, 0xD26F, 0xD271, 0xD272, 0x9569, 0xD273, 0xD274, 0xD276,
	0xD277, 0xD278, 0xD275, 0x956C, 0xD27A, 0xD27B, 0xD27C, 0xD27D, 0xD27E, 0xD321, 0xD322, 0xD323,
	0xD324, 0xD326, 0x9571, 0xD327, 0xD328, 0xD32A, 0xD32B, 0xD32C, 0xD32D, 0xD330, 0xD332, 0xD333,
	0xD334, 0xD335, 0xD336, 0xD337, 0xD339, 0xD33A, 0xD33B, 0xD33C, 0xD33D, 0xD33E, 0xD33F, 0xD340,
	0xD341, 0xD343, 0xD345, 0xD347, 0xD348, 0xD349, 0xD34A, 0xD34B, 0xD34E, 0xD34F, 0xD350, 0xD351,
	0xD353, 0xD355, 0xD357, 0xD358, 0xD359, 0xD35B, 0xD35C, 0xD35D, 0xD35E, 0xD360, 0xD362, 0xD363,
	0xD365, 0xD366, 0xD367, 0xD369, 0xD36A, 0xD36B, 0xD36C, 0xD36D, 0xD36E, 0xD370, 0xD371, 0xD372,
	0xD373, 0xD375, 0xD376, 0xD377, 0xD379, 0xD37A, 0xD37B, 0xD37C, 0xD37D, 0xD37E, 0xD421, 0xD423,
	0xD424, 0xD425, 0xD426, 0xD427, 0xD428, 0x9648, 0xD42A, 0xD42B, 0xD42C, 0xD42D, 0xD42F, 0xD430,
	0xD431, 0xD432, 0xD434, 0xD435, 0xD436, 0xD437, 0xD438, 0xD439, 0xD43A, 0xD43B, 0xD43C, 0xD43D,
	0xD43E, 0xD433, 0xD440, 0xD443, 0xD444, 0xD445, 0xD446, 0xD447, 0xD449, 0xD44A, 0xD44B, 0xD44C,
	0xD44D, 0xD44E, 0xD44F, 0xD450, 0xD452, 0xD453, 0xD455, 0xD456, 0xD458, 0xD459, 0xD45B, 0xD45C,
	0xD45D, 0x9659, 0xD45E, 0xD45F, 0xD460, 0xD461, 0xD462, 0xD465, 0xD466, 0xD467, 0xD468, 0xD469,
	0xD46A, 0xD46C, 0xD46B, 0xD46D, 0xD46E, 0xD46F, 0xD470, 0xD471, 0xD473, 0xD474, 0xD475, 0xD476,
	0xD477, 0xD478, 0xD479, 0xD47A, 0xD47B, 0xD47C, 0xD47D, 0xD47E, 0xD521, 0xD522, 0xD523, 0xD524,
	0xD525, 0xD526, 0xD527, 0xD528, 0xD529, 0xD52B, 0xD52D, 0xD52E, 0xD52F, 0xD530, 0xD531, 0xD532,
	0xD533, 0xD534, 0xD536, 0xD537, 0xD538, 0xD53A, 0xD53D, 0xD53E, 0xD53F, 0xD542, 0xD543, 0xD545,
	0xD546, 0xD547, 0x9722, 0xD548, 0xD549, 0xD54A, 0xD54B, 0xD54C, 0xD54D, 0xD54E, 0xD54F, 0xD551,
	0xD552, 0xD553, 0xD554, 0xD555, 0xD556, 0xD558, 0xD559, 0xD55A, 0xD55B, 0xD55E, 0xD55F, 0xD561,
	0xD562, 0x972B, 0xD563, 0xD564, 0xD565, 0xD566, 0xD567, 0xD568, 0xD569, 0x972F, 0xD56A, 0xD56B,
	0xD56C, 0x9730, 0xD56D, 0xD56E, 0x9732, 0xD56F, 0xD570, 0xD571, 0xD572, 0xD573, 0x9736, 0xD574,
	0xD575, 0xD576, 0xD577, 0xD578, 0xD579, 0xD57B, 0x9739, 0xD57D, 0xD57E, 0xD621, 0xD622, 0x973C,
	0xD624, 0xD625, 0xD626, 0x973D, 0xD627, 0xD628, 0xD629, 0x973B, 0xD62A, 0xD62B, 0xD62D, 0xD62E,
	0xD62F, 0xD630, 0xD631, 0xD632, 0xD633, 0xD634, 0xD635, 0xD636, 0x9747, 0xD637, 0xD638, 0xD63A,
	0xD63B, 0xD63C, 0xD63E, 0xD641, 0xD643, 0xD644, 0xD645, 0xD647, 0xD648, 0xD649, 0xD64A, 0xD64B,
	0xD646, 0xD64C, 0xD64D, 0xD64E, 0xD64F, 0xD650, 0xD651, 0xD652, 0xD653, 0x9752, 0xD656, 0xD657,
	0xD655, 0xD659, 0xD65B, 0x9754, 0xD65D, 0xD65E, 0xD65F, 0xD660, 0xD661, 0xD662, 0xD663, 0xD664,
	0xD665, 0xD666, 0xD667, 0xD668, 0xD669, 0xD66A, 0xD66B, 0xD66C, 0xD66D, 0xD66E, 0x975E, 0xD66F,
	0xD670, 0xD671, 0xD672, 0xD673, 0xD674, 0xD675, 0xD676, 0xD677, 0xD678, 0xD679, 0xD67A, 0x9766,
	0xD67B, 0xD67C, 0xD67D, 0xD67E, 0x9768, 0xD721, 0xD722, 0xD723, 0xD724, 0xD725, 0x976F, 0xD726,
	0xD728, 0xD729, 0xD72A, 0x9776, 0xD72C, 0xD72D, 0xD72E, 0xD72F, 0xD730, 0xD731, 0xD732, 0xD733,
	0xD734, 0xD735, 0xD737, 0x977C, 0xD738, 0xD739, 0xD73A, 0xD73B, 0xD73C, 0xD73D, 0xD741, 0xD742,
	0xD744, 0xD746, 0xD747, 0xD748, 0xD74A, 0xD74B, 0xD74F, 0xD751, 0xD752, 0xD753, 0xD754, 0xD755,
	0xD756, 0xD757, 0xD758, 0xD759, 0xD75A, 0xD75F, 0xD760, 0xD761, 0xD762, 0x982A, 0xD764, 0xD765,
	0xD766, 0xD767, 0xD768, 0xD76A, 0xD76C, 0xD76D, 0xD76E, 0xD76F, 0xD771, 0xD772, 0xD773, 0xD775,
	0xD777, 0xD778, 0xD83E, 0xD763, 0xD77B, 0xD77C, 0x8E4A, 0xD77D, 0xD77E, 0xD822, 0xD823, 0xD824,
	0xD825, 0xD827, 0xD829, 0xD82A, 0xD82C, 0xD82D, 0xD82E, 0xD82F, 0xD830, 0xD833, 0xD84C, 0xD834,
	0xD838, 0xD83A, 0xD83C, 0xD83D, 0x983F, 0xD83F, 0xD841, 0xD842, 0xD843, 0xD844, 0xD848, 0xD849,
	0xD84A, 0x9845, 0xD84B, 0xD84D, 0xD84E, 0xD84F, 0xD850, 0xD852, 0xD853, 0xD854, 0xD855, 0xD856,
	0xD857, 0xD858, 0xD859, 0xD85A, 0xD85B, 0xD85C, 0xD85D, 0xD85E, 0xD85F, 0xD860, 0xD863, 0xD864,
	0xD865, 0xD866, 0xD867, 0xD868, 0xD86A, 0xD86B, 0xD86C, 0x9856, 0xD86E, 0xD86F, 0xD870, 0xD871,
	0xD873, 0xD876, 0xD877, 0xD87A, 0xD87B, 0xD87C, 0x985A, 0xD87D, 0xD87E, 0xD921, 0xD922, 0xD923,
	0xD924, 0xD925, 0xD926, 0xD927, 0xD928, 0xD92A, 0xD92B, 0xD92C, 0xD92D, 0xD92E, 0xD92F, 0xD930,
	0xD931, 0xD932, 0x9866, 0xD933, 0xD935, 0xD937, 0xD938, 0xD939, 0xD93A, 0xD93B, 0xD93D, 0xD93E,
	0xD93F, 0x986F, 0xD940, 0xD941, 0xD942, 0xD943, 0xD944, 0xD945, 0xD946, 0xD947, 0xD949, 0xD94A,
	0xD94B, 0xD94C, 0xD94D, 0xD94E, 0xD94F, 0xD951, 0xD952, 0xD953, 0xD955, 0xD956, 0xD957, 0xD958,
	0xD959, 0xD95A, 0xD95B, 0xD95C, 0xD95F, 0xD960, 0xD961, 0xD962, 0xD963, 0xD965, 0xD966, 0xD967,
	0xD968, 0xD969, 0xD96A, 0xD96B, 0xD96C, 0xD96D, 0xD96E, 0xD96F, 0xD970, 0xD971, 0xD975, 0x9928,
	0xD976, 0xD977, 0xD978, 0x992A, 0xD979, 0xD97A, 0xD97C, 0xD97D, 0xD97E, 0xDA22, 0xDA25, 0xDA26,
	0xDA28, 0xDA2B, 0xDA2C, 0xDA2D, 0xDA2E, 0x9931, 0xDA2F, 0xDA31, 0x9934, 0xDA33, 0xDA34, 0xDA35,
	0xDA36, 0xDA37, 0xDA38, 0xDA39, 0xDA3A, 0xDA3B, 0xDA3D, 0xDA3E, 0xDA3F, 0xDA40, 0xDA41, 0xDA43,
	0xDA44, 0xDA45, 0xDA47, 0xDA49, 0xDA4A, 0xDA4B, 0x993E, 0xDA6D, 0x993F, 0xDA4C, 0xDA4D, 0xDA4E,
	0xDA50, 0xDA51, 0x9943, 0xDA52, 0xDA53, 0xDA54, 0xDA55, 0xDA56, 0xDA57, 0xDA58, 0xDA59, 0xDA5A,
	0xDA5B, 0xDA5D, 0xDA5E, 0xDA5F, 0xDA60, 0xDA61, 0xDA62, 0xDA63, 0xDA64, 0xDA65, 0xDA66, 0xDA67,
	0xDA68, 0xDA69, 0xDA6A, 0xDA6B, 0x994E, 0xDA6C, 0xDA71, 0xDA72, 0xDA73, 0xDA75, 0xDA76, 0xDA77,
	0xDA78, 0xDA79, 0xDA7A, 0xDA7B, 0xDA7C, 0xDA7D, 0xDA7E, 0xDB21, 0xDB22, 0xDB23, 0xDB24, 0xDB25,
	0xDB26, 0xDB27, 0xDB28, 0xDB29, 0xDB2A, 0xDB2B, 0xDB2C, 0xDB2D, 0xDB2E, 0x995E, 0xDB2F, 0xDB30,
	0xDB31, 0xDB32, 0xDB33, 0xDB34, 0xDB36, 0xDB37, 0x9963, 0xDB38, 0xDB39, 0xDB3A, 0xDB3B, 0xDB3E,
	0xDB3F, 0xDB40, 0xDB41, 0xDB42, 0xDB43, 0xDB44, 0xDB45, 0xDB46, 0xDB47, 0xDB48, 0xDB49, 0xDB4A,
	0xDB4D, 0xDB4E, 0xDB50, 0xDB51, 0xDB52, 0xDB53, 0xDB54, 0xDB55, 0xDB56, 0xDB57, 0xDB59, 0xDB5A,
	0xDB5B, 0xDB5C, 0xDB5D, 0xDB5E, 0xDB5F, 0x9975, 0x9976, 0xDB60, 0xDB61, 0xDB62, 0xDB63, 0xDB64,
	0x9971, 0xDB65, 0xDB66, 0xDB67, 0xDB68, 0xDB69, 0xDB6B, 0xDB6D, 0xDB70, 0xDB71, 0xDB73, 0xDB6F,
	0xDB74, 0xDB75, 0xDB76, 0xDB77, 0xDB79, 0xDB7A, 0xDB7B, 0xDB7C, 0xDB7D, 0xDB7E, 0xDC21, 0xDC22,
	0xDC23, 0xDC24, 0xDC25, 0xDC26, 0xDC27, 0xDC28, 0xDC29, 0xDC2A, 0xDC2B, 0xDC2C, 0xDC2D, 0xDC2E,
	0xDC2F, 0xDC30, 0xDC31, 0xDC32, 0xDC33, 0xDC34, 0x9A2D, 0xDC35, 0xDC36, 0xDC37, 0xDC38, 0xDC3A,
	0xDC3B, 0xDC3C, 0xDC3D, 0xDC3E, 0xDC3F, 0xDC41, 0x9A2F, 0xDC42, 0xDC43, 0xDC44, 0xDC46, 0xDC47,
	0xDC48, 0xDC4A, 0xDC4B, 0xDC4C, 0xDC4D, 0xDC4E, 0xDC4F, 0xDC50, 0xDC51, 0xDC52, 0xDC54, 0xDC55,
	0xDC56, 0xDC57, 0xDC58, 0xDC59, 0xDC5A, 0xDC5B, 0xDC60, 0xDC61, 0xDC63, 0xDC65, 0xDC67, 0x9A3D,
	0xDC69, 0xDC6A, 0xDC6C, 0xDC6D, 0xDC6E, 0xDC6F, 0xDC70, 0xDC71, 0xDC72, 0xDC73, 0xDC74, 0xDC75,
	0xDC76, 0xDC77, 0xDC78, 0xDC79, 0xDC7A, 0xDC7B, 0xDC7C, 0xDC7D, 0xDC7E, 0xDD21, 0xDD22, 0xDD23,
	0x9A45, 0xDD24, 0xDD25, 0xDD26, 0xDD28, 0xDD29, 0xDD2A, 0xDD2B, 0xDD2C, 0xDD2D, 0xDD2E, 0xDD2F,
	0xDD30, 0xDD31, 0xDD32, 0xDD33, 0xDD35, 0xDD36, 0xDD37, 0xDD38, 0xDD3A, 0xDD3B, 0xDD3C, 0xDD3D,
	0xDD3E, 0xDD40, 0xDD41, 0xDD42, 0xDD43, 0xDD44, 0xDD45, 0xDD46, 0xDD47, 0xDD49, 0xDD4B, 0xDD4C,
	0x9A57, 0xDD4E, 0xDD4F, 0xDD50, 0xDD51, 0xDD52, 0xDD53, 0xDD55, 0xDD56, 0xDD57, 0xDD58, 0xDD59,
	0xDD5B, 0xDD5C, 0xDD5E, 0xDD5F, 0xDD60, 0xDD61, 0xDD62, 0xDD65, 0xDD66, 0xDD68, 0xDD69, 0xDD6B,
	0xDD6C, 0xDD6D, 0xDD6E, 0xDD6F, 0xDD70, 0xDD71, 0xDD72, 0xDD73, 0xDD74, 0xDD75, 0xDD76, 0xDD77,
	0xDD78, 0xDD79, 0xDD7B, 0xDD7C, 0xDD7D, 0xDD7E, 0xDE21, 0xDE22, 0xDE23, 0xDE24, 0xDE25, 0xDE26,
	0xDE27, 0xDE28, 0xDE29, 0xDE2A, 0xDE2B, 0xDE2C, 0xDE2D, 0xDE2E, 0xDE2F, 0xDE31, 0xDE32, 0xDE34,
	0xDE36, 0xDE37, 0xDE38, 0xDE39, 0xDE3F, 0xDE3A, 0x9A66, 0xDE3B, 0xDE3C, 0xDE3D, 0xDE3E, 0xDE40,
	0xDE41, 0xDE42, 0xDE43, 0xDE44, 0xDE45, 0xDE46, 0xDE47, 0xDE49, 0xDE4E, 0x9A6C, 0xDE4A, 0xDE4B,
	0xDE4F, 0xDE50, 0xDE51, 0xDE52, 0xDE53, 0xDE54, 0xDE55, 0xDE56, 0x9A6F, 0xDE57, 0xDE58, 0xDE59,
	0xDE5A, 0xDE5B, 0xDE5C, 0xDE5D, 0xDE5E, 0xDE5F, 0xDE60, 0xDE61, 0xDE62, 0xDE63, 0xDE64, 0xDE65,
	0xDE66, 0xDE67, 0xDE69, 0xDE6A, 0xDE6B, 0xDE6C, 0xDE6D, 0xDE6E, 0xDE6F, 0xDE72, 0xDE70, 0xDE71,
	0xDE73, 0xDE74, 0xDE75, 0xDE77, 0xDE78, 0xDE79, 0xDE7A, 0xDE7B, 0xDE7C, 0xDE7D, 0xDE7E, 0xDF21,
	0xDF22, 0xDF23, 0xDF24, 0xDF25, 0xDF26, 0xDF27, 0xDF28, 0xDF29, 0xDF2A, 0xDF2B, 0xDF2C, 0xDF2D,
	0xDF2E, 0xDF2F, 0xDF30, 0xDF32, 0xDF31, 0xDF33, 0xDF34, 0xDF36, 0xDF37, 0xDF38, 0xDF39, 0x9B31,
	0xDF3A, 0xDF3B, 0xDF3C, 0xDF3F, 0xDF40, 0xDF41, 0xDF42, 0x9B34, 0xDF44, 0xDF46, 0xDF47, 0xDF48,
	0xDF49, 0xDF4A, 0xDF4B, 0xDF4C, 0xDF4D, 0xDF4E, 0xDF4F, 0xDF50, 0xDF51, 0xDF52, 0xDF53, 0xDF54,
	0xDF55, 0xDF56, 0xDF57, 0xDF59, 0xDF5A, 0xDF5B, 0xDF5C, 0xDF5D, 0xDF6F, 0xDF5E, 0xDF5F, 0xDF60,
	0xDF61, 0xDF62, 0xDF63, 0xDF66, 0xDF67, 0xDF69, 0xDF6A, 0xDF6B, 0xDF6C, 0xDF6D, 0xDF6E, 0xDF70,
	0xDF71, 0xDF72, 0xDF73, 0xDF74, 0xDF75, 0xDF76, 0xDF77, 0xDF78, 0x9B3E, 0xDF79, 0xDF7A, 0xDF7B,
	0xDF7D, 0xDF7E, 0xE022, 0xE023, 0xE024, 0xE025, 0xE026, 0xE027, 0xE028, 0xE029, 0xE02B, 0xE02C,
	0xE02D, 0xE02E, 0xE02F, 0xE030, 0xE031, 0xE032, 0xE033, 0xE034, 0xE035, 0xE036, 0xE037, 0xE038,
	0xE039, 0xE03A, 0xE03B, 0xE03D, 0xE03E, 0xE03F, 0xE041, 0xE042, 0xE043, 0xE044, 0xE045, 0xE046,
	0x9B52, 0xE047, 0xE048, 0xE049, 0xE04A, 0xE04B, 0xE04C, 0xE04D, 0xE04E, 0xE04F, 0xE050, 0xE051,
	0x9B57, 0xE052, 0xE053, 0xE055, 0xE056, 0xE057, 0xE058, 0xE059, 0xE05A, 0xE05B, 0xE05C, 0xE05D,
	0xE064, 0xE05E, 0xE05F, 0xE060, 0xE061, 0xE062, 0xE065, 0xE066, 0xE067, 0xE068, 0xE069, 0xE06A,
	0xE06B, 0xE06C, 0xE06D, 0xE06F, 0xE070, 0xE071, 0xE072, 0xE073, 0xE074, 0x9B62, 0xE075, 0xE077,
	0xE078, 0xE079, 0xE07B, 0xE07C, 0xE07D, 0xE07E, 0xE121, 0xE122, 0x9B64, 0xE123, 0xE124, 0xE125,
	0xE126, 0xE128, 0xE129, 0xE12A, 0xE12B, 0xE12C, 0xE12D, 0xE12E, 0xE12F, 0xE130, 0xE131, 0x9B68,
	0xE134, 0xE135, 0xE136, 0xE137, 0xE138, 0xE139, 0xE13A, 0xE13B, 0xE13C, 0xE13D, 0xE13E, 0xE13F,
	0xE140, 0xE141, 0xE142, 0xE146, 0xE147, 0xE148, 0xE149, 0xE14A, 0xE14B, 0xE14C, 0xE14E, 0xE14F,
	0xE150, 0xE151, 0xE152, 0xE154, 0xE155, 0xE153, 0xE157, 0xE158, 0xE159, 0xE15A, 0xE15B, 0xE15C,
	0xE15D, 0xE15E, 0xE15F, 0xE160, 0xE161, 0xE162, 0xE163, 0xE164, 0xE165, 0xE166, 0xE167, 0xE169,
	0xE16A, 0xE16B, 0xE16C, 0xE16F, 0xE172, 0xE173, 0xE175, 0xE176, 0xE177, 0xE179, 0xE17A, 0xE17B,
	0xE17E, 0xE224, 0xE17C, 0xE22D, 0xE225, 0xE227, 0xE228, 0xE229, 0xE22B, 0xE22C, 0xE22F, 0xE231,
	0x9C31, 0xE22E, 0xE233, 0xE234, 0xE235, 0xE236, 0xE237, 0xE238, 0xE239, 0xE23A, 0xE23B, 0xE23E,
	0xE23F, 0xE240, 0xE241, 0xE242, 0xE243, 0xE244, 0xE248, 0xE249, 0xE24D, 0xE24E, 0xE24F, 0xE250,
	0xE251, 0xE253, 0x9C3E, 0xE254, 0xE256, 0xE257, 0xE258, 0xE259, 0xE25A, 0xE25C, 0xE25D, 0xE25E,
	0xE25F, 0xE260, 0xE261, 0xE262, 0xE263, 0xE264, 0xE266, 0xE267, 0xE268, 0xE269, 0xE26A, 0xE26B,
	0xE26C, 0xE26D, 0xE26E, 0xE270, 0xE271, 0xE272, 0xE274, 0xE275, 0xE276, 0xE278, 0xE279, 0xE27A,
	0xE27B, 0xE27D, 0xE27E, 0xE321, 0xE322, 0x9C4D, 0xE323, 0xE324, 0xE325, 0xE327, 0xE328, 0xE329,
	0xE32C, 0xE32D, 0xE32E, 0xE330, 0xE331, 0xE332, 0xE334, 0xE335, 0xE337, 0xE338, 0xE339, 0xE33A,
	0xE33B, 0xE33C, 0xE33E, 0xE33F, 0xE340, 0xE342, 0xE343, 0xE344, 0x9C56, 0xE345, 0xE346, 0xE347,
	0xE348, 0xE349, 0xE34A, 0xE34B, 0xE34C, 0xE34D, 0xE34E, 0xE34F, 0xE350, 0xE351, 0xE352, 0xE357,
	0xE359, 0xE35B, 0xE35C, 0xE35D, 0xE35E, 0xE35F, 0xE361, 0x9C5E, 0xE362, 0xE363, 0xE364, 0xE365,
	0xE366, 0xE367, 0xE368, 0xE369, 0xE36A, 0xE36B, 0xE36C, 0xE36D, 0xE36E, 0xE36F, 0xE370, 0xE371,
	0xE373, 0xE374, 0xE375, 0xE376, 0xE377, 0xE379, 0xE37A, 0xE37B, 0xE37C, 0xE37D, 0xE37E, 0xE421,
	0xE422, 0xE423, 0xE424, 0xE425, 0xE426, 0xE427, 0xE428, 0xE429, 0xE42A, 0xE42B, 0xE42C, 0xE42D,
	0xE42E, 0xE42F, 0xE430, 0xE431, 0xE432, 0xE433, 0xE435, 0xE436, 0xE437, 0xE438, 0xE439, 0xE43C,
	0xE43D, 0xE43E, 0xE440, 0xE441, 0xE442, 0xE443, 0xE444, 0xE445, 0xE446, 0xE448, 0xE449, 0xE44A,
	0xE44B, 0xE44C, 0xE44D, 0xE44E, 0xE44F, 0x9D22, 0xE450, 0xE451, 0xE453, 0xE454, 0xE455, 0xE456,
	0xE457, 0xE458, 0xE459, 0xE45A, 0xE45B, 0xE45C, 0xE45F, 0xE461, 0xE462, 0xE463, 0xE464, 0xE465,
	0xE466, 0xE467, 0xE468, 0xE46B, 0xE46C, 0xE46D, 0xE46E, 0xE46F, 0xE470, 0xE471, 0xE472, 0xE475,
	0xE476, 0x9D32, 0xE478, 0xE479, 0xE47B, 0xE47C, 0xE47D, 0xE47E, 0xE521, 0xE522, 0xE523, 0xE524,
	0xE525, 0xE526, 0xE527, 0xE528, 0xE529, 0xE52A, 0xE52B, 0xE52C, 0xE52D, 0xE52E, 0xE530, 0xE531,
	0xE533, 0xE534, 0xE535, 0xE53B, 0xE536, 0xE537, 0xE538, 0xE539, 0xE53C, 0xE53D, 0xE53E, 0xE540,
	0xE541, 0xE542, 0xE543, 0xE544, 0xE545, 0xE546, 0xE547, 0xE548, 0xE54B, 0xE54C, 0xE54D, 0x9D3F,
	0x9D3C, 0xE54F, 0xE550, 0xE54E, 0xE551, 0xE552, 0xE554, 0xE555, 0xE557, 0xE558, 0xE559, 0xE55A,
	0xE55B, 0xE55C, 0xE55D, 0xE55E, 0xE55F, 0xE560, 0xE561, 0xE562, 0xE563, 0xE565, 0xE566, 0xE568,
	0xE567, 0xE569, 0xE56A, 0xE56B, 0xE56D, 0xE56E, 0xE56F, 0xE570, 0xE571, 0xE572, 0xE574, 0xE576,
	0xE577, 0xE578, 0xE57C, 0xE57B, 0xE57D, 0xE57E, 0xE621, 0xE622, 0x9D54, 0xE623, 0xE624, 0xE625,
	0xE627, 0xE628, 0xE62A, 0xE62D, 0xE62F, 0xE631, 0xE633, 0xE634, 0xE635, 0xE636, 0xE639, 0xE63A,
	0xE63C, 0xE63E, 0xE640, 0xE641, 0xE642, 0xE643, 0xE644, 0xE645, 0xE646, 0xE647, 0xE648, 0xE649,
	0xE64A, 0xE64B, 0xE64C, 0x9D60, 0xE64D, 0xE64E, 0xE64F, 0xE650, 0xE651, 0xE652, 0xE653, 0xE654,
	0xE655, 0xE656, 0xE657, 0xE659, 0xE65A, 0xE65B, 0xE65C, 0xE65D, 0xE65E, 0xE65F, 0xE660, 0xE661,
	0xE662, 0xE664, 0xE665, 0xE666, 0xE667, 0xE669, 0xE66C, 0xE66D, 0xE66E, 0xE66F, 0xE670, 0xE671,
	0x9D6F, 0xE672, 0xE675, 0xE676, 0xE677, 0xE679, 0xE67C, 0xE67D, 0xE67E, 0xE721, 0xE722, 0xE723,
	0x9D76, 0xE724, 0xE725, 0xE726, 0xE727, 0xE728, 0xE729, 0xE72A, 0xE72B, 0x9D79, 0xE72D, 0xE72E,
	0x9D7B, 0xE72F, 0xE732, 0xE733, 0xE734, 0xE736, 0xE737, 0xE738, 0xE739, 0xE73C, 0xE73D, 0xE73E,
	0xE73F, 0xE740, 0xE741, 0xE742, 0xE743, 0xE745, 0xE746, 0xE747, 0xE748, 0xE749, 0xE74A, 0xE74B,
	0xE74C, 0xE74E, 0xE74F, 0xE750, 0xE751, 0xE752, 0xE753, 0xE755, 0xE756, 0xE757, 0xE759, 0xE75A,
	0xE75B, 0xE75D, 0xE75E, 0xE75F, 0xE760, 0xE761, 0xE762, 0xE763, 0xE764, 0xE765, 0xE766, 0xE767,
	0xE769, 0xE76B, 0xE76C, 0xE76D, 0xE76E, 0xE770, 0xE771, 0xE772, 0x9E32, 0xE773, 0xE776, 0xE777,
	0xE778, 0xE779, 0xE775, 0xE77A, 0xE77C, 0xE77D, 0xE828, 0xE77E, 0xE822, 0xE823, 0xE825, 0xE826,
	0xE827, 0xE829, 0xE82A, 0xE82B, 0xE82C, 0xE82D, 0xE834, 0xE835, 0xE837, 0xE838, 0xE83A, 0xE83B,
	0xE83C, 0xE83D, 0xE83E, 0xE83F, 0xE840, 0xE842, 0x9E46, 0xE843, 0xE844, 0xE845, 0x9E49, 0x9E4A,
	0xE847, 0x9E4B, 0xE848, 0xE849, 0xE84A, 0xE84B, 0xE84D, 0x9E51, 0x9E52, 0xE84E, 0xE84F, 0xE850,
	0xE851, 0xE852, 0xE853, 0xE854, 0xE855, 0xE856, 0xE857, 0xE858, 0xE859, 0xE85A, 0xE85B, 0xE85C,
	0xE85D, 0xE85E, 0xE85F, 0xE860, 0xE861, 0xE862, 0xE863, 0xE864, 0xE865, 0xE866, 0xE867, 0xE868,
	0xE869, 0xE86A, 0xE86B, 0xE86C, 0xE86D, 0xE86E, 0xE86F, 0xE871, 0xE872, 0xE873, 0xE874, 0xE875,
	0xE876, 0xE877, 0xE878, 0xE879, 0x9E6C, 0xE87A, 0xE87B, 0xE87C, 0xE87D, 0xE87E, 0xE921, 0xE922,
	0xE923, 0xE924, 0xE925, 0xE926, 0xE927, 0xE928, 0xE929, 0xE92A, 0xE92B, 0xE92C, 0xE92D, 0xE92E,
	0xE92F, 0xE930, 0xE931, 0xE932, 0xE933, 0xE934, 0x9E79, 0xE935, 0xE936, 0xE939, 0x9E7A, 0xE93A,
	0xE93B, 0xE93C, 0xE93D, 0xE93E, 0x9E7D, 0xE93F, 0xE940, 0xE941, 0xE942, 0xE944, 0x9F21, 0xE947,
	0xE948, 0xE949, 0xE94C, 0xE94D, 0xE94B, 0xE94F, 0xE950, 0xE952, 0xE953, 0xE954, 0x9F25, 0xE955,
	0xE956, 0xE957, 0xE958, 0xE959, 0xE95A, 0xE95B, 0xE95C, 0x9F29, 0xE95E, 0xE95F, 0xE960, 0xE961,
	0xE964, 0xE965, 0xE967, 0xE968, 0xE969, 0xE96B, 0xE96C, 0xE96D, 0xE96E, 0xE96F, 0xE970, 0xE971,
	0xE972, 0xE973, 0xE974, 0xE975, 0xE976, 0xE978, 0xE979, 0xE97A, 0xE97B, 0xE97C, 0xE97E, 0xEA21,
	0xEA22, 0xEA24, 0xEA25, 0xEA26, 0xEA27, 0xEA28, 0xEA29, 0xEA2A, 0xEA2B, 0xEA2C, 0xEA2D, 0xEA2E,
	0xEA30, 0xEA31, 0xEA33, 0xEA34, 0xEA35, 0xEA36, 0xEA37, 0xEA38, 0xEA39, 0xEA3A, 0xEA3B, 0xEA3C,
	0xEA3D, 0xEA3E, 0xEA3F, 0xEA40, 0xEA42, 0xEA43, 0xEA44, 0xEA46, 0xEA47, 0xEA48, 0xEA49, 0xEA4A,
	0xEA4B, 0xEA4C, 0x9F46, 0xEA4E, 0xEA4F, 0xEA51, 0xEA52, 0xEA54, 0xEA55, 0xEA56, 0xEA57, 0xEA59,
	0xEA5A, 0xEA5C, 0xEA5D, 0xEA5E, 0xEA5F, 0xEA61, 0xEA63, 0xEA64, 0xEA65, 0xEA66, 0xEA67, 0xEA68,
	0xEA69, 0xEA6A, 0xEA6B, 0xEA6C, 0xEA6D, 0xEA6F, 0xEA70, 0xEA72, 0xEA73, 0xEA74, 0xEA75, 0xEA76,
	0xEA78, 0xEA79, 0xEA7A, 0x9F58, 0xEA7B, 0xEA7C, 0xEA7D, 0xEB21, 0xEB22, 0xEB24, 0xEB26, 0xEB27,
	0xEB28, 0xEB29, 0xEB2A, 0xEB2B, 0xEB2C, 0xEB2D, 0xEB2E, 0x9F62, 0xEB2F, 0xEB30, 0xEB32, 0xEB33,
	0xEB34, 0xEB35, 0xEB36, 0xEB37, 0xEB38, 0xEB39, 0xEB3A, 0xEB3B, 0xEB3D, 0xEB3E, 0xEB3F, 0xEB40,
	0xEB41, 0xEB42, 0xEB46, 0xEB47, 0xEB48, 0xEB49, 0xEB50, 0xEB4A, 0xEB4B, 0xEB4C, 0xEB52, 0xEB4E,
	0xEB4F, 0xEB51, 0x9F79, 0xEB53, 0xEB54, 0xEB55, 0xEB56, 0x9F7E, 0xEB58, 0xEB59, 0xEB5A, 0xEB5B,
	0xEB5C, 0xEB5E, 0xEB5D, 0xEB5F, 0xEB60, 0xEB61, 0xEB62, 0xEB65, 0xEB66, 0xEB67, 0xEB68, 0xEB69,
	0xEB6A, 0xEB6B, 0xEB6D, 0xEB6E, 0xEB6C, 0xEB71, 0xEB72, 0xEB73, 0xEB74, 0xEB76, 0xEB77, 0xEB78,
	0xEB79, 0xEB7A, 0xA036, 0xEB7C, 0xEB7D, 0xEB7E, 0xEC22, 0xEC23, 0xEC24, 0xEC25, 0xEC27, 0xEC28,
	0xEC29, 0xEC2A, 0xEC2B, 0xEC2D, 0xEC2E, 0xA03C, 0xEC2F, 0xEC30, 0xEC32, 0xEC33, 0xEC34, 0xEC35,
	0xA041, 0xEC37, 0xEC38, 0xEC39, 0xEC3A, 0xEC3B, 0xEC3C, 0xEC3D, 0xEC3E, 0xEC40, 0xEC41, 0xEC42,
	0xEC43, 0xA049, 0xEC44, 0xEC46, 0xEC47, 0xEC48, 0xEC49, 0xEC4A, 0xEC4B, 0xEC4C, 0xEC4E, 0xEC4D,
	0xA04E, 0xEC50, 0xEC51, 0xEC52, 0xEC53, 0xEC55, 0xEC56, 0xEC57, 0xEC58, 0xEC59, 0xEC5A, 0xEC5C,
	0xEC5D, 0xEC5E, 0xEC5F, 0xEC60, 0xEC61, 0xEC62, 0xEC63, 0xEC64, 0xEC65, 0xEC66, 0xEC69, 0xEC6B,
	0xEC6D, 0xEC6E, 0xA059, 0xEC71, 0xEC72, 0xEC73, 0xEC74, 0xEC75, 0xEC76, 0xEC77, 0xEC78, 0xEC79,
	0xEC7A, 0xEC7B, 0xEC7C, 0xEC7D, 0xEC7E, 0xED21, 0xED22, 0xED23, 0xED24, 0xED25, 0xED26, 0xED28,
	0xED29, 0xED2A, 0xED2B, 0xED2C, 0xED2D, 0xED2E, 0xED2F, 0xED30, 0xED31, 0xED32, 0xED33, 0xED34,
	0xED35, 0xED36, 0xED37, 0xED38, 0xED39, 0xED3B, 0xED3C, 0xED3D, 0xED3E, 0xED3F, 0xED40, 0xED41,
	0xED42, 0xED43, 0xED44, 0xED45, 0xED46, 0xED47, 0xED49, 0xED4A, 0xED4B, 0xED4C, 0xED4D, 0xED4E,
	0xED4F, 0xED50, 0xED51, 0xED52, 0xED53, 0xED54, 0xED55, 0xED56, 0xED57, 0xED58, 0xED5A, 0xED5B,
	0xED5D, 0xED5F, 0xED60, 0xED62, 0xED63, 0x8E79, 0x9938, 0x9945, 0x9B6E, 0x9229, 0x9650, 0x9774,
	0x9775, 0x9B69, 0x2E22, 0x8721, 0x872B, 0x872E, 0x8736, 0x8746, 0x8770, 0x8779, 0x8777, 0x8822,
	0x8825, 0x8827, 0x8831, 0x8832, 0x8838, 0x883F, 0x8841, 0x884A, 0x8852, 0x8853, 0x8859, 0x885C,
	0x4F54, 0x8877, 0x892A, 0x893A, 0x8932, 0x8931, 0x893D, 0x8959, 0x2F42, 0x895C, 0x8963, 0x895E,
	0x896B, 0x896A, 0x8972, 0x2F4C, 0x8974, 0x8975, 0x8A25, 0x8A32, 0x2F60, 0x8A3E, 0x8A47, 0x4F63,
	0x8A55, 0x8A56, 0x2F7B, 0x8A7E, 0x8B30, 0x8B37, 0x8B38, 0x8B3B, 0x8B3A, 0x8B45, 0x8B40, 0x8B3F,
	0x8B48, 0x8B4A, 0x8B4B, 0x4F6E, 0x8B5B, 0x8B66, 0x8B6C, 0x8C22, 0xA053, 0x8C2B, 0x8C30, 0x8C50,
	0x8C65, 0x8C6D, 0x8C72, 0x8D24, 0x8D32, 0x8D29, 0x8D2A, 0x8D35, 0x8D34, 0x8D39, 0x8D56, 0x8E24,
	0x8D7D, 0x753A, 0x8E23, 0x8E3A, 0x8E42, 0x8E3D, 0x8E3C, 0x8E44, 0x8E47, 0x8E49, 0x8E43, 0x8E55,
	0x8E57, 0x8E56, 0x8E5B, 0x8E77, 0x8E78, 0x8F2A, 0x7572, 0x8F42, 0x8F3F, 0x8F43, 0x8F40, 0x8F59,
	0x8F4E, 0x7629, 0x7632, 0x8F61, 0x8F6A, 0x8F69, 0x8F70, 0x8F75, 0x9023, 0x9034, 0x7660, 0x9049,
	0x9675, 0x905C, 0x9060, 0x905F, 0x905E, 0x9132, 0x9147, 0x914D, 0x9161, 0x9164, 0x9222, 0x9233,
	0x9239, 0x776C, 0x9253, 0x927B, 0x932E, 0x9330, 0x9335, 0x9344, 0x935D, 0x9361, 0x9366, 0x9369,
	0x9375, 0x9377, 0x937A, 0x9421, 0x9424, 0x9423, 0x9428, 0x942C, 0x943D, 0x787E, 0x9448, 0x7929,
	0x945B, 0x7947, 0x9475, 0x9476, 0x7954, 0x9532, 0x953E, 0x953D, 0x9540, 0x9552, 0x955D, 0x955E,
	0x796E, 0x9573, 0x9574, 0x9577, 0x9575, 0x957D, 0x957B, 0x9622, 0x9624, 0x9627, 0x962F, 0x962E,
	0x9635, 0x9634, 0x963D, 0x9642, 0x964F, 0x9669, 0x966B, 0x9672, 0x9679, 0x9735, 0x973A, 0x9746,
	0x9756, 0x9758, 0x975A, 0x975D, 0x975F, 0x9763, 0x976A, 0x9770, 0x9773, 0x7A5D, 0x8A44, 0x9844,
	0x984E, 0x7B33, 0x985D, 0x9875, 0x9921, 0x9922, 0x987E, 0x7B49, 0x9933, 0x9936, 0x9965, 0x9964,
	0x996B, 0x996E, 0x9973, 0x9A2A, 0x9A29, 0x9A2C, 0x7B6C, 0x9A34, 0x9A3C, 0x9A3E, 0x9A42, 0x9A56,
	0x9A63, 0x9A77, 0x9A79, 0x9A7A, 0x9B25, 0x9B2F, 0x9B32, 0x9B39, 0x9B42, 0x9B48, 0x7C49, 0x9B59,
	0x9B5E, 0x7C51, 0x9B66, 0x9B6B, 0x9B7A, 0x9B7E, 0x9C21, 0x9C2C, 0x9C2F, 0x9C50, 0x9C4F, 0x9C57,
	0x9C65, 0x9C66, 0x9C71, 0x9C72, 0x9C7E, 0x9D21, 0x9D2D, 0x9D2C, 0x9D36, 0x9D37, 0x9D3E, 0x9D3D,
	0x9D4E, 0x9D4F, 0x9D57, 0x9D5A, 0x9D5C, 0x9D5D, 0x9D61, 0x9D65, 0x9D67, 0x9D69, 0x9D71, 0x9E22,
	0x9E23, 0x9E38, 0x9E42, 0x9E4C, 0x9E56, 0x9E59, 0x9E5D, 0x9E76, 0x9F2C, 0x9F4B, 0x9F59, 0x9F4C,
	0x9F5D, 0x9F5B, 0x9F67, 0x9F70, 0x9F6D, 0xA025, 0xA02B, 0xA029, 0xA035, 0xA032, 0x7E66, 0xA058,
	0xA05A, 0xA06E, 0xA070, 0xA072, 0xA076,
};

const INT bpk_tron_nrev = 5621;

/* the two-character places of zone A: the letter, the mark and the code */
const UINT bpk_tron_seq[25][3] = {
	{ 0x304B, 0x309A, 0x2477 },
	{ 0x304D, 0x309A, 0x2478 },
	{ 0x304F, 0x309A, 0x2479 },
	{ 0x3051, 0x309A, 0x247A },
	{ 0x3053, 0x309A, 0x247B },
	{ 0x30AB, 0x309A, 0x2577 },
	{ 0x30AD, 0x309A, 0x2578 },
	{ 0x30AF, 0x309A, 0x2579 },
	{ 0x30B1, 0x309A, 0x257A },
	{ 0x30B3, 0x309A, 0x257B },
	{ 0x30BB, 0x309A, 0x257C },
	{ 0x30C4, 0x309A, 0x257D },
	{ 0x30C8, 0x309A, 0x257E },
	{ 0x31F7, 0x309A, 0x2678 },
	{ 0x00E6, 0x0300, 0x2B44 },
	{ 0x0254, 0x0300, 0x2B48 },
	{ 0x0254, 0x0301, 0x2B49 },
	{ 0x028C, 0x0300, 0x2B4A },
	{ 0x028C, 0x0301, 0x2B4B },
	{ 0x0259, 0x0300, 0x2B4C },
	{ 0x0259, 0x0301, 0x2B4D },
	{ 0x025A, 0x0300, 0x2B4E },
	{ 0x025A, 0x0301, 0x2B4F },
	{ 0x02E9, 0x02E5, 0x2B65 },
	{ 0x02E5, 0x02E9, 0x2B66 },
};

const INT bpk_tron_nseq = 25;
