/*
 *----------------------------------------------------------------------
 *    TessronOS
 *
 *    Copyright (C) 2026 satromi
 *    This software is distributed under the T-License 2.2.
 *----------------------------------------------------------------------
 */

/*
 *	ms_jis.c
 *	JIS X 0208 and the characters it holds, made by tools/gen_jis.py
 */

#include "ms.h"

/* the character of row r and cell c (1..94) at [(r - 1) * 94 + c - 1]; 0 for none */
const UH ms_jis_char[94 * 94] = {
	0x3000, 0x3001, 0x3002, 0xFF0C, 0xFF0E, 0x30FB, 0xFF1A, 0xFF1B, 0xFF1F, 0xFF01, 0x309B, 0x309C,
	0x00B4, 0xFF40, 0x00A8, 0xFF3E, 0xFFE3, 0xFF3F, 0x30FD, 0x30FE, 0x309D, 0x309E, 0x3003, 0x4EDD,
	0x3005, 0x3006, 0x3007, 0x30FC, 0x2015, 0x2010, 0xFF0F, 0xFF3C, 0x301C, 0x2016, 0xFF5C, 0x2026,
	0x2025, 0x2018, 0x2019, 0x201C, 0x201D, 0xFF08, 0xFF09, 0x3014, 0x3015, 0xFF3B, 0xFF3D, 0xFF5B,
	0xFF5D, 0x3008, 0x3009, 0x300A, 0x300B, 0x300C, 0x300D, 0x300E, 0x300F, 0x3010, 0x3011, 0xFF0B,
	0x2212, 0x00B1, 0x00D7, 0x00F7, 0xFF1D, 0x2260, 0xFF1C, 0xFF1E, 0x2266, 0x2267, 0x221E, 0x2234,
	0x2642, 0x2640, 0x00B0, 0x2032, 0x2033, 0x2103, 0xFFE5, 0xFF04, 0x00A2, 0x00A3, 0xFF05, 0xFF03,
	0xFF06, 0xFF0A, 0xFF20, 0x00A7, 0x2606, 0x2605, 0x25CB, 0x25CF, 0x25CE, 0x25C7, 0x25C6, 0x25A1,
	0x25A0, 0x25B3, 0x25B2, 0x25BD, 0x25BC, 0x203B, 0x3012, 0x2192, 0x2190, 0x2191, 0x2193, 0x3013,
	0x0000, 0x0000, 0x0000, 0x0000, 0x0000, 0x0000, 0x0000, 0x0000, 0x0000, 0x0000, 0x0000, 0x2208,
	0x220B, 0x2286, 0x2287, 0x2282, 0x2283, 0x222A, 0x2229, 0x0000, 0x0000, 0x0000, 0x0000, 0x0000,
	0x0000, 0x0000, 0x0000, 0x2227, 0x2228, 0x00AC, 0x21D2, 0x21D4, 0x2200, 0x2203, 0x0000, 0x0000,
	0x0000, 0x0000, 0x0000, 0x0000, 0x0000, 0x0000, 0x0000, 0x0000, 0x0000, 0x2220, 0x22A5, 0x2312,
	0x2202, 0x2207, 0x2261, 0x2252, 0x226A, 0x226B, 0x221A, 0x223D, 0x221D, 0x2235, 0x222B, 0x222C,
	0x0000, 0x0000, 0x0000, 0x0000, 0x0000, 0x0000, 0x0000, 0x212B, 0x2030, 0x266F, 0x266D, 0x266A,
	0x2020, 0x2021, 0x00B6, 0x0000, 0x0000, 0x0000, 0x0000, 0x25EF, 0x0000, 0x0000, 0x0000, 0x0000,
	0x0000, 0x0000, 0x0000, 0x0000, 0x0000, 0x0000, 0x0000, 0x0000, 0x0000, 0x0000, 0x0000, 0xFF10,
	0xFF11, 0xFF12, 0xFF13, 0xFF14, 0xFF15, 0xFF16, 0xFF17, 0xFF18, 0xFF19, 0x0000, 0x0000, 0x0000,
	0x0000, 0x0000, 0x0000, 0x0000, 0xFF21, 0xFF22, 0xFF23, 0xFF24, 0xFF25, 0xFF26, 0xFF27, 0xFF28,
	0xFF29, 0xFF2A, 0xFF2B, 0xFF2C, 0xFF2D, 0xFF2E, 0xFF2F, 0xFF30, 0xFF31, 0xFF32, 0xFF33, 0xFF34,
	0xFF35, 0xFF36, 0xFF37, 0xFF38, 0xFF39, 0xFF3A, 0x0000, 0x0000, 0x0000, 0x0000, 0x0000, 0x0000,
	0xFF41, 0xFF42, 0xFF43, 0xFF44, 0xFF45, 0xFF46, 0xFF47, 0xFF48, 0xFF49, 0xFF4A, 0xFF4B, 0xFF4C,
	0xFF4D, 0xFF4E, 0xFF4F, 0xFF50, 0xFF51, 0xFF52, 0xFF53, 0xFF54, 0xFF55, 0xFF56, 0xFF57, 0xFF58,
	0xFF59, 0xFF5A, 0x0000, 0x0000, 0x0000, 0x0000, 0x3041, 0x3042, 0x3043, 0x3044, 0x3045, 0x3046,
	0x3047, 0x3048, 0x3049, 0x304A, 0x304B, 0x304C, 0x304D, 0x304E, 0x304F, 0x3050, 0x3051, 0x3052,
	0x3053, 0x3054, 0x3055, 0x3056, 0x3057, 0x3058, 0x3059, 0x305A, 0x305B, 0x305C, 0x305D, 0x305E,
	0x305F, 0x3060, 0x3061, 0x3062, 0x3063, 0x3064, 0x3065, 0x3066, 0x3067, 0x3068, 0x3069, 0x306A,
	0x306B, 0x306C, 0x306D, 0x306E, 0x306F, 0x3070, 0x3071, 0x3072, 0x3073, 0x3074, 0x3075, 0x3076,
	0x3077, 0x3078, 0x3079, 0x307A, 0x307B, 0x307C, 0x307D, 0x307E, 0x307F, 0x3080, 0x3081, 0x3082,
	0x3083, 0x3084, 0x3085, 0x3086, 0x3087, 0x3088, 0x3089, 0x308A, 0x308B, 0x308C, 0x308D, 0x308E,
	0x308F, 0x3090, 0x3091, 0x3092, 0x3093, 0x0000, 0x0000, 0x0000, 0x0000, 0x0000, 0x0000, 0x0000,
	0x0000, 0x0000, 0x0000, 0x0000, 0x30A1, 0x30A2, 0x30A3, 0x30A4, 0x30A5, 0x30A6, 0x30A7, 0x30A8,
	0x30A9, 0x30AA, 0x30AB, 0x30AC, 0x30AD, 0x30AE, 0x30AF, 0x30B0, 0x30B1, 0x30B2, 0x30B3, 0x30B4,
	0x30B5, 0x30B6, 0x30B7, 0x30B8, 0x30B9, 0x30BA, 0x30BB, 0x30BC, 0x30BD, 0x30BE, 0x30BF, 0x30C0,
	0x30C1, 0x30C2, 0x30C3, 0x30C4, 0x30C5, 0x30C6, 0x30C7, 0x30C8, 0x30C9, 0x30CA, 0x30CB, 0x30CC,
	0x30CD, 0x30CE, 0x30CF, 0x30D0, 0x30D1, 0x30D2, 0x30D3, 0x30D4, 0x30D5, 0x30D6, 0x30D7, 0x30D8,
	0x30D9, 0x30DA, 0x30DB, 0x30DC, 0x30DD, 0x30DE, 0x30DF, 0x30E0, 0x30E1, 0x30E2, 0x30E3, 0x30E4,
	0x30E5, 0x30E6, 0x30E7, 0x30E8, 0x30E9, 0x30EA, 0x30EB, 0x30EC, 0x30ED, 0x30EE, 0x30EF, 0x30F0,
	0x30F1, 0x30F2, 0x30F3, 0x30F4, 0x30F5, 0x30F6, 0x0000, 0x0000, 0x0000, 0x0000, 0x0000, 0x0000,
	0x0000, 0x0000, 0x0391, 0x0392, 0x0393, 0x0394, 0x0395, 0x0396, 0x0397, 0x0398, 0x0399, 0x039A,
	0x039B, 0x039C, 0x039D, 0x039E, 0x039F, 0x03A0, 0x03A1, 0x03A3, 0x03A4, 0x03A5, 0x03A6, 0x03A7,
	0x03A8, 0x03A9, 0x0000, 0x0000, 0x0000, 0x0000, 0x0000, 0x0000, 0x0000, 0x0000, 0x03B1, 0x03B2,
	0x03B3, 0x03B4, 0x03B5, 0x03B6, 0x03B7, 0x03B8, 0x03B9, 0x03BA, 0x03BB, 0x03BC, 0x03BD, 0x03BE,
	0x03BF, 0x03C0, 0x03C1, 0x03C3, 0x03C4, 0x03C5, 0x03C6, 0x03C7, 0x03C8, 0x03C9, 0x0000, 0x0000,
	0x0000, 0x0000, 0x0000, 0x0000, 0x0000, 0x0000, 0x0000, 0x0000, 0x0000, 0x0000, 0x0000, 0x0000,
	0x0000, 0x0000, 0x0000, 0x0000, 0x0000, 0x0000, 0x0000, 0x0000, 0x0000, 0x0000, 0x0000, 0x0000,
	0x0000, 0x0000, 0x0000, 0x0000, 0x0000, 0x0000, 0x0000, 0x0000, 0x0000, 0x0000, 0x0000, 0x0000,
	0x0410, 0x0411, 0x0412, 0x0413, 0x0414, 0x0415, 0x0401, 0x0416, 0x0417, 0x0418, 0x0419, 0x041A,
	0x041B, 0x041C, 0x041D, 0x041E, 0x041F, 0x0420, 0x0421, 0x0422, 0x0423, 0x0424, 0x0425, 0x0426,
	0x0427, 0x0428, 0x0429, 0x042A, 0x042B, 0x042C, 0x042D, 0x042E, 0x042F, 0x0000, 0x0000, 0x0000,
	0x0000, 0x0000, 0x0000, 0x0000, 0x0000, 0x0000, 0x0000, 0x0000, 0x0000, 0x0000, 0x0000, 0x0000,
	0x0430, 0x0431, 0x0432, 0x0433, 0x0434, 0x0435, 0x0451, 0x0436, 0x0437, 0x0438, 0x0439, 0x043A,
	0x043B, 0x043C, 0x043D, 0x043E, 0x043F, 0x0440, 0x0441, 0x0442, 0x0443, 0x0444, 0x0445, 0x0446,
	0x0447, 0x0448, 0x0449, 0x044A, 0x044B, 0x044C, 0x044D, 0x044E, 0x044F, 0x0000, 0x0000, 0x0000,
	0x0000, 0x0000, 0x0000, 0x0000, 0x0000, 0x0000, 0x0000, 0x0000, 0x0000, 0x0000, 0x2500, 0x2502,
	0x250C, 0x2510, 0x2518, 0x2514, 0x251C, 0x252C, 0x2524, 0x2534, 0x253C, 0x2501, 0x2503, 0x250F,
	0x2513, 0x251B, 0x2517, 0x2523, 0x2533, 0x252B, 0x253B, 0x254B, 0x2520, 0x252F, 0x2528, 0x2537,
	0x253F, 0x251D, 0x2530, 0x2525, 0x2538, 0x2542, 0x0000, 0x0000, 0x0000, 0x0000, 0x0000, 0x0000,
	0x0000, 0x0000, 0x0000, 0x0000, 0x0000, 0x0000, 0x0000, 0x0000, 0x0000, 0x0000, 0x0000, 0x0000,
	0x0000, 0x0000, 0x0000, 0x0000, 0x0000, 0x0000, 0x0000, 0x0000, 0x0000, 0x0000, 0x0000, 0x0000,
	0x0000, 0x0000, 0x0000, 0x0000, 0x0000, 0x0000, 0x0000, 0x0000, 0x0000, 0x0000, 0x0000, 0x0000,
	0x0000, 0x0000, 0x0000, 0x0000, 0x0000, 0x0000, 0x0000, 0x0000, 0x0000, 0x0000, 0x0000, 0x0000,
	0x0000, 0x0000, 0x0000, 0x0000, 0x0000, 0x0000, 0x0000, 0x0000, 0x0000, 0x0000, 0x0000, 0x0000,
	0x0000, 0x0000, 0x0000, 0x0000, 0x0000, 0x0000, 0x0000, 0x0000, 0x0000, 0x0000, 0x0000, 0x0000,
	0x0000, 0x0000, 0x0000, 0x0000, 0x0000, 0x0000, 0x0000, 0x0000, 0x0000, 0x0000, 0x0000, 0x0000,
	0x0000, 0x0000, 0x0000, 0x0000, 0x0000, 0x0000, 0x0000, 0x0000, 0x0000, 0x0000, 0x0000, 0x0000,
	0x0000, 0x0000, 0x0000, 0x0000, 0x0000, 0x0000, 0x0000, 0x0000, 0x0000, 0x0000, 0x0000, 0x0000,
	0x0000, 0x0000, 0x0000, 0x0000, 0x0000, 0x0000, 0x0000, 0x0000, 0x0000, 0x0000, 0x0000, 0x0000,
	0x0000, 0x0000, 0x0000, 0x0000, 0x0000, 0x0000, 0x0000, 0x0000, 0x0000, 0x0000, 0x0000, 0x0000,
	0x0000, 0x0000, 0x0000, 0x0000, 0x0000, 0x0000, 0x0000, 0x0000, 0x0000, 0x0000, 0x0000, 0x0000,
	0x0000, 0x0000, 0x0000, 0x0000, 0x0000, 0x0000, 0x0000, 0x0000, 0x0000, 0x0000, 0x0000, 0x0000,
	0x0000, 0x0000, 0x0000, 0x0000, 0x0000, 0x0000, 0x0000, 0x0000, 0x0000, 0x0000, 0x0000, 0x0000,
	0x0000, 0x0000, 0x0000, 0x0000, 0x0000, 0x0000, 0x0000, 0x0000, 0x0000, 0x0000, 0x0000, 0x0000,
	0x0000, 0x0000, 0x0000, 0x0000, 0x0000, 0x0000, 0x0000, 0x0000, 0x0000, 0x0000, 0x0000, 0x0000,
	0x0000, 0x0000, 0x0000, 0x0000, 0x0000, 0x0000, 0x0000, 0x0000, 0x0000, 0x0000, 0x0000, 0x0000,
	0x0000, 0x0000, 0x0000, 0x0000, 0x0000, 0x0000, 0x0000, 0x0000, 0x0000, 0x0000, 0x0000, 0x0000,
	0x0000, 0x0000, 0x0000, 0x0000, 0x0000, 0x0000, 0x0000, 0x0000, 0x0000, 0x0000, 0x0000, 0x0000,
	0x0000, 0x0000, 0x0000, 0x0000, 0x0000, 0x0000, 0x0000, 0x0000, 0x0000, 0x0000, 0x0000, 0x0000,
	0x0000, 0x0000, 0x0000, 0x0000, 0x0000, 0x0000, 0x0000, 0x0000, 0x0000, 0x0000, 0x0000, 0x0000,
	0x0000, 0x0000, 0x0000, 0x0000, 0x0000, 0x0000, 0x0000, 0x0000, 0x0000, 0x0000, 0x0000, 0x0000,
	0x0000, 0x0000, 0x0000, 0x0000, 0x0000, 0x0000, 0x0000, 0x0000, 0x0000, 0x0000, 0x0000, 0x0000,
	0x0000, 0x0000, 0x0000, 0x0000, 0x0000, 0x0000, 0x0000, 0x0000, 0x0000, 0x0000, 0x0000, 0x0000,
	0x0000, 0x0000, 0x0000, 0x0000, 0x0000, 0x0000, 0x0000, 0x0000, 0x0000, 0x0000, 0x0000, 0x0000,
	0x0000, 0x0000, 0x0000, 0x0000, 0x0000, 0x0000, 0x0000, 0x0000, 0x0000, 0x0000, 0x0000, 0x0000,
	0x0000, 0x0000, 0x0000, 0x0000, 0x0000, 0x0000, 0x0000, 0x0000, 0x0000, 0x0000, 0x0000, 0x0000,
	0x0000, 0x0000, 0x0000, 0x0000, 0x0000, 0x0000, 0x0000, 0x0000, 0x0000, 0x0000, 0x0000, 0x0000,
	0x0000, 0x0000, 0x0000, 0x0000, 0x0000, 0x0000, 0x0000, 0x0000, 0x0000, 0x0000, 0x0000, 0x0000,
	0x0000, 0x0000, 0x0000, 0x0000, 0x0000, 0x0000, 0x0000, 0x0000, 0x0000, 0x0000, 0x0000, 0x0000,
	0x0000, 0x0000, 0x0000, 0x0000, 0x0000, 0x0000, 0x0000, 0x0000, 0x0000, 0x0000, 0x0000, 0x0000,
	0x0000, 0x0000, 0x0000, 0x0000, 0x0000, 0x0000, 0x0000, 0x0000, 0x0000, 0x0000, 0x0000, 0x0000,
	0x0000, 0x0000, 0x0000, 0x0000, 0x0000, 0x0000, 0x0000, 0x0000, 0x0000, 0x0000, 0x0000, 0x0000,
	0x0000, 0x0000, 0x0000, 0x0000, 0x0000, 0x0000, 0x0000, 0x0000, 0x0000, 0x0000, 0x0000, 0x0000,
	0x0000, 0x0000, 0x0000, 0x0000, 0x0000, 0x0000, 0x0000, 0x0000, 0x0000, 0x0000, 0x0000, 0x0000,
	0x0000, 0x0000, 0x0000, 0x0000, 0x0000, 0x0000, 0x0000, 0x0000, 0x0000, 0x0000, 0x0000, 0x0000,
	0x2460, 0x2461, 0x2462, 0x2463, 0x2464, 0x2465, 0x2466, 0x2467, 0x2468, 0x2469, 0x246A, 0x246B,
	0x246C, 0x246D, 0x246E, 0x246F, 0x2470, 0x2471, 0x2472, 0x2473, 0x2160, 0x2161, 0x2162, 0x2163,
	0x2164, 0x2165, 0x2166, 0x2167, 0x2168, 0x2169, 0x0000, 0x3349, 0x3314, 0x3322, 0x334D, 0x3318,
	0x3327, 0x3303, 0x3336, 0x3351, 0x3357, 0x330D, 0x3326, 0x3323, 0x332B, 0x334A, 0x333B, 0x339C,
	0x339D, 0x339E, 0x338E, 0x338F, 0x33C4, 0x33A1, 0x0000, 0x0000, 0x0000, 0x0000, 0x0000, 0x0000,
	0x0000, 0x0000, 0x337B, 0x301D, 0x301F, 0x2116, 0x33CD, 0x2121, 0x32A4, 0x32A5, 0x32A6, 0x32A7,
	0x32A8, 0x3231, 0x3232, 0x3239, 0x337E, 0x337D, 0x337C, 0x2252, 0x2261, 0x222B, 0x222E, 0x2211,
	0x221A, 0x22A5, 0x2220, 0x221F, 0x22BF, 0x2235, 0x2229, 0x222A, 0x0000, 0x0000, 0x0000, 0x0000,
	0x0000, 0x0000, 0x0000, 0x0000, 0x0000, 0x0000, 0x0000, 0x0000, 0x0000, 0x0000, 0x0000, 0x0000,
	0x0000, 0x0000, 0x0000, 0x0000, 0x0000, 0x0000, 0x0000, 0x0000, 0x0000, 0x0000, 0x0000, 0x0000,
	0x0000, 0x0000, 0x0000, 0x0000, 0x0000, 0x0000, 0x0000, 0x0000, 0x0000, 0x0000, 0x0000, 0x0000,
	0x0000, 0x0000, 0x0000, 0x0000, 0x0000, 0x0000, 0x0000, 0x0000, 0x0000, 0x0000, 0x0000, 0x0000,
	0x0000, 0x0000, 0x0000, 0x0000, 0x0000, 0x0000, 0x0000, 0x0000, 0x0000, 0x0000, 0x0000, 0x0000,
	0x0000, 0x0000, 0x0000, 0x0000, 0x0000, 0x0000, 0x0000, 0x0000, 0x0000, 0x0000, 0x0000, 0x0000,
	0x0000, 0x0000, 0x0000, 0x0000, 0x0000, 0x0000, 0x0000, 0x0000, 0x0000, 0x0000, 0x0000, 0x0000,
	0x0000, 0x0000, 0x0000, 0x0000, 0x0000, 0x0000, 0x0000, 0x0000, 0x0000, 0x0000, 0x0000, 0x0000,
	0x0000, 0x0000, 0x0000, 0x0000, 0x0000, 0x0000, 0x0000, 0x0000, 0x0000, 0x0000, 0x0000, 0x0000,
	0x0000, 0x0000, 0x0000, 0x0000, 0x0000, 0x0000, 0x0000, 0x0000, 0x0000, 0x0000, 0x0000, 0x0000,
	0x0000, 0x0000, 0x0000, 0x0000, 0x0000, 0x0000, 0x0000, 0x0000, 0x0000, 0x0000, 0x0000, 0x0000,
	0x0000, 0x0000, 0x0000, 0x0000, 0x0000, 0x0000, 0x0000, 0x0000, 0x0000, 0x0000, 0x0000, 0x0000,
	0x0000, 0x0000, 0x0000, 0x0000, 0x0000, 0x0000, 0x0000, 0x0000, 0x0000, 0x0000, 0x0000, 0x0000,
	0x0000, 0x0000, 0x0000, 0x0000, 0x0000, 0x0000, 0x0000, 0x0000, 0x0000, 0x0000, 0x0000, 0x0000,
	0x0000, 0x0000, 0x0000, 0x0000, 0x0000, 0x0000, 0x0000, 0x0000, 0x0000, 0x0000, 0x0000, 0x0000,
	0x0000, 0x0000, 0x0000, 0x0000, 0x0000, 0x0000, 0x4E9C, 0x5516, 0x5A03, 0x963F, 0x54C0, 0x611B,
	0x6328, 0x59F6, 0x9022, 0x8475, 0x831C, 0x7A50, 0x60AA, 0x63E1, 0x6E25, 0x65ED, 0x8466, 0x82A6,
	0x9BF5, 0x6893, 0x5727, 0x65A1, 0x6271, 0x5B9B, 0x59D0, 0x867B, 0x98F4, 0x7D62, 0x7DBE, 0x9B8E,
	0x6216, 0x7C9F, 0x88B7, 0x5B89, 0x5EB5, 0x6309, 0x6697, 0x6848, 0x95C7, 0x978D, 0x674F, 0x4EE5,
	0x4F0A, 0x4F4D, 0x4F9D, 0x5049, 0x56F2, 0x5937, 0x59D4, 0x5A01, 0x5C09, 0x60DF, 0x610F, 0x6170,
	0x6613, 0x6905, 0x70BA, 0x754F, 0x7570, 0x79FB, 0x7DAD, 0x7DEF, 0x80C3, 0x840E, 0x8863, 0x8B02,
	0x9055, 0x907A, 0x533B, 0x4E95, 0x4EA5, 0x57DF, 0x80B2, 0x90C1, 0x78EF, 0x4E00, 0x58F1, 0x6EA2,
	0x9038, 0x7A32, 0x8328, 0x828B, 0x9C2F, 0x5141, 0x5370, 0x54BD, 0x54E1, 0x56E0, 0x59FB, 0x5F15,
	0x98F2, 0x6DEB, 0x80E4, 0x852D, 0x9662, 0x9670, 0x96A0, 0x97FB, 0x540B, 0x53F3, 0x5B87, 0x70CF,
	0x7FBD, 0x8FC2, 0x96E8, 0x536F, 0x9D5C, 0x7ABA, 0x4E11, 0x7893, 0x81FC, 0x6E26, 0x5618, 0x5504,
	0x6B1D, 0x851A, 0x9C3B, 0x59E5, 0x53A9, 0x6D66, 0x74DC, 0x958F, 0x5642, 0x4E91, 0x904B, 0x96F2,
	0x834F, 0x990C, 0x53E1, 0x55B6, 0x5B30, 0x5F71, 0x6620, 0x66F3, 0x6804, 0x6C38, 0x6CF3, 0x6D29,
	0x745B, 0x76C8, 0x7A4E, 0x9834, 0x82F1, 0x885B, 0x8A60, 0x92ED, 0x6DB2, 0x75AB, 0x76CA, 0x99C5,
	0x60A6, 0x8B01, 0x8D8A, 0x95B2, 0x698E, 0x53AD, 0x5186, 0x5712, 0x5830, 0x5944, 0x5BB4, 0x5EF6,
	0x6028, 0x63A9, 0x63F4, 0x6CBF, 0x6F14, 0x708E, 0x7114, 0x7159, 0x71D5, 0x733F, 0x7E01, 0x8276,
	0x82D1, 0x8597, 0x9060, 0x925B, 0x9D1B, 0x5869, 0x65BC, 0x6C5A, 0x7525, 0x51F9, 0x592E, 0x5965,
	0x5F80, 0x5FDC, 0x62BC, 0x65FA, 0x6A2A, 0x6B27, 0x6BB4, 0x738B, 0x7FC1, 0x8956, 0x9D2C, 0x9D0E,
	0x9EC4, 0x5CA1, 0x6C96, 0x837B, 0x5104, 0x5C4B, 0x61B6, 0x81C6, 0x6876, 0x7261, 0x4E59, 0x4FFA,
	0x5378, 0x6069, 0x6E29, 0x7A4F, 0x97F3, 0x4E0B, 0x5316, 0x4EEE, 0x4F55, 0x4F3D, 0x4FA1, 0x4F73,
	0x52A0, 0x53EF, 0x5609, 0x590F, 0x5AC1, 0x5BB6, 0x5BE1, 0x79D1, 0x6687, 0x679C, 0x67B6, 0x6B4C,
	0x6CB3, 0x706B, 0x73C2, 0x798D, 0x79BE, 0x7A3C, 0x7B87, 0x82B1, 0x82DB, 0x8304, 0x8377, 0x83EF,
	0x83D3, 0x8766, 0x8AB2, 0x5629, 0x8CA8, 0x8FE6, 0x904E, 0x971E, 0x868A, 0x4FC4, 0x5CE8, 0x6211,
	0x7259, 0x753B, 0x81E5, 0x82BD, 0x86FE, 0x8CC0, 0x96C5, 0x9913, 0x99D5, 0x4ECB, 0x4F1A, 0x89E3,
	0x56DE, 0x584A, 0x58CA, 0x5EFB, 0x5FEB, 0x602A, 0x6094, 0x6062, 0x61D0, 0x6212, 0x62D0, 0x6539,
	0x9B41, 0x6666, 0x68B0, 0x6D77, 0x7070, 0x754C, 0x7686, 0x7D75, 0x82A5, 0x87F9, 0x958B, 0x968E,
	0x8C9D, 0x51F1, 0x52BE, 0x5916, 0x54B3, 0x5BB3, 0x5D16, 0x6168, 0x6982, 0x6DAF, 0x788D, 0x84CB,
	0x8857, 0x8A72, 0x93A7, 0x9AB8, 0x6D6C, 0x99A8, 0x86D9, 0x57A3, 0x67FF, 0x86CE, 0x920E, 0x5283,
	0x5687, 0x5404, 0x5ED3, 0x62E1, 0x64B9, 0x683C, 0x6838, 0x6BBB, 0x7372, 0x78BA, 0x7A6B, 0x899A,
	0x89D2, 0x8D6B, 0x8F03, 0x90ED, 0x95A3, 0x9694, 0x9769, 0x5B66, 0x5CB3, 0x697D, 0x984D, 0x984E,
	0x639B, 0x7B20, 0x6A2B, 0x6A7F, 0x68B6, 0x9C0D, 0x6F5F, 0x5272, 0x559D, 0x6070, 0x62EC, 0x6D3B,
	0x6E07, 0x6ED1, 0x845B, 0x8910, 0x8F44, 0x4E14, 0x9C39, 0x53F6, 0x691B, 0x6A3A, 0x9784, 0x682A,
	0x515C, 0x7AC3, 0x84B2, 0x91DC, 0x938C, 0x565B, 0x9D28, 0x6822, 0x8305, 0x8431, 0x7CA5, 0x5208,
	0x82C5, 0x74E6, 0x4E7E, 0x4F83, 0x51A0, 0x5BD2, 0x520A, 0x52D8, 0x52E7, 0x5DFB, 0x559A, 0x582A,
	0x59E6, 0x5B8C, 0x5B98, 0x5BDB, 0x5E72, 0x5E79, 0x60A3, 0x611F, 0x6163, 0x61BE, 0x63DB, 0x6562,
	0x67D1, 0x6853, 0x68FA, 0x6B3E, 0x6B53, 0x6C57, 0x6F22, 0x6F97, 0x6F45, 0x74B0, 0x7518, 0x76E3,
	0x770B, 0x7AFF, 0x7BA1, 0x7C21, 0x7DE9, 0x7F36, 0x7FF0, 0x809D, 0x8266, 0x839E, 0x89B3, 0x8ACC,
	0x8CAB, 0x9084, 0x9451, 0x9593, 0x9591, 0x95A2, 0x9665, 0x97D3, 0x9928, 0x8218, 0x4E38, 0x542B,
	0x5CB8, 0x5DCC, 0x73A9, 0x764C, 0x773C, 0x5CA9, 0x7FEB, 0x8D0B, 0x96C1, 0x9811, 0x9854, 0x9858,
	0x4F01, 0x4F0E, 0x5371, 0x559C, 0x5668, 0x57FA, 0x5947, 0x5B09, 0x5BC4, 0x5C90, 0x5E0C, 0x5E7E,
	0x5FCC, 0x63EE, 0x673A, 0x65D7, 0x65E2, 0x671F, 0x68CB, 0x68C4, 0x6A5F, 0x5E30, 0x6BC5, 0x6C17,
	0x6C7D, 0x757F, 0x7948, 0x5B63, 0x7A00, 0x7D00, 0x5FBD, 0x898F, 0x8A18, 0x8CB4, 0x8D77, 0x8ECC,
	0x8F1D, 0x98E2, 0x9A0E, 0x9B3C, 0x4E80, 0x507D, 0x5100, 0x5993, 0x5B9C, 0x622F, 0x6280, 0x64EC,
	0x6B3A, 0x72A0, 0x7591, 0x7947, 0x7FA9, 0x87FB, 0x8ABC, 0x8B70, 0x63AC, 0x83CA, 0x97A0, 0x5409,
	0x5403, 0x55AB, 0x6854, 0x6A58, 0x8A70, 0x7827, 0x6775, 0x9ECD, 0x5374, 0x5BA2, 0x811A, 0x8650,
	0x9006, 0x4E18, 0x4E45, 0x4EC7, 0x4F11, 0x53CA, 0x5438, 0x5BAE, 0x5F13, 0x6025, 0x6551, 0x673D,
	0x6C42, 0x6C72, 0x6CE3, 0x7078, 0x7403, 0x7A76, 0x7AAE, 0x7B08, 0x7D1A, 0x7CFE, 0x7D66, 0x65E7,
	0x725B, 0x53BB, 0x5C45, 0x5DE8, 0x62D2, 0x62E0, 0x6319, 0x6E20, 0x865A, 0x8A31, 0x8DDD, 0x92F8,
	0x6F01, 0x79A6, 0x9B5A, 0x4EA8, 0x4EAB, 0x4EAC, 0x4F9B, 0x4FA0, 0x50D1, 0x5147, 0x7AF6, 0x5171,
	0x51F6, 0x5354, 0x5321, 0x537F, 0x53EB, 0x55AC, 0x5883, 0x5CE1, 0x5F37, 0x5F4A, 0x602F, 0x6050,
	0x606D, 0x631F, 0x6559, 0x6A4B, 0x6CC1, 0x72C2, 0x72ED, 0x77EF, 0x80F8, 0x8105, 0x8208, 0x854E,
	0x90F7, 0x93E1, 0x97FF, 0x9957, 0x9A5A, 0x4EF0, 0x51DD, 0x5C2D, 0x6681, 0x696D, 0x5C40, 0x66F2,
	0x6975, 0x7389, 0x6850, 0x7C81, 0x50C5, 0x52E4, 0x5747, 0x5DFE, 0x9326, 0x65A4, 0x6B23, 0x6B3D,
	0x7434, 0x7981, 0x79BD, 0x7B4B, 0x7DCA, 0x82B9, 0x83CC, 0x887F, 0x895F, 0x8B39, 0x8FD1, 0x91D1,
	0x541F, 0x9280, 0x4E5D, 0x5036, 0x53E5, 0x533A, 0x72D7, 0x7396, 0x77E9, 0x82E6, 0x8EAF, 0x99C6,
	0x99C8, 0x99D2, 0x5177, 0x611A, 0x865E, 0x55B0, 0x7A7A, 0x5076, 0x5BD3, 0x9047, 0x9685, 0x4E32,
	0x6ADB, 0x91E7, 0x5C51, 0x5C48, 0x6398, 0x7A9F, 0x6C93, 0x9774, 0x8F61, 0x7AAA, 0x718A, 0x9688,
	0x7C82, 0x6817, 0x7E70, 0x6851, 0x936C, 0x52F2, 0x541B, 0x85AB, 0x8A13, 0x7FA4, 0x8ECD, 0x90E1,
	0x5366, 0x8888, 0x7941, 0x4FC2, 0x50BE, 0x5211, 0x5144, 0x5553, 0x572D, 0x73EA, 0x578B, 0x5951,
	0x5F62, 0x5F84, 0x6075, 0x6176, 0x6167, 0x61A9, 0x63B2, 0x643A, 0x656C, 0x666F, 0x6842, 0x6E13,
	0x7566, 0x7A3D, 0x7CFB, 0x7D4C, 0x7D99, 0x7E4B, 0x7F6B, 0x830E, 0x834A, 0x86CD, 0x8A08, 0x8A63,
	0x8B66, 0x8EFD, 0x981A, 0x9D8F, 0x82B8, 0x8FCE, 0x9BE8, 0x5287, 0x621F, 0x6483, 0x6FC0, 0x9699,
	0x6841, 0x5091, 0x6B20, 0x6C7A, 0x6F54, 0x7A74, 0x7D50, 0x8840, 0x8A23, 0x6708, 0x4EF6, 0x5039,
	0x5026, 0x5065, 0x517C, 0x5238, 0x5263, 0x55A7, 0x570F, 0x5805, 0x5ACC, 0x5EFA, 0x61B2, 0x61F8,
	0x62F3, 0x6372, 0x691C, 0x6A29, 0x727D, 0x72AC, 0x732E, 0x7814, 0x786F, 0x7D79, 0x770C, 0x80A9,
	0x898B, 0x8B19, 0x8CE2, 0x8ED2, 0x9063, 0x9375, 0x967A, 0x9855, 0x9A13, 0x9E78, 0x5143, 0x539F,
	0x53B3, 0x5E7B, 0x5F26, 0x6E1B, 0x6E90, 0x7384, 0x73FE, 0x7D43, 0x8237, 0x8A00, 0x8AFA, 0x9650,
	0x4E4E, 0x500B, 0x53E4, 0x547C, 0x56FA, 0x59D1, 0x5B64, 0x5DF1, 0x5EAB, 0x5F27, 0x6238, 0x6545,
	0x67AF, 0x6E56, 0x72D0, 0x7CCA, 0x88B4, 0x80A1, 0x80E1, 0x83F0, 0x864E, 0x8A87, 0x8DE8, 0x9237,
	0x96C7, 0x9867, 0x9F13, 0x4E94, 0x4E92, 0x4F0D, 0x5348, 0x5449, 0x543E, 0x5A2F, 0x5F8C, 0x5FA1,
	0x609F, 0x68A7, 0x6A8E, 0x745A, 0x7881, 0x8A9E, 0x8AA4, 0x8B77, 0x9190, 0x4E5E, 0x9BC9, 0x4EA4,
	0x4F7C, 0x4FAF, 0x5019, 0x5016, 0x5149, 0x516C, 0x529F, 0x52B9, 0x52FE, 0x539A, 0x53E3, 0x5411,
	0x540E, 0x5589, 0x5751, 0x57A2, 0x597D, 0x5B54, 0x5B5D, 0x5B8F, 0x5DE5, 0x5DE7, 0x5DF7, 0x5E78,
	0x5E83, 0x5E9A, 0x5EB7, 0x5F18, 0x6052, 0x614C, 0x6297, 0x62D8, 0x63A7, 0x653B, 0x6602, 0x6643,
	0x66F4, 0x676D, 0x6821, 0x6897, 0x69CB, 0x6C5F, 0x6D2A, 0x6D69, 0x6E2F, 0x6E9D, 0x7532, 0x7687,
	0x786C, 0x7A3F, 0x7CE0, 0x7D05, 0x7D18, 0x7D5E, 0x7DB1, 0x8015, 0x8003, 0x80AF, 0x80B1, 0x8154,
	0x818F, 0x822A, 0x8352, 0x884C, 0x8861, 0x8B1B, 0x8CA2, 0x8CFC, 0x90CA, 0x9175, 0x9271, 0x783F,
	0x92FC, 0x95A4, 0x964D, 0x9805, 0x9999, 0x9AD8, 0x9D3B, 0x525B, 0x52AB, 0x53F7, 0x5408, 0x58D5,
	0x62F7, 0x6FE0, 0x8C6A, 0x8F5F, 0x9EB9, 0x514B, 0x523B, 0x544A, 0x56FD, 0x7A40, 0x9177, 0x9D60,
	0x9ED2, 0x7344, 0x6F09, 0x8170, 0x7511, 0x5FFD, 0x60DA, 0x9AA8, 0x72DB, 0x8FBC, 0x6B64, 0x9803,
	0x4ECA, 0x56F0, 0x5764, 0x58BE, 0x5A5A, 0x6068, 0x61C7, 0x660F, 0x6606, 0x6839, 0x68B1, 0x6DF7,
	0x75D5, 0x7D3A, 0x826E, 0x9B42, 0x4E9B, 0x4F50, 0x53C9, 0x5506, 0x5D6F, 0x5DE6, 0x5DEE, 0x67FB,
	0x6C99, 0x7473, 0x7802, 0x8A50, 0x9396, 0x88DF, 0x5750, 0x5EA7, 0x632B, 0x50B5, 0x50AC, 0x518D,
	0x6700, 0x54C9, 0x585E, 0x59BB, 0x5BB0, 0x5F69, 0x624D, 0x63A1, 0x683D, 0x6B73, 0x6E08, 0x707D,
	0x91C7, 0x7280, 0x7815, 0x7826, 0x796D, 0x658E, 0x7D30, 0x83DC, 0x88C1, 0x8F09, 0x969B, 0x5264,
	0x5728, 0x6750, 0x7F6A, 0x8CA1, 0x51B4, 0x5742, 0x962A, 0x583A, 0x698A, 0x80B4, 0x54B2, 0x5D0E,
	0x57FC, 0x7895, 0x9DFA, 0x4F5C, 0x524A, 0x548B, 0x643E, 0x6628, 0x6714, 0x67F5, 0x7A84, 0x7B56,
	0x7D22, 0x932F, 0x685C, 0x9BAD, 0x7B39, 0x5319, 0x518A, 0x5237, 0x5BDF, 0x62F6, 0x64AE, 0x64E6,
	0x672D, 0x6BBA, 0x85A9, 0x96D1, 0x7690, 0x9BD6, 0x634C, 0x9306, 0x9BAB, 0x76BF, 0x6652, 0x4E09,
	0x5098, 0x53C2, 0x5C71, 0x60E8, 0x6492, 0x6563, 0x685F, 0x71E6, 0x73CA, 0x7523, 0x7B97, 0x7E82,
	0x8695, 0x8B83, 0x8CDB, 0x9178, 0x9910, 0x65AC, 0x66AB, 0x6B8B, 0x4ED5, 0x4ED4, 0x4F3A, 0x4F7F,
	0x523A, 0x53F8, 0x53F2, 0x55E3, 0x56DB, 0x58EB, 0x59CB, 0x59C9, 0x59FF, 0x5B50, 0x5C4D, 0x5E02,
	0x5E2B, 0x5FD7, 0x601D, 0x6307, 0x652F, 0x5B5C, 0x65AF, 0x65BD, 0x65E8, 0x679D, 0x6B62, 0x6B7B,
	0x6C0F, 0x7345, 0x7949, 0x79C1, 0x7CF8, 0x7D19, 0x7D2B, 0x80A2, 0x8102, 0x81F3, 0x8996, 0x8A5E,
	0x8A69, 0x8A66, 0x8A8C, 0x8AEE, 0x8CC7, 0x8CDC, 0x96CC, 0x98FC, 0x6B6F, 0x4E8B, 0x4F3C, 0x4F8D,
	0x5150, 0x5B57, 0x5BFA, 0x6148, 0x6301, 0x6642, 0x6B21, 0x6ECB, 0x6CBB, 0x723E, 0x74BD, 0x75D4,
	0x78C1, 0x793A, 0x800C, 0x8033, 0x81EA, 0x8494, 0x8F9E, 0x6C50, 0x9E7F, 0x5F0F, 0x8B58, 0x9D2B,
	0x7AFA, 0x8EF8, 0x5B8D, 0x96EB, 0x4E03, 0x53F1, 0x57F7, 0x5931, 0x5AC9, 0x5BA4, 0x6089, 0x6E7F,
	0x6F06, 0x75BE, 0x8CEA, 0x5B9F, 0x8500, 0x7BE0, 0x5072, 0x67F4, 0x829D, 0x5C61, 0x854A, 0x7E1E,
	0x820E, 0x5199, 0x5C04, 0x6368, 0x8D66, 0x659C, 0x716E, 0x793E, 0x7D17, 0x8005, 0x8B1D, 0x8ECA,
	0x906E, 0x86C7, 0x90AA, 0x501F, 0x52FA, 0x5C3A, 0x6753, 0x707C, 0x7235, 0x914C, 0x91C8, 0x932B,
	0x82E5, 0x5BC2, 0x5F31, 0x60F9, 0x4E3B, 0x53D6, 0x5B88, 0x624B, 0x6731, 0x6B8A, 0x72E9, 0x73E0,
	0x7A2E, 0x816B, 0x8DA3, 0x9152, 0x9996, 0x5112, 0x53D7, 0x546A, 0x5BFF, 0x6388, 0x6A39, 0x7DAC,
	0x9700, 0x56DA, 0x53CE, 0x5468, 0x5B97, 0x5C31, 0x5DDE, 0x4FEE, 0x6101, 0x62FE, 0x6D32, 0x79C0,
	0x79CB, 0x7D42, 0x7E4D, 0x7FD2, 0x81ED, 0x821F, 0x8490, 0x8846, 0x8972, 0x8B90, 0x8E74, 0x8F2F,
	0x9031, 0x914B, 0x916C, 0x96C6, 0x919C, 0x4EC0, 0x4F4F, 0x5145, 0x5341, 0x5F93, 0x620E, 0x67D4,
	0x6C41, 0x6E0B, 0x7363, 0x7E26, 0x91CD, 0x9283, 0x53D4, 0x5919, 0x5BBF, 0x6DD1, 0x795D, 0x7E2E,
	0x7C9B, 0x587E, 0x719F, 0x51FA, 0x8853, 0x8FF0, 0x4FCA, 0x5CFB, 0x6625, 0x77AC, 0x7AE3, 0x821C,
	0x99FF, 0x51C6, 0x5FAA, 0x65EC, 0x696F, 0x6B89, 0x6DF3, 0x6E96, 0x6F64, 0x76FE, 0x7D14, 0x5DE1,
	0x9075, 0x9187, 0x9806, 0x51E6, 0x521D, 0x6240, 0x6691, 0x66D9, 0x6E1A, 0x5EB6, 0x7DD2, 0x7F72,
	0x66F8, 0x85AF, 0x85F7, 0x8AF8, 0x52A9, 0x53D9, 0x5973, 0x5E8F, 0x5F90, 0x6055, 0x92E4, 0x9664,
	0x50B7, 0x511F, 0x52DD, 0x5320, 0x5347, 0x53EC, 0x54E8, 0x5546, 0x5531, 0x5617, 0x5968, 0x59BE,
	0x5A3C, 0x5BB5, 0x5C06, 0x5C0F, 0x5C11, 0x5C1A, 0x5E84, 0x5E8A, 0x5EE0, 0x5F70, 0x627F, 0x6284,
	0x62DB, 0x638C, 0x6377, 0x6607, 0x660C, 0x662D, 0x6676, 0x677E, 0x68A2, 0x6A1F, 0x6A35, 0x6CBC,
	0x6D88, 0x6E09, 0x6E58, 0x713C, 0x7126, 0x7167, 0x75C7, 0x7701, 0x785D, 0x7901, 0x7965, 0x79F0,
	0x7AE0, 0x7B11, 0x7CA7, 0x7D39, 0x8096, 0x83D6, 0x848B, 0x8549, 0x885D, 0x88F3, 0x8A1F, 0x8A3C,
	0x8A54, 0x8A73, 0x8C61, 0x8CDE, 0x91A4, 0x9266, 0x937E, 0x9418, 0x969C, 0x9798, 0x4E0A, 0x4E08,
	0x4E1E, 0x4E57, 0x5197, 0x5270, 0x57CE, 0x5834, 0x58CC, 0x5B22, 0x5E38, 0x60C5, 0x64FE, 0x6761,
	0x6756, 0x6D44, 0x72B6, 0x7573, 0x7A63, 0x84B8, 0x8B72, 0x91B8, 0x9320, 0x5631, 0x57F4, 0x98FE,
	0x62ED, 0x690D, 0x6B96, 0x71ED, 0x7E54, 0x8077, 0x8272, 0x89E6, 0x98DF, 0x8755, 0x8FB1, 0x5C3B,
	0x4F38, 0x4FE1, 0x4FB5, 0x5507, 0x5A20, 0x5BDD, 0x5BE9, 0x5FC3, 0x614E, 0x632F, 0x65B0, 0x664B,
	0x68EE, 0x699B, 0x6D78, 0x6DF1, 0x7533, 0x75B9, 0x771F, 0x795E, 0x79E6, 0x7D33, 0x81E3, 0x82AF,
	0x85AA, 0x89AA, 0x8A3A, 0x8EAB, 0x8F9B, 0x9032, 0x91DD, 0x9707, 0x4EBA, 0x4EC1, 0x5203, 0x5875,
	0x58EC, 0x5C0B, 0x751A, 0x5C3D, 0x814E, 0x8A0A, 0x8FC5, 0x9663, 0x976D, 0x7B25, 0x8ACF, 0x9808,
	0x9162, 0x56F3, 0x53A8, 0x9017, 0x5439, 0x5782, 0x5E25, 0x63A8, 0x6C34, 0x708A, 0x7761, 0x7C8B,
	0x7FE0, 0x8870, 0x9042, 0x9154, 0x9310, 0x9318, 0x968F, 0x745E, 0x9AC4, 0x5D07, 0x5D69, 0x6570,
	0x67A2, 0x8DA8, 0x96DB, 0x636E, 0x6749, 0x6919, 0x83C5, 0x9817, 0x96C0, 0x88FE, 0x6F84, 0x647A,
	0x5BF8, 0x4E16, 0x702C, 0x755D, 0x662F, 0x51C4, 0x5236, 0x52E2, 0x59D3, 0x5F81, 0x6027, 0x6210,
	0x653F, 0x6574, 0x661F, 0x6674, 0x68F2, 0x6816, 0x6B63, 0x6E05, 0x7272, 0x751F, 0x76DB, 0x7CBE,
	0x8056, 0x58F0, 0x88FD, 0x897F, 0x8AA0, 0x8A93, 0x8ACB, 0x901D, 0x9192, 0x9752, 0x9759, 0x6589,
	0x7A0E, 0x8106, 0x96BB, 0x5E2D, 0x60DC, 0x621A, 0x65A5, 0x6614, 0x6790, 0x77F3, 0x7A4D, 0x7C4D,
	0x7E3E, 0x810A, 0x8CAC, 0x8D64, 0x8DE1, 0x8E5F, 0x78A9, 0x5207, 0x62D9, 0x63A5, 0x6442, 0x6298,
	0x8A2D, 0x7A83, 0x7BC0, 0x8AAC, 0x96EA, 0x7D76, 0x820C, 0x8749, 0x4ED9, 0x5148, 0x5343, 0x5360,
	0x5BA3, 0x5C02, 0x5C16, 0x5DDD, 0x6226, 0x6247, 0x64B0, 0x6813, 0x6834, 0x6CC9, 0x6D45, 0x6D17,
	0x67D3, 0x6F5C, 0x714E, 0x717D, 0x65CB, 0x7A7F, 0x7BAD, 0x7DDA, 0x7E4A, 0x7FA8, 0x817A, 0x821B,
	0x8239, 0x85A6, 0x8A6E, 0x8CCE, 0x8DF5, 0x9078, 0x9077, 0x92AD, 0x9291, 0x9583, 0x9BAE, 0x524D,
	0x5584, 0x6F38, 0x7136, 0x5168, 0x7985, 0x7E55, 0x81B3, 0x7CCE, 0x564C, 0x5851, 0x5CA8, 0x63AA,
	0x66FE, 0x66FD, 0x695A, 0x72D9, 0x758F, 0x758E, 0x790E, 0x7956, 0x79DF, 0x7C97, 0x7D20, 0x7D44,
	0x8607, 0x8A34, 0x963B, 0x9061, 0x9F20, 0x50E7, 0x5275, 0x53CC, 0x53E2, 0x5009, 0x55AA, 0x58EE,
	0x594F, 0x723D, 0x5B8B, 0x5C64, 0x531D, 0x60E3, 0x60F3, 0x635C, 0x6383, 0x633F, 0x63BB, 0x64CD,
	0x65E9, 0x66F9, 0x5DE3, 0x69CD, 0x69FD, 0x6F15, 0x71E5, 0x4E89, 0x75E9, 0x76F8, 0x7A93, 0x7CDF,
	0x7DCF, 0x7D9C, 0x8061, 0x8349, 0x8358, 0x846C, 0x84BC, 0x85FB, 0x88C5, 0x8D70, 0x9001, 0x906D,
	0x9397, 0x971C, 0x9A12, 0x50CF, 0x5897, 0x618E, 0x81D3, 0x8535, 0x8D08, 0x9020, 0x4FC3, 0x5074,
	0x5247, 0x5373, 0x606F, 0x6349, 0x675F, 0x6E2C, 0x8DB3, 0x901F, 0x4FD7, 0x5C5E, 0x8CCA, 0x65CF,
	0x7D9A, 0x5352, 0x8896, 0x5176, 0x63C3, 0x5B58, 0x5B6B, 0x5C0A, 0x640D, 0x6751, 0x905C, 0x4ED6,
	0x591A, 0x592A, 0x6C70, 0x8A51, 0x553E, 0x5815, 0x59A5, 0x60F0, 0x6253, 0x67C1, 0x8235, 0x6955,
	0x9640, 0x99C4, 0x9A28, 0x4F53, 0x5806, 0x5BFE, 0x8010, 0x5CB1, 0x5E2F, 0x5F85, 0x6020, 0x614B,
	0x6234, 0x66FF, 0x6CF0, 0x6EDE, 0x80CE, 0x817F, 0x82D4, 0x888B, 0x8CB8, 0x9000, 0x902E, 0x968A,
	0x9EDB, 0x9BDB, 0x4EE3, 0x53F0, 0x5927, 0x7B2C, 0x918D, 0x984C, 0x9DF9, 0x6EDD, 0x7027, 0x5353,
	0x5544, 0x5B85, 0x6258, 0x629E, 0x62D3, 0x6CA2, 0x6FEF, 0x7422, 0x8A17, 0x9438, 0x6FC1, 0x8AFE,
	0x8338, 0x51E7, 0x86F8, 0x53EA, 0x53E9, 0x4F46, 0x9054, 0x8FB0, 0x596A, 0x8131, 0x5DFD, 0x7AEA,
	0x8FBF, 0x68DA, 0x8C37, 0x72F8, 0x9C48, 0x6A3D, 0x8AB0, 0x4E39, 0x5358, 0x5606, 0x5766, 0x62C5,
	0x63A2, 0x65E6, 0x6B4E, 0x6DE1, 0x6E5B, 0x70AD, 0x77ED, 0x7AEF, 0x7BAA, 0x7DBB, 0x803D, 0x80C6,
	0x86CB, 0x8A95, 0x935B, 0x56E3, 0x58C7, 0x5F3E, 0x65AD, 0x6696, 0x6A80, 0x6BB5, 0x7537, 0x8AC7,
	0x5024, 0x77E5, 0x5730, 0x5F1B, 0x6065, 0x667A, 0x6C60, 0x75F4, 0x7A1A, 0x7F6E, 0x81F4, 0x8718,
	0x9045, 0x99B3, 0x7BC9, 0x755C, 0x7AF9, 0x7B51, 0x84C4, 0x9010, 0x79E9, 0x7A92, 0x8336, 0x5AE1,
	0x7740, 0x4E2D, 0x4EF2, 0x5B99, 0x5FE0, 0x62BD, 0x663C, 0x67F1, 0x6CE8, 0x866B, 0x8877, 0x8A3B,
	0x914E, 0x92F3, 0x99D0, 0x6A17, 0x7026, 0x732A, 0x82E7, 0x8457, 0x8CAF, 0x4E01, 0x5146, 0x51CB,
	0x558B, 0x5BF5, 0x5E16, 0x5E33, 0x5E81, 0x5F14, 0x5F35, 0x5F6B, 0x5FB4, 0x61F2, 0x6311, 0x66A2,
	0x671D, 0x6F6E, 0x7252, 0x753A, 0x773A, 0x8074, 0x8139, 0x8178, 0x8776, 0x8ABF, 0x8ADC, 0x8D85,
	0x8DF3, 0x929A, 0x9577, 0x9802, 0x9CE5, 0x52C5, 0x6357, 0x76F4, 0x6715, 0x6C88, 0x73CD, 0x8CC3,
	0x93AE, 0x9673, 0x6D25, 0x589C, 0x690E, 0x69CC, 0x8FFD, 0x939A, 0x75DB, 0x901A, 0x585A, 0x6802,
	0x63B4, 0x69FB, 0x4F43, 0x6F2C, 0x67D8, 0x8FBB, 0x8526, 0x7DB4, 0x9354, 0x693F, 0x6F70, 0x576A,
	0x58F7, 0x5B2C, 0x7D2C, 0x722A, 0x540A, 0x91E3, 0x9DB4, 0x4EAD, 0x4F4E, 0x505C, 0x5075, 0x5243,
	0x8C9E, 0x5448, 0x5824, 0x5B9A, 0x5E1D, 0x5E95, 0x5EAD, 0x5EF7, 0x5F1F, 0x608C, 0x62B5, 0x633A,
	0x63D0, 0x68AF, 0x6C40, 0x7887, 0x798E, 0x7A0B, 0x7DE0, 0x8247, 0x8A02, 0x8AE6, 0x8E44, 0x9013,
	0x90B8, 0x912D, 0x91D8, 0x9F0E, 0x6CE5, 0x6458, 0x64E2, 0x6575, 0x6EF4, 0x7684, 0x7B1B, 0x9069,
	0x93D1, 0x6EBA, 0x54F2, 0x5FB9, 0x64A4, 0x8F4D, 0x8FED, 0x9244, 0x5178, 0x586B, 0x5929, 0x5C55,
	0x5E97, 0x6DFB, 0x7E8F, 0x751C, 0x8CBC, 0x8EE2, 0x985B, 0x70B9, 0x4F1D, 0x6BBF, 0x6FB1, 0x7530,
	0x96FB, 0x514E, 0x5410, 0x5835, 0x5857, 0x59AC, 0x5C60, 0x5F92, 0x6597, 0x675C, 0x6E21, 0x767B,
	0x83DF, 0x8CED, 0x9014, 0x90FD, 0x934D, 0x7825, 0x783A, 0x52AA, 0x5EA6, 0x571F, 0x5974, 0x6012,
	0x5012, 0x515A, 0x51AC, 0x51CD, 0x5200, 0x5510, 0x5854, 0x5858, 0x5957, 0x5B95, 0x5CF6, 0x5D8B,
	0x60BC, 0x6295, 0x642D, 0x6771, 0x6843, 0x68BC, 0x68DF, 0x76D7, 0x6DD8, 0x6E6F, 0x6D9B, 0x706F,
	0x71C8, 0x5F53, 0x75D8, 0x7977, 0x7B49, 0x7B54, 0x7B52, 0x7CD6, 0x7D71, 0x5230, 0x8463, 0x8569,
	0x85E4, 0x8A0E, 0x8B04, 0x8C46, 0x8E0F, 0x9003, 0x900F, 0x9419, 0x9676, 0x982D, 0x9A30, 0x95D8,
	0x50CD, 0x52D5, 0x540C, 0x5802, 0x5C0E, 0x61A7, 0x649E, 0x6D1E, 0x77B3, 0x7AE5, 0x80F4, 0x8404,
	0x9053, 0x9285, 0x5CE0, 0x9D07, 0x533F, 0x5F97, 0x5FB3, 0x6D9C, 0x7279, 0x7763, 0x79BF, 0x7BE4,
	0x6BD2, 0x72EC, 0x8AAD, 0x6803, 0x6A61, 0x51F8, 0x7A81, 0x6934, 0x5C4A, 0x9CF6, 0x82EB, 0x5BC5,
	0x9149, 0x701E, 0x5678, 0x5C6F, 0x60C7, 0x6566, 0x6C8C, 0x8C5A, 0x9041, 0x9813, 0x5451, 0x66C7,
	0x920D, 0x5948, 0x90A3, 0x5185, 0x4E4D, 0x51EA, 0x8599, 0x8B0E, 0x7058, 0x637A, 0x934B, 0x6962,
	0x99B4, 0x7E04, 0x7577, 0x5357, 0x6960, 0x8EDF, 0x96E3, 0x6C5D, 0x4E8C, 0x5C3C, 0x5F10, 0x8FE9,
	0x5302, 0x8CD1, 0x8089, 0x8679, 0x5EFF, 0x65E5, 0x4E73, 0x5165, 0x5982, 0x5C3F, 0x97EE, 0x4EFB,
	0x598A, 0x5FCD, 0x8A8D, 0x6FE1, 0x79B0, 0x7962, 0x5BE7, 0x8471, 0x732B, 0x71B1, 0x5E74, 0x5FF5,
	0x637B, 0x649A, 0x71C3, 0x7C98, 0x4E43, 0x5EFC, 0x4E4B, 0x57DC, 0x56A2, 0x60A9, 0x6FC3, 0x7D0D,
	0x80FD, 0x8133, 0x81BF, 0x8FB2, 0x8997, 0x86A4, 0x5DF4, 0x628A, 0x64AD, 0x8987, 0x6777, 0x6CE2,
	0x6D3E, 0x7436, 0x7834, 0x5A46, 0x7F75, 0x82AD, 0x99AC, 0x4FF3, 0x5EC3, 0x62DD, 0x6392, 0x6557,
	0x676F, 0x76C3, 0x724C, 0x80CC, 0x80BA, 0x8F29, 0x914D, 0x500D, 0x57F9, 0x5A92, 0x6885, 0x6973,
	0x7164, 0x72FD, 0x8CB7, 0x58F2, 0x8CE0, 0x966A, 0x9019, 0x877F, 0x79E4, 0x77E7, 0x8429, 0x4F2F,
	0x5265, 0x535A, 0x62CD, 0x67CF, 0x6CCA, 0x767D, 0x7B94, 0x7C95, 0x8236, 0x8584, 0x8FEB, 0x66DD,
	0x6F20, 0x7206, 0x7E1B, 0x83AB, 0x99C1, 0x9EA6, 0x51FD, 0x7BB1, 0x7872, 0x7BB8, 0x8087, 0x7B48,
	0x6AE8, 0x5E61, 0x808C, 0x7551, 0x7560, 0x516B, 0x9262, 0x6E8C, 0x767A, 0x9197, 0x9AEA, 0x4F10,
	0x7F70, 0x629C, 0x7B4F, 0x95A5, 0x9CE9, 0x567A, 0x5859, 0x86E4, 0x96BC, 0x4F34, 0x5224, 0x534A,
	0x53CD, 0x53DB, 0x5E06, 0x642C, 0x6591, 0x677F, 0x6C3E, 0x6C4E, 0x7248, 0x72AF, 0x73ED, 0x7554,
	0x7E41, 0x822C, 0x85E9, 0x8CA9, 0x7BC4, 0x91C6, 0x7169, 0x9812, 0x98EF, 0x633D, 0x6669, 0x756A,
	0x76E4, 0x78D0, 0x8543, 0x86EE, 0x532A, 0x5351, 0x5426, 0x5983, 0x5E87, 0x5F7C, 0x60B2, 0x6249,
	0x6279, 0x62AB, 0x6590, 0x6BD4, 0x6CCC, 0x75B2, 0x76AE, 0x7891, 0x79D8, 0x7DCB, 0x7F77, 0x80A5,
	0x88AB, 0x8AB9, 0x8CBB, 0x907F, 0x975E, 0x98DB, 0x6A0B, 0x7C38, 0x5099, 0x5C3E, 0x5FAE, 0x6787,
	0x6BD8, 0x7435, 0x7709, 0x7F8E, 0x9F3B, 0x67CA, 0x7A17, 0x5339, 0x758B, 0x9AED, 0x5F66, 0x819D,
	0x83F1, 0x8098, 0x5F3C, 0x5FC5, 0x7562, 0x7B46, 0x903C, 0x6867, 0x59EB, 0x5A9B, 0x7D10, 0x767E,
	0x8B2C, 0x4FF5, 0x5F6A, 0x6A19, 0x6C37, 0x6F02, 0x74E2, 0x7968, 0x8868, 0x8A55, 0x8C79, 0x5EDF,
	0x63CF, 0x75C5, 0x79D2, 0x82D7, 0x9328, 0x92F2, 0x849C, 0x86ED, 0x9C2D, 0x54C1, 0x5F6C, 0x658C,
	0x6D5C, 0x7015, 0x8CA7, 0x8CD3, 0x983B, 0x654F, 0x74F6, 0x4E0D, 0x4ED8, 0x57E0, 0x592B, 0x5A66,
	0x5BCC, 0x51A8, 0x5E03, 0x5E9C, 0x6016, 0x6276, 0x6577, 0x65A7, 0x666E, 0x6D6E, 0x7236, 0x7B26,
	0x8150, 0x819A, 0x8299, 0x8B5C, 0x8CA0, 0x8CE6, 0x8D74, 0x961C, 0x9644, 0x4FAE, 0x64AB, 0x6B66,
	0x821E, 0x8461, 0x856A, 0x90E8, 0x5C01, 0x6953, 0x98A8, 0x847A, 0x8557, 0x4F0F, 0x526F, 0x5FA9,
	0x5E45, 0x670D, 0x798F, 0x8179, 0x8907, 0x8986, 0x6DF5, 0x5F17, 0x6255, 0x6CB8, 0x4ECF, 0x7269,
	0x9B92, 0x5206, 0x543B, 0x5674, 0x58B3, 0x61A4, 0x626E, 0x711A, 0x596E, 0x7C89, 0x7CDE, 0x7D1B,
	0x96F0, 0x6587, 0x805E, 0x4E19, 0x4F75, 0x5175, 0x5840, 0x5E63, 0x5E73, 0x5F0A, 0x67C4, 0x4E26,
	0x853D, 0x9589, 0x965B, 0x7C73, 0x9801, 0x50FB, 0x58C1, 0x7656, 0x78A7, 0x5225, 0x77A5, 0x8511,
	0x7B86, 0x504F, 0x5909, 0x7247, 0x7BC7, 0x7DE8, 0x8FBA, 0x8FD4, 0x904D, 0x4FBF, 0x52C9, 0x5A29,
	0x5F01, 0x97AD, 0x4FDD, 0x8217, 0x92EA, 0x5703, 0x6355, 0x6B69, 0x752B, 0x88DC, 0x8F14, 0x7A42,
	0x52DF, 0x5893, 0x6155, 0x620A, 0x66AE, 0x6BCD, 0x7C3F, 0x83E9, 0x5023, 0x4FF8, 0x5305, 0x5446,
	0x5831, 0x5949, 0x5B9D, 0x5CF0, 0x5CEF, 0x5D29, 0x5E96, 0x62B1, 0x6367, 0x653E, 0x65B9, 0x670B,
	0x6CD5, 0x6CE1, 0x70F9, 0x7832, 0x7E2B, 0x80DE, 0x82B3, 0x840C, 0x84EC, 0x8702, 0x8912, 0x8A2A,
	0x8C4A, 0x90A6, 0x92D2, 0x98FD, 0x9CF3, 0x9D6C, 0x4E4F, 0x4EA1, 0x508D, 0x5256, 0x574A, 0x59A8,
	0x5E3D, 0x5FD8, 0x5FD9, 0x623F, 0x66B4, 0x671B, 0x67D0, 0x68D2, 0x5192, 0x7D21, 0x80AA, 0x81A8,
	0x8B00, 0x8C8C, 0x8CBF, 0x927E, 0x9632, 0x5420, 0x982C, 0x5317, 0x50D5, 0x535C, 0x58A8, 0x64B2,
	0x6734, 0x7267, 0x7766, 0x7A46, 0x91E6, 0x52C3, 0x6CA1, 0x6B86, 0x5800, 0x5E4C, 0x5954, 0x672C,
	0x7FFB, 0x51E1, 0x76C6, 0x6469, 0x78E8, 0x9B54, 0x9EBB, 0x57CB, 0x59B9, 0x6627, 0x679A, 0x6BCE,
	0x54E9, 0x69D9, 0x5E55, 0x819C, 0x6795, 0x9BAA, 0x67FE, 0x9C52, 0x685D, 0x4EA6, 0x4FE3, 0x53C8,
	0x62B9, 0x672B, 0x6CAB, 0x8FC4, 0x4FAD, 0x7E6D, 0x9EBF, 0x4E07, 0x6162, 0x6E80, 0x6F2B, 0x8513,
	0x5473, 0x672A, 0x9B45, 0x5DF3, 0x7B95, 0x5CAC, 0x5BC6, 0x871C, 0x6E4A, 0x84D1, 0x7A14, 0x8108,
	0x5999, 0x7C8D, 0x6C11, 0x7720, 0x52D9, 0x5922, 0x7121, 0x725F, 0x77DB, 0x9727, 0x9D61, 0x690B,
	0x5A7F, 0x5A18, 0x51A5, 0x540D, 0x547D, 0x660E, 0x76DF, 0x8FF7, 0x9298, 0x9CF4, 0x59EA, 0x725D,
	0x6EC5, 0x514D, 0x68C9, 0x7DBF, 0x7DEC, 0x9762, 0x9EBA, 0x6478, 0x6A21, 0x8302, 0x5984, 0x5B5F,
	0x6BDB, 0x731B, 0x76F2, 0x7DB2, 0x8017, 0x8499, 0x5132, 0x6728, 0x9ED9, 0x76EE, 0x6762, 0x52FF,
	0x9905, 0x5C24, 0x623B, 0x7C7E, 0x8CB0, 0x554F, 0x60B6, 0x7D0B, 0x9580, 0x5301, 0x4E5F, 0x51B6,
	0x591C, 0x723A, 0x8036, 0x91CE, 0x5F25, 0x77E2, 0x5384, 0x5F79, 0x7D04, 0x85AC, 0x8A33, 0x8E8D,
	0x9756, 0x67F3, 0x85AE, 0x9453, 0x6109, 0x6108, 0x6CB9, 0x7652, 0x8AED, 0x8F38, 0x552F, 0x4F51,
	0x512A, 0x52C7, 0x53CB, 0x5BA5, 0x5E7D, 0x60A0, 0x6182, 0x63D6, 0x6709, 0x67DA, 0x6E67, 0x6D8C,
	0x7336, 0x7337, 0x7531, 0x7950, 0x88D5, 0x8A98, 0x904A, 0x9091, 0x90F5, 0x96C4, 0x878D, 0x5915,
	0x4E88, 0x4F59, 0x4E0E, 0x8A89, 0x8F3F, 0x9810, 0x50AD, 0x5E7C, 0x5996, 0x5BB9, 0x5EB8, 0x63DA,
	0x63FA, 0x64C1, 0x66DC, 0x694A, 0x69D8, 0x6D0B, 0x6EB6, 0x7194, 0x7528, 0x7AAF, 0x7F8A, 0x8000,
	0x8449, 0x84C9, 0x8981, 0x8B21, 0x8E0A, 0x9065, 0x967D, 0x990A, 0x617E, 0x6291, 0x6B32, 0x6C83,
	0x6D74, 0x7FCC, 0x7FFC, 0x6DC0, 0x7F85, 0x87BA, 0x88F8, 0x6765, 0x83B1, 0x983C, 0x96F7, 0x6D1B,
	0x7D61, 0x843D, 0x916A, 0x4E71, 0x5375, 0x5D50, 0x6B04, 0x6FEB, 0x85CD, 0x862D, 0x89A7, 0x5229,
	0x540F, 0x5C65, 0x674E, 0x68A8, 0x7406, 0x7483, 0x75E2, 0x88CF, 0x88E1, 0x91CC, 0x96E2, 0x9678,
	0x5F8B, 0x7387, 0x7ACB, 0x844E, 0x63A0, 0x7565, 0x5289, 0x6D41, 0x6E9C, 0x7409, 0x7559, 0x786B,
	0x7C92, 0x9686, 0x7ADC, 0x9F8D, 0x4FB6, 0x616E, 0x65C5, 0x865C, 0x4E86, 0x4EAE, 0x50DA, 0x4E21,
	0x51CC, 0x5BEE, 0x6599, 0x6881, 0x6DBC, 0x731F, 0x7642, 0x77AD, 0x7A1C, 0x7CE7, 0x826F, 0x8AD2,
	0x907C, 0x91CF, 0x9675, 0x9818, 0x529B, 0x7DD1, 0x502B, 0x5398, 0x6797, 0x6DCB, 0x71D0, 0x7433,
	0x81E8, 0x8F2A, 0x96A3, 0x9C57, 0x9E9F, 0x7460, 0x5841, 0x6D99, 0x7D2F, 0x985E, 0x4EE4, 0x4F36,
	0x4F8B, 0x51B7, 0x52B1, 0x5DBA, 0x601C, 0x73B2, 0x793C, 0x82D3, 0x9234, 0x96B7, 0x96F6, 0x970A,
	0x9E97, 0x9F62, 0x66A6, 0x6B74, 0x5217, 0x52A3, 0x70C8, 0x88C2, 0x5EC9, 0x604B, 0x6190, 0x6F23,
	0x7149, 0x7C3E, 0x7DF4, 0x806F, 0x84EE, 0x9023, 0x932C, 0x5442, 0x9B6F, 0x6AD3, 0x7089, 0x8CC2,
	0x8DEF, 0x9732, 0x52B4, 0x5A41, 0x5ECA, 0x5F04, 0x6717, 0x697C, 0x6994, 0x6D6A, 0x6F0F, 0x7262,
	0x72FC, 0x7BED, 0x8001, 0x807E, 0x874B, 0x90CE, 0x516D, 0x9E93, 0x7984, 0x808B, 0x9332, 0x8AD6,
	0x502D, 0x548C, 0x8A71, 0x6B6A, 0x8CC4, 0x8107, 0x60D1, 0x67A0, 0x9DF2, 0x4E99, 0x4E98, 0x9C10,
	0x8A6B, 0x85C1, 0x8568, 0x6900, 0x6E7E, 0x7897, 0x8155, 0x0000, 0x0000, 0x0000, 0x0000, 0x0000,
	0x0000, 0x0000, 0x0000, 0x0000, 0x0000, 0x0000, 0x0000, 0x0000, 0x0000, 0x0000, 0x0000, 0x0000,
	0x0000, 0x0000, 0x0000, 0x0000, 0x0000, 0x0000, 0x0000, 0x0000, 0x0000, 0x0000, 0x0000, 0x0000,
	0x0000, 0x0000, 0x0000, 0x0000, 0x0000, 0x0000, 0x0000, 0x0000, 0x0000, 0x0000, 0x0000, 0x0000,
	0x0000, 0x0000, 0x5F0C, 0x4E10, 0x4E15, 0x4E2A, 0x4E31, 0x4E36, 0x4E3C, 0x4E3F, 0x4E42, 0x4E56,
	0x4E58, 0x4E82, 0x4E85, 0x8C6B, 0x4E8A, 0x8212, 0x5F0D, 0x4E8E, 0x4E9E, 0x4E9F, 0x4EA0, 0x4EA2,
	0x4EB0, 0x4EB3, 0x4EB6, 0x4ECE, 0x4ECD, 0x4EC4, 0x4EC6, 0x4EC2, 0x4ED7, 0x4EDE, 0x4EED, 0x4EDF,
	0x4EF7, 0x4F09, 0x4F5A, 0x4F30, 0x4F5B, 0x4F5D, 0x4F57, 0x4F47, 0x4F76, 0x4F88, 0x4F8F, 0x4F98,
	0x4F7B, 0x4F69, 0x4F70, 0x4F91, 0x4F6F, 0x4F86, 0x4F96, 0x5118, 0x4FD4, 0x4FDF, 0x4FCE, 0x4FD8,
	0x4FDB, 0x4FD1, 0x4FDA, 0x4FD0, 0x4FE4, 0x4FE5, 0x501A, 0x5028, 0x5014, 0x502A, 0x5025, 0x5005,
	0x4F1C, 0x4FF6, 0x5021, 0x5029, 0x502C, 0x4FFE, 0x4FEF, 0x5011, 0x5006, 0x5043, 0x5047, 0x6703,
	0x5055, 0x5050, 0x5048, 0x505A, 0x5056, 0x506C, 0x5078, 0x5080, 0x509A, 0x5085, 0x50B4, 0x50B2,
	0x50C9, 0x50CA, 0x50B3, 0x50C2, 0x50D6, 0x50DE, 0x50E5, 0x50ED, 0x50E3, 0x50EE, 0x50F9, 0x50F5,
	0x5109, 0x5101, 0x5102, 0x5116, 0x5115, 0x5114, 0x511A, 0x5121, 0x513A, 0x5137, 0x513C, 0x513B,
	0x513F, 0x5140, 0x5152, 0x514C, 0x5154, 0x5162, 0x7AF8, 0x5169, 0x516A, 0x516E, 0x5180, 0x5182,
	0x56D8, 0x518C, 0x5189, 0x518F, 0x5191, 0x5193, 0x5195, 0x5196, 0x51A4, 0x51A6, 0x51A2, 0x51A9,
	0x51AA, 0x51AB, 0x51B3, 0x51B1, 0x51B2, 0x51B0, 0x51B5, 0x51BD, 0x51C5, 0x51C9, 0x51DB, 0x51E0,
	0x8655, 0x51E9, 0x51ED, 0x51F0, 0x51F5, 0x51FE, 0x5204, 0x520B, 0x5214, 0x520E, 0x5227, 0x522A,
	0x522E, 0x5233, 0x5239, 0x524F, 0x5244, 0x524B, 0x524C, 0x525E, 0x5254, 0x526A, 0x5274, 0x5269,
	0x5273, 0x527F, 0x527D, 0x528D, 0x5294, 0x5292, 0x5271, 0x5288, 0x5291, 0x8FA8, 0x8FA7, 0x52AC,
	0x52AD, 0x52BC, 0x52B5, 0x52C1, 0x52CD, 0x52D7, 0x52DE, 0x52E3, 0x52E6, 0x98ED, 0x52E0, 0x52F3,
	0x52F5, 0x52F8, 0x52F9, 0x5306, 0x5308, 0x7538, 0x530D, 0x5310, 0x530F, 0x5315, 0x531A, 0x5323,
	0x532F, 0x5331, 0x5333, 0x5338, 0x5340, 0x5346, 0x5345, 0x4E17, 0x5349, 0x534D, 0x51D6, 0x535E,
	0x5369, 0x536E, 0x5918, 0x537B, 0x5377, 0x5382, 0x5396, 0x53A0, 0x53A6, 0x53A5, 0x53AE, 0x53B0,
	0x53B6, 0x53C3, 0x7C12, 0x96D9, 0x53DF, 0x66FC, 0x71EE, 0x53EE, 0x53E8, 0x53ED, 0x53FA, 0x5401,
	0x543D, 0x5440, 0x542C, 0x542D, 0x543C, 0x542E, 0x5436, 0x5429, 0x541D, 0x544E, 0x548F, 0x5475,
	0x548E, 0x545F, 0x5471, 0x5477, 0x5470, 0x5492, 0x547B, 0x5480, 0x5476, 0x5484, 0x5490, 0x5486,
	0x54C7, 0x54A2, 0x54B8, 0x54A5, 0x54AC, 0x54C4, 0x54C8, 0x54A8, 0x54AB, 0x54C2, 0x54A4, 0x54BE,
	0x54BC, 0x54D8, 0x54E5, 0x54E6, 0x550F, 0x5514, 0x54FD, 0x54EE, 0x54ED, 0x54FA, 0x54E2, 0x5539,
	0x5540, 0x5563, 0x554C, 0x552E, 0x555C, 0x5545, 0x5556, 0x5557, 0x5538, 0x5533, 0x555D, 0x5599,
	0x5580, 0x54AF, 0x558A, 0x559F, 0x557B, 0x557E, 0x5598, 0x559E, 0x55AE, 0x557C, 0x5583, 0x55A9,
	0x5587, 0x55A8, 0x55DA, 0x55C5, 0x55DF, 0x55C4, 0x55DC, 0x55E4, 0x55D4, 0x5614, 0x55F7, 0x5616,
	0x55FE, 0x55FD, 0x561B, 0x55F9, 0x564E, 0x5650, 0x71DF, 0x5634, 0x5636, 0x5632, 0x5638, 0x566B,
	0x5664, 0x562F, 0x566C, 0x566A, 0x5686, 0x5680, 0x568A, 0x56A0, 0x5694, 0x568F, 0x56A5, 0x56AE,
	0x56B6, 0x56B4, 0x56C2, 0x56BC, 0x56C1, 0x56C3, 0x56C0, 0x56C8, 0x56CE, 0x56D1, 0x56D3, 0x56D7,
	0x56EE, 0x56F9, 0x5700, 0x56FF, 0x5704, 0x5709, 0x5708, 0x570B, 0x570D, 0x5713, 0x5718, 0x5716,
	0x55C7, 0x571C, 0x5726, 0x5737, 0x5738, 0x574E, 0x573B, 0x5740, 0x574F, 0x5769, 0x57C0, 0x5788,
	0x5761, 0x577F, 0x5789, 0x5793, 0x57A0, 0x57B3, 0x57A4, 0x57AA, 0x57B0, 0x57C3, 0x57C6, 0x57D4,
	0x57D2, 0x57D3, 0x580A, 0x57D6, 0x57E3, 0x580B, 0x5819, 0x581D, 0x5872, 0x5821, 0x5862, 0x584B,
	0x5870, 0x6BC0, 0x5852, 0x583D, 0x5879, 0x5885, 0x58B9, 0x589F, 0x58AB, 0x58BA, 0x58DE, 0x58BB,
	0x58B8, 0x58AE, 0x58C5, 0x58D3, 0x58D1, 0x58D7, 0x58D9, 0x58D8, 0x58E5, 0x58DC, 0x58E4, 0x58DF,
	0x58EF, 0x58FA, 0x58F9, 0x58FB, 0x58FC, 0x58FD, 0x5902, 0x590A, 0x5910, 0x591B, 0x68A6, 0x5925,
	0x592C, 0x592D, 0x5932, 0x5938, 0x593E, 0x7AD2, 0x5955, 0x5950, 0x594E, 0x595A, 0x5958, 0x5962,
	0x5960, 0x5967, 0x596C, 0x5969, 0x5978, 0x5981, 0x599D, 0x4F5E, 0x4FAB, 0x59A3, 0x59B2, 0x59C6,
	0x59E8, 0x59DC, 0x598D, 0x59D9, 0x59DA, 0x5A25, 0x5A1F, 0x5A11, 0x5A1C, 0x5A09, 0x5A1A, 0x5A40,
	0x5A6C, 0x5A49, 0x5A35, 0x5A36, 0x5A62, 0x5A6A, 0x5A9A, 0x5ABC, 0x5ABE, 0x5ACB, 0x5AC2, 0x5ABD,
	0x5AE3, 0x5AD7, 0x5AE6, 0x5AE9, 0x5AD6, 0x5AFA, 0x5AFB, 0x5B0C, 0x5B0B, 0x5B16, 0x5B32, 0x5AD0,
	0x5B2A, 0x5B36, 0x5B3E, 0x5B43, 0x5B45, 0x5B40, 0x5B51, 0x5B55, 0x5B5A, 0x5B5B, 0x5B65, 0x5B69,
	0x5B70, 0x5B73, 0x5B75, 0x5B78, 0x6588, 0x5B7A, 0x5B80, 0x5B83, 0x5BA6, 0x5BB8, 0x5BC3, 0x5BC7,
	0x5BC9, 0x5BD4, 0x5BD0, 0x5BE4, 0x5BE6, 0x5BE2, 0x5BDE, 0x5BE5, 0x5BEB, 0x5BF0, 0x5BF6, 0x5BF3,
	0x5C05, 0x5C07, 0x5C08, 0x5C0D, 0x5C13, 0x5C20, 0x5C22, 0x5C28, 0x5C38, 0x5C39, 0x5C41, 0x5C46,
	0x5C4E, 0x5C53, 0x5C50, 0x5C4F, 0x5B71, 0x5C6C, 0x5C6E, 0x4E62, 0x5C76, 0x5C79, 0x5C8C, 0x5C91,
	0x5C94, 0x599B, 0x5CAB, 0x5CBB, 0x5CB6, 0x5CBC, 0x5CB7, 0x5CC5, 0x5CBE, 0x5CC7, 0x5CD9, 0x5CE9,
	0x5CFD, 0x5CFA, 0x5CED, 0x5D8C, 0x5CEA, 0x5D0B, 0x5D15, 0x5D17, 0x5D5C, 0x5D1F, 0x5D1B, 0x5D11,
	0x5D14, 0x5D22, 0x5D1A, 0x5D19, 0x5D18, 0x5D4C, 0x5D52, 0x5D4E, 0x5D4B, 0x5D6C, 0x5D73, 0x5D76,
	0x5D87, 0x5D84, 0x5D82, 0x5DA2, 0x5D9D, 0x5DAC, 0x5DAE, 0x5DBD, 0x5D90, 0x5DB7, 0x5DBC, 0x5DC9,
	0x5DCD, 0x5DD3, 0x5DD2, 0x5DD6, 0x5DDB, 0x5DEB, 0x5DF2, 0x5DF5, 0x5E0B, 0x5E1A, 0x5E19, 0x5E11,
	0x5E1B, 0x5E36, 0x5E37, 0x5E44, 0x5E43, 0x5E40, 0x5E4E, 0x5E57, 0x5E54, 0x5E5F, 0x5E62, 0x5E64,
	0x5E47, 0x5E75, 0x5E76, 0x5E7A, 0x9EBC, 0x5E7F, 0x5EA0, 0x5EC1, 0x5EC2, 0x5EC8, 0x5ED0, 0x5ECF,
	0x5ED6, 0x5EE3, 0x5EDD, 0x5EDA, 0x5EDB, 0x5EE2, 0x5EE1, 0x5EE8, 0x5EE9, 0x5EEC, 0x5EF1, 0x5EF3,
	0x5EF0, 0x5EF4, 0x5EF8, 0x5EFE, 0x5F03, 0x5F09, 0x5F5D, 0x5F5C, 0x5F0B, 0x5F11, 0x5F16, 0x5F29,
	0x5F2D, 0x5F38, 0x5F41, 0x5F48, 0x5F4C, 0x5F4E, 0x5F2F, 0x5F51, 0x5F56, 0x5F57, 0x5F59, 0x5F61,
	0x5F6D, 0x5F73, 0x5F77, 0x5F83, 0x5F82, 0x5F7F, 0x5F8A, 0x5F88, 0x5F91, 0x5F87, 0x5F9E, 0x5F99,
	0x5F98, 0x5FA0, 0x5FA8, 0x5FAD, 0x5FBC, 0x5FD6, 0x5FFB, 0x5FE4, 0x5FF8, 0x5FF1, 0x5FDD, 0x60B3,
	0x5FFF, 0x6021, 0x6060, 0x6019, 0x6010, 0x6029, 0x600E, 0x6031, 0x601B, 0x6015, 0x602B, 0x6026,
	0x600F, 0x603A, 0x605A, 0x6041, 0x606A, 0x6077, 0x605F, 0x604A, 0x6046, 0x604D, 0x6063, 0x6043,
	0x6064, 0x6042, 0x606C, 0x606B, 0x6059, 0x6081, 0x608D, 0x60E7, 0x6083, 0x609A, 0x6084, 0x609B,
	0x6096, 0x6097, 0x6092, 0x60A7, 0x608B, 0x60E1, 0x60B8, 0x60E0, 0x60D3, 0x60B4, 0x5FF0, 0x60BD,
	0x60C6, 0x60B5, 0x60D8, 0x614D, 0x6115, 0x6106, 0x60F6, 0x60F7, 0x6100, 0x60F4, 0x60FA, 0x6103,
	0x6121, 0x60FB, 0x60F1, 0x610D, 0x610E, 0x6147, 0x613E, 0x6128, 0x6127, 0x614A, 0x613F, 0x613C,
	0x612C, 0x6134, 0x613D, 0x6142, 0x6144, 0x6173, 0x6177, 0x6158, 0x6159, 0x615A, 0x616B, 0x6174,
	0x616F, 0x6165, 0x6171, 0x615F, 0x615D, 0x6153, 0x6175, 0x6199, 0x6196, 0x6187, 0x61AC, 0x6194,
	0x619A, 0x618A, 0x6191, 0x61AB, 0x61AE, 0x61CC, 0x61CA, 0x61C9, 0x61F7, 0x61C8, 0x61C3, 0x61C6,
	0x61BA, 0x61CB, 0x7F79, 0x61CD, 0x61E6, 0x61E3, 0x61F6, 0x61FA, 0x61F4, 0x61FF, 0x61FD, 0x61FC,
	0x61FE, 0x6200, 0x6208, 0x6209, 0x620D, 0x620C, 0x6214, 0x621B, 0x621E, 0x6221, 0x622A, 0x622E,
	0x6230, 0x6232, 0x6233, 0x6241, 0x624E, 0x625E, 0x6263, 0x625B, 0x6260, 0x6268, 0x627C, 0x6282,
	0x6289, 0x627E, 0x6292, 0x6293, 0x6296, 0x62D4, 0x6283, 0x6294, 0x62D7, 0x62D1, 0x62BB, 0x62CF,
	0x62FF, 0x62C6, 0x64D4, 0x62C8, 0x62DC, 0x62CC, 0x62CA, 0x62C2, 0x62C7, 0x629B, 0x62C9, 0x630C,
	0x62EE, 0x62F1, 0x6327, 0x6302, 0x6308, 0x62EF, 0x62F5, 0x6350, 0x633E, 0x634D, 0x641C, 0x634F,
	0x6396, 0x638E, 0x6380, 0x63AB, 0x6376, 0x63A3, 0x638F, 0x6389, 0x639F, 0x63B5, 0x636B, 0x6369,
	0x63BE, 0x63E9, 0x63C0, 0x63C6, 0x63E3, 0x63C9, 0x63D2, 0x63F6, 0x63C4, 0x6416, 0x6434, 0x6406,
	0x6413, 0x6426, 0x6436, 0x651D, 0x6417, 0x6428, 0x640F, 0x6467, 0x646F, 0x6476, 0x644E, 0x652A,
	0x6495, 0x6493, 0x64A5, 0x64A9, 0x6488, 0x64BC, 0x64DA, 0x64D2, 0x64C5, 0x64C7, 0x64BB, 0x64D8,
	0x64C2, 0x64F1, 0x64E7, 0x8209, 0x64E0, 0x64E1, 0x62AC, 0x64E3, 0x64EF, 0x652C, 0x64F6, 0x64F4,
	0x64F2, 0x64FA, 0x6500, 0x64FD, 0x6518, 0x651C, 0x6505, 0x6524, 0x6523, 0x652B, 0x6534, 0x6535,
	0x6537, 0x6536, 0x6538, 0x754B, 0x6548, 0x6556, 0x6555, 0x654D, 0x6558, 0x655E, 0x655D, 0x6572,
	0x6578, 0x6582, 0x6583, 0x8B8A, 0x659B, 0x659F, 0x65AB, 0x65B7, 0x65C3, 0x65C6, 0x65C1, 0x65C4,
	0x65CC, 0x65D2, 0x65DB, 0x65D9, 0x65E0, 0x65E1, 0x65F1, 0x6772, 0x660A, 0x6603, 0x65FB, 0x6773,
	0x6635, 0x6636, 0x6634, 0x661C, 0x664F, 0x6644, 0x6649, 0x6641, 0x665E, 0x665D, 0x6664, 0x6667,
	0x6668, 0x665F, 0x6662, 0x6670, 0x6683, 0x6688, 0x668E, 0x6689, 0x6684, 0x6698, 0x669D, 0x66C1,
	0x66B9, 0x66C9, 0x66BE, 0x66BC, 0x66C4, 0x66B8, 0x66D6, 0x66DA, 0x66E0, 0x663F, 0x66E6, 0x66E9,
	0x66F0, 0x66F5, 0x66F7, 0x670F, 0x6716, 0x671E, 0x6726, 0x6727, 0x9738, 0x672E, 0x673F, 0x6736,
	0x6741, 0x6738, 0x6737, 0x6746, 0x675E, 0x6760, 0x6759, 0x6763, 0x6764, 0x6789, 0x6770, 0x67A9,
	0x677C, 0x676A, 0x678C, 0x678B, 0x67A6, 0x67A1, 0x6785, 0x67B7, 0x67EF, 0x67B4, 0x67EC, 0x67B3,
	0x67E9, 0x67B8, 0x67E4, 0x67DE, 0x67DD, 0x67E2, 0x67EE, 0x67B9, 0x67CE, 0x67C6, 0x67E7, 0x6A9C,
	0x681E, 0x6846, 0x6829, 0x6840, 0x684D, 0x6832, 0x684E, 0x68B3, 0x682B, 0x6859, 0x6863, 0x6877,
	0x687F, 0x689F, 0x688F, 0x68AD, 0x6894, 0x689D, 0x689B, 0x6883, 0x6AAE, 0x68B9, 0x6874, 0x68B5,
	0x68A0, 0x68BA, 0x690F, 0x688D, 0x687E, 0x6901, 0x68CA, 0x6908, 0x68D8, 0x6922, 0x6926, 0x68E1,
	0x690C, 0x68CD, 0x68D4, 0x68E7, 0x68D5, 0x6936, 0x6912, 0x6904, 0x68D7, 0x68E3, 0x6925, 0x68F9,
	0x68E0, 0x68EF, 0x6928, 0x692A, 0x691A, 0x6923, 0x6921, 0x68C6, 0x6979, 0x6977, 0x695C, 0x6978,
	0x696B, 0x6954, 0x697E, 0x696E, 0x6939, 0x6974, 0x693D, 0x6959, 0x6930, 0x6961, 0x695E, 0x695D,
	0x6981, 0x696A, 0x69B2, 0x69AE, 0x69D0, 0x69BF, 0x69C1, 0x69D3, 0x69BE, 0x69CE, 0x5BE8, 0x69CA,
	0x69DD, 0x69BB, 0x69C3, 0x69A7, 0x6A2E, 0x6991, 0x69A0, 0x699C, 0x6995, 0x69B4, 0x69DE, 0x69E8,
	0x6A02, 0x6A1B, 0x69FF, 0x6B0A, 0x69F9, 0x69F2, 0x69E7, 0x6A05, 0x69B1, 0x6A1E, 0x69ED, 0x6A14,
	0x69EB, 0x6A0A, 0x6A12, 0x6AC1, 0x6A23, 0x6A13, 0x6A44, 0x6A0C, 0x6A72, 0x6A36, 0x6A78, 0x6A47,
	0x6A62, 0x6A59, 0x6A66, 0x6A48, 0x6A38, 0x6A22, 0x6A90, 0x6A8D, 0x6AA0, 0x6A84, 0x6AA2, 0x6AA3,
	0x6A97, 0x8617, 0x6ABB, 0x6AC3, 0x6AC2, 0x6AB8, 0x6AB3, 0x6AAC, 0x6ADE, 0x6AD1, 0x6ADF, 0x6AAA,
	0x6ADA, 0x6AEA, 0x6AFB, 0x6B05, 0x8616, 0x6AFA, 0x6B12, 0x6B16, 0x9B31, 0x6B1F, 0x6B38, 0x6B37,
	0x76DC, 0x6B39, 0x98EE, 0x6B47, 0x6B43, 0x6B49, 0x6B50, 0x6B59, 0x6B54, 0x6B5B, 0x6B5F, 0x6B61,
	0x6B78, 0x6B79, 0x6B7F, 0x6B80, 0x6B84, 0x6B83, 0x6B8D, 0x6B98, 0x6B95, 0x6B9E, 0x6BA4, 0x6BAA,
	0x6BAB, 0x6BAF, 0x6BB2, 0x6BB1, 0x6BB3, 0x6BB7, 0x6BBC, 0x6BC6, 0x6BCB, 0x6BD3, 0x6BDF, 0x6BEC,
	0x6BEB, 0x6BF3, 0x6BEF, 0x9EBE, 0x6C08, 0x6C13, 0x6C14, 0x6C1B, 0x6C24, 0x6C23, 0x6C5E, 0x6C55,
	0x6C62, 0x6C6A, 0x6C82, 0x6C8D, 0x6C9A, 0x6C81, 0x6C9B, 0x6C7E, 0x6C68, 0x6C73, 0x6C92, 0x6C90,
	0x6CC4, 0x6CF1, 0x6CD3, 0x6CBD, 0x6CD7, 0x6CC5, 0x6CDD, 0x6CAE, 0x6CB1, 0x6CBE, 0x6CBA, 0x6CDB,
	0x6CEF, 0x6CD9, 0x6CEA, 0x6D1F, 0x884D, 0x6D36, 0x6D2B, 0x6D3D, 0x6D38, 0x6D19, 0x6D35, 0x6D33,
	0x6D12, 0x6D0C, 0x6D63, 0x6D93, 0x6D64, 0x6D5A, 0x6D79, 0x6D59, 0x6D8E, 0x6D95, 0x6FE4, 0x6D85,
	0x6DF9, 0x6E15, 0x6E0A, 0x6DB5, 0x6DC7, 0x6DE6, 0x6DB8, 0x6DC6, 0x6DEC, 0x6DDE, 0x6DCC, 0x6DE8,
	0x6DD2, 0x6DC5, 0x6DFA, 0x6DD9, 0x6DE4, 0x6DD5, 0x6DEA, 0x6DEE, 0x6E2D, 0x6E6E, 0x6E2E, 0x6E19,
	0x6E72, 0x6E5F, 0x6E3E, 0x6E23, 0x6E6B, 0x6E2B, 0x6E76, 0x6E4D, 0x6E1F, 0x6E43, 0x6E3A, 0x6E4E,
	0x6E24, 0x6EFF, 0x6E1D, 0x6E38, 0x6E82, 0x6EAA, 0x6E98, 0x6EC9, 0x6EB7, 0x6ED3, 0x6EBD, 0x6EAF,
	0x6EC4, 0x6EB2, 0x6ED4, 0x6ED5, 0x6E8F, 0x6EA5, 0x6EC2, 0x6E9F, 0x6F41, 0x6F11, 0x704C, 0x6EEC,
	0x6EF8, 0x6EFE, 0x6F3F, 0x6EF2, 0x6F31, 0x6EEF, 0x6F32, 0x6ECC, 0x6F3E, 0x6F13, 0x6EF7, 0x6F86,
	0x6F7A, 0x6F78, 0x6F81, 0x6F80, 0x6F6F, 0x6F5B, 0x6FF3, 0x6F6D, 0x6F82, 0x6F7C, 0x6F58, 0x6F8E,
	0x6F91, 0x6FC2, 0x6F66, 0x6FB3, 0x6FA3, 0x6FA1, 0x6FA4, 0x6FB9, 0x6FC6, 0x6FAA, 0x6FDF, 0x6FD5,
	0x6FEC, 0x6FD4, 0x6FD8, 0x6FF1, 0x6FEE, 0x6FDB, 0x7009, 0x700B, 0x6FFA, 0x7011, 0x7001, 0x700F,
	0x6FFE, 0x701B, 0x701A, 0x6F74, 0x701D, 0x7018, 0x701F, 0x7030, 0x703E, 0x7032, 0x7051, 0x7063,
	0x7099, 0x7092, 0x70AF, 0x70F1, 0x70AC, 0x70B8, 0x70B3, 0x70AE, 0x70DF, 0x70CB, 0x70DD, 0x70D9,
	0x7109, 0x70FD, 0x711C, 0x7119, 0x7165, 0x7155, 0x7188, 0x7166, 0x7162, 0x714C, 0x7156, 0x716C,
	0x718F, 0x71FB, 0x7184, 0x7195, 0x71A8, 0x71AC, 0x71D7, 0x71B9, 0x71BE, 0x71D2, 0x71C9, 0x71D4,
	0x71CE, 0x71E0, 0x71EC, 0x71E7, 0x71F5, 0x71FC, 0x71F9, 0x71FF, 0x720D, 0x7210, 0x721B, 0x7228,
	0x722D, 0x722C, 0x7230, 0x7232, 0x723B, 0x723C, 0x723F, 0x7240, 0x7246, 0x724B, 0x7258, 0x7274,
	0x727E, 0x7282, 0x7281, 0x7287, 0x7292, 0x7296, 0x72A2, 0x72A7, 0x72B9, 0x72B2, 0x72C3, 0x72C6,
	0x72C4, 0x72CE, 0x72D2, 0x72E2, 0x72E0, 0x72E1, 0x72F9, 0x72F7, 0x500F, 0x7317, 0x730A, 0x731C,
	0x7316, 0x731D, 0x7334, 0x732F, 0x7329, 0x7325, 0x733E, 0x734E, 0x734F, 0x9ED8, 0x7357, 0x736A,
	0x7368, 0x7370, 0x7378, 0x7375, 0x737B, 0x737A, 0x73C8, 0x73B3, 0x73CE, 0x73BB, 0x73C0, 0x73E5,
	0x73EE, 0x73DE, 0x74A2, 0x7405, 0x746F, 0x7425, 0x73F8, 0x7432, 0x743A, 0x7455, 0x743F, 0x745F,
	0x7459, 0x7441, 0x745C, 0x7469, 0x7470, 0x7463, 0x746A, 0x7476, 0x747E, 0x748B, 0x749E, 0x74A7,
	0x74CA, 0x74CF, 0x74D4, 0x73F1, 0x74E0, 0x74E3, 0x74E7, 0x74E9, 0x74EE, 0x74F2, 0x74F0, 0x74F1,
	0x74F8, 0x74F7, 0x7504, 0x7503, 0x7505, 0x750C, 0x750E, 0x750D, 0x7515, 0x7513, 0x751E, 0x7526,
	0x752C, 0x753C, 0x7544, 0x754D, 0x754A, 0x7549, 0x755B, 0x7546, 0x755A, 0x7569, 0x7564, 0x7567,
	0x756B, 0x756D, 0x7578, 0x7576, 0x7586, 0x7587, 0x7574, 0x758A, 0x7589, 0x7582, 0x7594, 0x759A,
	0x759D, 0x75A5, 0x75A3, 0x75C2, 0x75B3, 0x75C3, 0x75B5, 0x75BD, 0x75B8, 0x75BC, 0x75B1, 0x75CD,
	0x75CA, 0x75D2, 0x75D9, 0x75E3, 0x75DE, 0x75FE, 0x75FF, 0x75FC, 0x7601, 0x75F0, 0x75FA, 0x75F2,
	0x75F3, 0x760B, 0x760D, 0x7609, 0x761F, 0x7627, 0x7620, 0x7621, 0x7622, 0x7624, 0x7634, 0x7630,
	0x763B, 0x7647, 0x7648, 0x7646, 0x765C, 0x7658, 0x7661, 0x7662, 0x7668, 0x7669, 0x766A, 0x7667,
	0x766C, 0x7670, 0x7672, 0x7676, 0x7678, 0x767C, 0x7680, 0x7683, 0x7688, 0x768B, 0x768E, 0x7696,
	0x7693, 0x7699, 0x769A, 0x76B0, 0x76B4, 0x76B8, 0x76B9, 0x76BA, 0x76C2, 0x76CD, 0x76D6, 0x76D2,
	0x76DE, 0x76E1, 0x76E5, 0x76E7, 0x76EA, 0x862F, 0x76FB, 0x7708, 0x7707, 0x7704, 0x7729, 0x7724,
	0x771E, 0x7725, 0x7726, 0x771B, 0x7737, 0x7738, 0x7747, 0x775A, 0x7768, 0x776B, 0x775B, 0x7765,
	0x777F, 0x777E, 0x7779, 0x778E, 0x778B, 0x7791, 0x77A0, 0x779E, 0x77B0, 0x77B6, 0x77B9, 0x77BF,
	0x77BC, 0x77BD, 0x77BB, 0x77C7, 0x77CD, 0x77D7, 0x77DA, 0x77DC, 0x77E3, 0x77EE, 0x77FC, 0x780C,
	0x7812, 0x7926, 0x7820, 0x792A, 0x7845, 0x788E, 0x7874, 0x7886, 0x787C, 0x789A, 0x788C, 0x78A3,
	0x78B5, 0x78AA, 0x78AF, 0x78D1, 0x78C6, 0x78CB, 0x78D4, 0x78BE, 0x78BC, 0x78C5, 0x78CA, 0x78EC,
	0x78E7, 0x78DA, 0x78FD, 0x78F4, 0x7907, 0x7912, 0x7911, 0x7919, 0x792C, 0x792B, 0x7940, 0x7960,
	0x7957, 0x795F, 0x795A, 0x7955, 0x7953, 0x797A, 0x797F, 0x798A, 0x799D, 0x79A7, 0x9F4B, 0x79AA,
	0x79AE, 0x79B3, 0x79B9, 0x79BA, 0x79C9, 0x79D5, 0x79E7, 0x79EC, 0x79E1, 0x79E3, 0x7A08, 0x7A0D,
	0x7A18, 0x7A19, 0x7A20, 0x7A1F, 0x7980, 0x7A31, 0x7A3B, 0x7A3E, 0x7A37, 0x7A43, 0x7A57, 0x7A49,
	0x7A61, 0x7A62, 0x7A69, 0x9F9D, 0x7A70, 0x7A79, 0x7A7D, 0x7A88, 0x7A97, 0x7A95, 0x7A98, 0x7A96,
	0x7AA9, 0x7AC8, 0x7AB0, 0x7AB6, 0x7AC5, 0x7AC4, 0x7ABF, 0x9083, 0x7AC7, 0x7ACA, 0x7ACD, 0x7ACF,
	0x7AD5, 0x7AD3, 0x7AD9, 0x7ADA, 0x7ADD, 0x7AE1, 0x7AE2, 0x7AE6, 0x7AED, 0x7AF0, 0x7B02, 0x7B0F,
	0x7B0A, 0x7B06, 0x7B33, 0x7B18, 0x7B19, 0x7B1E, 0x7B35, 0x7B28, 0x7B36, 0x7B50, 0x7B7A, 0x7B04,
	0x7B4D, 0x7B0B, 0x7B4C, 0x7B45, 0x7B75, 0x7B65, 0x7B74, 0x7B67, 0x7B70, 0x7B71, 0x7B6C, 0x7B6E,
	0x7B9D, 0x7B98, 0x7B9F, 0x7B8D, 0x7B9C, 0x7B9A, 0x7B8B, 0x7B92, 0x7B8F, 0x7B5D, 0x7B99, 0x7BCB,
	0x7BC1, 0x7BCC, 0x7BCF, 0x7BB4, 0x7BC6, 0x7BDD, 0x7BE9, 0x7C11, 0x7C14, 0x7BE6, 0x7BE5, 0x7C60,
	0x7C00, 0x7C07, 0x7C13, 0x7BF3, 0x7BF7, 0x7C17, 0x7C0D, 0x7BF6, 0x7C23, 0x7C27, 0x7C2A, 0x7C1F,
	0x7C37, 0x7C2B, 0x7C3D, 0x7C4C, 0x7C43, 0x7C54, 0x7C4F, 0x7C40, 0x7C50, 0x7C58, 0x7C5F, 0x7C64,
	0x7C56, 0x7C65, 0x7C6C, 0x7C75, 0x7C83, 0x7C90, 0x7CA4, 0x7CAD, 0x7CA2, 0x7CAB, 0x7CA1, 0x7CA8,
	0x7CB3, 0x7CB2, 0x7CB1, 0x7CAE, 0x7CB9, 0x7CBD, 0x7CC0, 0x7CC5, 0x7CC2, 0x7CD8, 0x7CD2, 0x7CDC,
	0x7CE2, 0x9B3B, 0x7CEF, 0x7CF2, 0x7CF4, 0x7CF6, 0x7CFA, 0x7D06, 0x7D02, 0x7D1C, 0x7D15, 0x7D0A,
	0x7D45, 0x7D4B, 0x7D2E, 0x7D32, 0x7D3F, 0x7D35, 0x7D46, 0x7D73, 0x7D56, 0x7D4E, 0x7D72, 0x7D68,
	0x7D6E, 0x7D4F, 0x7D63, 0x7D93, 0x7D89, 0x7D5B, 0x7D8F, 0x7D7D, 0x7D9B, 0x7DBA, 0x7DAE, 0x7DA3,
	0x7DB5, 0x7DC7, 0x7DBD, 0x7DAB, 0x7E3D, 0x7DA2, 0x7DAF, 0x7DDC, 0x7DB8, 0x7D9F, 0x7DB0, 0x7DD8,
	0x7DDD, 0x7DE4, 0x7DDE, 0x7DFB, 0x7DF2, 0x7DE1, 0x7E05, 0x7E0A, 0x7E23, 0x7E21, 0x7E12, 0x7E31,
	0x7E1F, 0x7E09, 0x7E0B, 0x7E22, 0x7E46, 0x7E66, 0x7E3B, 0x7E35, 0x7E39, 0x7E43, 0x7E37, 0x7E32,
	0x7E3A, 0x7E67, 0x7E5D, 0x7E56, 0x7E5E, 0x7E59, 0x7E5A, 0x7E79, 0x7E6A, 0x7E69, 0x7E7C, 0x7E7B,
	0x7E83, 0x7DD5, 0x7E7D, 0x8FAE, 0x7E7F, 0x7E88, 0x7E89, 0x7E8C, 0x7E92, 0x7E90, 0x7E93, 0x7E94,
	0x7E96, 0x7E8E, 0x7E9B, 0x7E9C, 0x7F38, 0x7F3A, 0x7F45, 0x7F4C, 0x7F4D, 0x7F4E, 0x7F50, 0x7F51,
	0x7F55, 0x7F54, 0x7F58, 0x7F5F, 0x7F60, 0x7F68, 0x7F69, 0x7F67, 0x7F78, 0x7F82, 0x7F86, 0x7F83,
	0x7F88, 0x7F87, 0x7F8C, 0x7F94, 0x7F9E, 0x7F9D, 0x7F9A, 0x7FA3, 0x7FAF, 0x7FB2, 0x7FB9, 0x7FAE,
	0x7FB6, 0x7FB8, 0x8B71, 0x7FC5, 0x7FC6, 0x7FCA, 0x7FD5, 0x7FD4, 0x7FE1, 0x7FE6, 0x7FE9, 0x7FF3,
	0x7FF9, 0x98DC, 0x8006, 0x8004, 0x800B, 0x8012, 0x8018, 0x8019, 0x801C, 0x8021, 0x8028, 0x803F,
	0x803B, 0x804A, 0x8046, 0x8052, 0x8058, 0x805A, 0x805F, 0x8062, 0x8068, 0x8073, 0x8072, 0x8070,
	0x8076, 0x8079, 0x807D, 0x807F, 0x8084, 0x8086, 0x8085, 0x809B, 0x8093, 0x809A, 0x80AD, 0x5190,
	0x80AC, 0x80DB, 0x80E5, 0x80D9, 0x80DD, 0x80C4, 0x80DA, 0x80D6, 0x8109, 0x80EF, 0x80F1, 0x811B,
	0x8129, 0x8123, 0x812F, 0x814B, 0x968B, 0x8146, 0x813E, 0x8153, 0x8151, 0x80FC, 0x8171, 0x816E,
	0x8165, 0x8166, 0x8174, 0x8183, 0x8188, 0x818A, 0x8180, 0x8182, 0x81A0, 0x8195, 0x81A4, 0x81A3,
	0x815F, 0x8193, 0x81A9, 0x81B0, 0x81B5, 0x81BE, 0x81B8, 0x81BD, 0x81C0, 0x81C2, 0x81BA, 0x81C9,
	0x81CD, 0x81D1, 0x81D9, 0x81D8, 0x81C8, 0x81DA, 0x81DF, 0x81E0, 0x81E7, 0x81FA, 0x81FB, 0x81FE,
	0x8201, 0x8202, 0x8205, 0x8207, 0x820A, 0x820D, 0x8210, 0x8216, 0x8229, 0x822B, 0x8238, 0x8233,
	0x8240, 0x8259, 0x8258, 0x825D, 0x825A, 0x825F, 0x8264, 0x8262, 0x8268, 0x826A, 0x826B, 0x822E,
	0x8271, 0x8277, 0x8278, 0x827E, 0x828D, 0x8292, 0x82AB, 0x829F, 0x82BB, 0x82AC, 0x82E1, 0x82E3,
	0x82DF, 0x82D2, 0x82F4, 0x82F3, 0x82FA, 0x8393, 0x8303, 0x82FB, 0x82F9, 0x82DE, 0x8306, 0x82DC,
	0x8309, 0x82D9, 0x8335, 0x8334, 0x8316, 0x8332, 0x8331, 0x8340, 0x8339, 0x8350, 0x8345, 0x832F,
	0x832B, 0x8317, 0x8318, 0x8385, 0x839A, 0x83AA, 0x839F, 0x83A2, 0x8396, 0x8323, 0x838E, 0x8387,
	0x838A, 0x837C, 0x83B5, 0x8373, 0x8375, 0x83A0, 0x8389, 0x83A8, 0x83F4, 0x8413, 0x83EB, 0x83CE,
	0x83FD, 0x8403, 0x83D8, 0x840B, 0x83C1, 0x83F7, 0x8407, 0x83E0, 0x83F2, 0x840D, 0x8422, 0x8420,
	0x83BD, 0x8438, 0x8506, 0x83FB, 0x846D, 0x842A, 0x843C, 0x855A, 0x8484, 0x8477, 0x846B, 0x84AD,
	0x846E, 0x8482, 0x8469, 0x8446, 0x842C, 0x846F, 0x8479, 0x8435, 0x84CA, 0x8462, 0x84B9, 0x84BF,
	0x849F, 0x84D9, 0x84CD, 0x84BB, 0x84DA, 0x84D0, 0x84C1, 0x84C6, 0x84D6, 0x84A1, 0x8521, 0x84FF,
	0x84F4, 0x8517, 0x8518, 0x852C, 0x851F, 0x8515, 0x8514, 0x84FC, 0x8540, 0x8563, 0x8558, 0x8548,
	0x8541, 0x8602, 0x854B, 0x8555, 0x8580, 0x85A4, 0x8588, 0x8591, 0x858A, 0x85A8, 0x856D, 0x8594,
	0x859B, 0x85EA, 0x8587, 0x859C, 0x8577, 0x857E, 0x8590, 0x85C9, 0x85BA, 0x85CF, 0x85B9, 0x85D0,
	0x85D5, 0x85DD, 0x85E5, 0x85DC, 0x85F9, 0x860A, 0x8613, 0x860B, 0x85FE, 0x85FA, 0x8606, 0x8622,
	0x861A, 0x8630, 0x863F, 0x864D, 0x4E55, 0x8654, 0x865F, 0x8667, 0x8671, 0x8693, 0x86A3, 0x86A9,
	0x86AA, 0x868B, 0x868C, 0x86B6, 0x86AF, 0x86C4, 0x86C6, 0x86B0, 0x86C9, 0x8823, 0x86AB, 0x86D4,
	0x86DE, 0x86E9, 0x86EC, 0x86DF, 0x86DB, 0x86EF, 0x8712, 0x8706, 0x8708, 0x8700, 0x8703, 0x86FB,
	0x8711, 0x8709, 0x870D, 0x86F9, 0x870A, 0x8734, 0x873F, 0x8737, 0x873B, 0x8725, 0x8729, 0x871A,
	0x8760, 0x875F, 0x8778, 0x874C, 0x874E, 0x8774, 0x8757, 0x8768, 0x876E, 0x8759, 0x8753, 0x8763,
	0x876A, 0x8805, 0x87A2, 0x879F, 0x8782, 0x87AF, 0x87CB, 0x87BD, 0x87C0, 0x87D0, 0x96D6, 0x87AB,
	0x87C4, 0x87B3, 0x87C7, 0x87C6, 0x87BB, 0x87EF, 0x87F2, 0x87E0, 0x880F, 0x880D, 0x87FE, 0x87F6,
	0x87F7, 0x880E, 0x87D2, 0x8811, 0x8816, 0x8815, 0x8822, 0x8821, 0x8831, 0x8836, 0x8839, 0x8827,
	0x883B, 0x8844, 0x8842, 0x8852, 0x8859, 0x885E, 0x8862, 0x886B, 0x8881, 0x887E, 0x889E, 0x8875,
	0x887D, 0x88B5, 0x8872, 0x8882, 0x8897, 0x8892, 0x88AE, 0x8899, 0x88A2, 0x888D, 0x88A4, 0x88B0,
	0x88BF, 0x88B1, 0x88C3, 0x88C4, 0x88D4, 0x88D8, 0x88D9, 0x88DD, 0x88F9, 0x8902, 0x88FC, 0x88F4,
	0x88E8, 0x88F2, 0x8904, 0x890C, 0x890A, 0x8913, 0x8943, 0x891E, 0x8925, 0x892A, 0x892B, 0x8941,
	0x8944, 0x893B, 0x8936, 0x8938, 0x894C, 0x891D, 0x8960, 0x895E, 0x8966, 0x8964, 0x896D, 0x896A,
	0x896F, 0x8974, 0x8977, 0x897E, 0x8983, 0x8988, 0x898A, 0x8993, 0x8998, 0x89A1, 0x89A9, 0x89A6,
	0x89AC, 0x89AF, 0x89B2, 0x89BA, 0x89BD, 0x89BF, 0x89C0, 0x89DA, 0x89DC, 0x89DD, 0x89E7, 0x89F4,
	0x89F8, 0x8A03, 0x8A16, 0x8A10, 0x8A0C, 0x8A1B, 0x8A1D, 0x8A25, 0x8A36, 0x8A41, 0x8A5B, 0x8A52,
	0x8A46, 0x8A48, 0x8A7C, 0x8A6D, 0x8A6C, 0x8A62, 0x8A85, 0x8A82, 0x8A84, 0x8AA8, 0x8AA1, 0x8A91,
	0x8AA5, 0x8AA6, 0x8A9A, 0x8AA3, 0x8AC4, 0x8ACD, 0x8AC2, 0x8ADA, 0x8AEB, 0x8AF3, 0x8AE7, 0x8AE4,
	0x8AF1, 0x8B14, 0x8AE0, 0x8AE2, 0x8AF7, 0x8ADE, 0x8ADB, 0x8B0C, 0x8B07, 0x8B1A, 0x8AE1, 0x8B16,
	0x8B10, 0x8B17, 0x8B20, 0x8B33, 0x97AB, 0x8B26, 0x8B2B, 0x8B3E, 0x8B28, 0x8B41, 0x8B4C, 0x8B4F,
	0x8B4E, 0x8B49, 0x8B56, 0x8B5B, 0x8B5A, 0x8B6B, 0x8B5F, 0x8B6C, 0x8B6F, 0x8B74, 0x8B7D, 0x8B80,
	0x8B8C, 0x8B8E, 0x8B92, 0x8B93, 0x8B96, 0x8B99, 0x8B9A, 0x8C3A, 0x8C41, 0x8C3F, 0x8C48, 0x8C4C,
	0x8C4E, 0x8C50, 0x8C55, 0x8C62, 0x8C6C, 0x8C78, 0x8C7A, 0x8C82, 0x8C89, 0x8C85, 0x8C8A, 0x8C8D,
	0x8C8E, 0x8C94, 0x8C7C, 0x8C98, 0x621D, 0x8CAD, 0x8CAA, 0x8CBD, 0x8CB2, 0x8CB3, 0x8CAE, 0x8CB6,
	0x8CC8, 0x8CC1, 0x8CE4, 0x8CE3, 0x8CDA, 0x8CFD, 0x8CFA, 0x8CFB, 0x8D04, 0x8D05, 0x8D0A, 0x8D07,
	0x8D0F, 0x8D0D, 0x8D10, 0x9F4E, 0x8D13, 0x8CCD, 0x8D14, 0x8D16, 0x8D67, 0x8D6D, 0x8D71, 0x8D73,
	0x8D81, 0x8D99, 0x8DC2, 0x8DBE, 0x8DBA, 0x8DCF, 0x8DDA, 0x8DD6, 0x8DCC, 0x8DDB, 0x8DCB, 0x8DEA,
	0x8DEB, 0x8DDF, 0x8DE3, 0x8DFC, 0x8E08, 0x8E09, 0x8DFF, 0x8E1D, 0x8E1E, 0x8E10, 0x8E1F, 0x8E42,
	0x8E35, 0x8E30, 0x8E34, 0x8E4A, 0x8E47, 0x8E49, 0x8E4C, 0x8E50, 0x8E48, 0x8E59, 0x8E64, 0x8E60,
	0x8E2A, 0x8E63, 0x8E55, 0x8E76, 0x8E72, 0x8E7C, 0x8E81, 0x8E87, 0x8E85, 0x8E84, 0x8E8B, 0x8E8A,
	0x8E93, 0x8E91, 0x8E94, 0x8E99, 0x8EAA, 0x8EA1, 0x8EAC, 0x8EB0, 0x8EC6, 0x8EB1, 0x8EBE, 0x8EC5,
	0x8EC8, 0x8ECB, 0x8EDB, 0x8EE3, 0x8EFC, 0x8EFB, 0x8EEB, 0x8EFE, 0x8F0A, 0x8F05, 0x8F15, 0x8F12,
	0x8F19, 0x8F13, 0x8F1C, 0x8F1F, 0x8F1B, 0x8F0C, 0x8F26, 0x8F33, 0x8F3B, 0x8F39, 0x8F45, 0x8F42,
	0x8F3E, 0x8F4C, 0x8F49, 0x8F46, 0x8F4E, 0x8F57, 0x8F5C, 0x8F62, 0x8F63, 0x8F64, 0x8F9C, 0x8F9F,
	0x8FA3, 0x8FAD, 0x8FAF, 0x8FB7, 0x8FDA, 0x8FE5, 0x8FE2, 0x8FEA, 0x8FEF, 0x9087, 0x8FF4, 0x9005,
	0x8FF9, 0x8FFA, 0x9011, 0x9015, 0x9021, 0x900D, 0x901E, 0x9016, 0x900B, 0x9027, 0x9036, 0x9035,
	0x9039, 0x8FF8, 0x904F, 0x9050, 0x9051, 0x9052, 0x900E, 0x9049, 0x903E, 0x9056, 0x9058, 0x905E,
	0x9068, 0x906F, 0x9076, 0x96A8, 0x9072, 0x9082, 0x907D, 0x9081, 0x9080, 0x908A, 0x9089, 0x908F,
	0x90A8, 0x90AF, 0x90B1, 0x90B5, 0x90E2, 0x90E4, 0x6248, 0x90DB, 0x9102, 0x9112, 0x9119, 0x9132,
	0x9130, 0x914A, 0x9156, 0x9158, 0x9163, 0x9165, 0x9169, 0x9173, 0x9172, 0x918B, 0x9189, 0x9182,
	0x91A2, 0x91AB, 0x91AF, 0x91AA, 0x91B5, 0x91B4, 0x91BA, 0x91C0, 0x91C1, 0x91C9, 0x91CB, 0x91D0,
	0x91D6, 0x91DF, 0x91E1, 0x91DB, 0x91FC, 0x91F5, 0x91F6, 0x921E, 0x91FF, 0x9214, 0x922C, 0x9215,
	0x9211, 0x925E, 0x9257, 0x9245, 0x9249, 0x9264, 0x9248, 0x9295, 0x923F, 0x924B, 0x9250, 0x929C,
	0x9296, 0x9293, 0x929B, 0x925A, 0x92CF, 0x92B9, 0x92B7, 0x92E9, 0x930F, 0x92FA, 0x9344, 0x932E,
	0x9319, 0x9322, 0x931A, 0x9323, 0x933A, 0x9335, 0x933B, 0x935C, 0x9360, 0x937C, 0x936E, 0x9356,
	0x93B0, 0x93AC, 0x93AD, 0x9394, 0x93B9, 0x93D6, 0x93D7, 0x93E8, 0x93E5, 0x93D8, 0x93C3, 0x93DD,
	0x93D0, 0x93C8, 0x93E4, 0x941A, 0x9414, 0x9413, 0x9403, 0x9407, 0x9410, 0x9436, 0x942B, 0x9435,
	0x9421, 0x943A, 0x9441, 0x9452, 0x9444, 0x945B, 0x9460, 0x9462, 0x945E, 0x946A, 0x9229, 0x9470,
	0x9475, 0x9477, 0x947D, 0x945A, 0x947C, 0x947E, 0x9481, 0x947F, 0x9582, 0x9587, 0x958A, 0x9594,
	0x9596, 0x9598, 0x9599, 0x95A0, 0x95A8, 0x95A7, 0x95AD, 0x95BC, 0x95BB, 0x95B9, 0x95BE, 0x95CA,
	0x6FF6, 0x95C3, 0x95CD, 0x95CC, 0x95D5, 0x95D4, 0x95D6, 0x95DC, 0x95E1, 0x95E5, 0x95E2, 0x9621,
	0x9628, 0x962E, 0x962F, 0x9642, 0x964C, 0x964F, 0x964B, 0x9677, 0x965C, 0x965E, 0x965D, 0x965F,
	0x9666, 0x9672, 0x966C, 0x968D, 0x9698, 0x9695, 0x9697, 0x96AA, 0x96A7, 0x96B1, 0x96B2, 0x96B0,
	0x96B4, 0x96B6, 0x96B8, 0x96B9, 0x96CE, 0x96CB, 0x96C9, 0x96CD, 0x894D, 0x96DC, 0x970D, 0x96D5,
	0x96F9, 0x9704, 0x9706, 0x9708, 0x9713, 0x970E, 0x9711, 0x970F, 0x9716, 0x9719, 0x9724, 0x972A,
	0x9730, 0x9739, 0x973D, 0x973E, 0x9744, 0x9746, 0x9748, 0x9742, 0x9749, 0x975C, 0x9760, 0x9764,
	0x9766, 0x9768, 0x52D2, 0x976B, 0x9771, 0x9779, 0x9785, 0x977C, 0x9781, 0x977A, 0x9786, 0x978B,
	0x978F, 0x9790, 0x979C, 0x97A8, 0x97A6, 0x97A3, 0x97B3, 0x97B4, 0x97C3, 0x97C6, 0x97C8, 0x97CB,
	0x97DC, 0x97ED, 0x9F4F, 0x97F2, 0x7ADF, 0x97F6, 0x97F5, 0x980F, 0x980C, 0x9838, 0x9824, 0x9821,
	0x9837, 0x983D, 0x9846, 0x984F, 0x984B, 0x986B, 0x986F, 0x9870, 0x9871, 0x9874, 0x9873, 0x98AA,
	0x98AF, 0x98B1, 0x98B6, 0x98C4, 0x98C3, 0x98C6, 0x98E9, 0x98EB, 0x9903, 0x9909, 0x9912, 0x9914,
	0x9918, 0x9921, 0x991D, 0x991E, 0x9924, 0x9920, 0x992C, 0x992E, 0x993D, 0x993E, 0x9942, 0x9949,
	0x9945, 0x9950, 0x994B, 0x9951, 0x9952, 0x994C, 0x9955, 0x9997, 0x9998, 0x99A5, 0x99AD, 0x99AE,
	0x99BC, 0x99DF, 0x99DB, 0x99DD, 0x99D8, 0x99D1, 0x99ED, 0x99EE, 0x99F1, 0x99F2, 0x99FB, 0x99F8,
	0x9A01, 0x9A0F, 0x9A05, 0x99E2, 0x9A19, 0x9A2B, 0x9A37, 0x9A45, 0x9A42, 0x9A40, 0x9A43, 0x9A3E,
	0x9A55, 0x9A4D, 0x9A5B, 0x9A57, 0x9A5F, 0x9A62, 0x9A65, 0x9A64, 0x9A69, 0x9A6B, 0x9A6A, 0x9AAD,
	0x9AB0, 0x9ABC, 0x9AC0, 0x9ACF, 0x9AD1, 0x9AD3, 0x9AD4, 0x9ADE, 0x9ADF, 0x9AE2, 0x9AE3, 0x9AE6,
	0x9AEF, 0x9AEB, 0x9AEE, 0x9AF4, 0x9AF1, 0x9AF7, 0x9AFB, 0x9B06, 0x9B18, 0x9B1A, 0x9B1F, 0x9B22,
	0x9B23, 0x9B25, 0x9B27, 0x9B28, 0x9B29, 0x9B2A, 0x9B2E, 0x9B2F, 0x9B32, 0x9B44, 0x9B43, 0x9B4F,
	0x9B4D, 0x9B4E, 0x9B51, 0x9B58, 0x9B74, 0x9B93, 0x9B83, 0x9B91, 0x9B96, 0x9B97, 0x9B9F, 0x9BA0,
	0x9BA8, 0x9BB4, 0x9BC0, 0x9BCA, 0x9BB9, 0x9BC6, 0x9BCF, 0x9BD1, 0x9BD2, 0x9BE3, 0x9BE2, 0x9BE4,
	0x9BD4, 0x9BE1, 0x9C3A, 0x9BF2, 0x9BF1, 0x9BF0, 0x9C15, 0x9C14, 0x9C09, 0x9C13, 0x9C0C, 0x9C06,
	0x9C08, 0x9C12, 0x9C0A, 0x9C04, 0x9C2E, 0x9C1B, 0x9C25, 0x9C24, 0x9C21, 0x9C30, 0x9C47, 0x9C32,
	0x9C46, 0x9C3E, 0x9C5A, 0x9C60, 0x9C67, 0x9C76, 0x9C78, 0x9CE7, 0x9CEC, 0x9CF0, 0x9D09, 0x9D08,
	0x9CEB, 0x9D03, 0x9D06, 0x9D2A, 0x9D26, 0x9DAF, 0x9D23, 0x9D1F, 0x9D44, 0x9D15, 0x9D12, 0x9D41,
	0x9D3F, 0x9D3E, 0x9D46, 0x9D48, 0x9D5D, 0x9D5E, 0x9D64, 0x9D51, 0x9D50, 0x9D59, 0x9D72, 0x9D89,
	0x9D87, 0x9DAB, 0x9D6F, 0x9D7A, 0x9D9A, 0x9DA4, 0x9DA9, 0x9DB2, 0x9DC4, 0x9DC1, 0x9DBB, 0x9DB8,
	0x9DBA, 0x9DC6, 0x9DCF, 0x9DC2, 0x9DD9, 0x9DD3, 0x9DF8, 0x9DE6, 0x9DED, 0x9DEF, 0x9DFD, 0x9E1A,
	0x9E1B, 0x9E1E, 0x9E75, 0x9E79, 0x9E7D, 0x9E81, 0x9E88, 0x9E8B, 0x9E8C, 0x9E92, 0x9E95, 0x9E91,
	0x9E9D, 0x9EA5, 0x9EA9, 0x9EB8, 0x9EAA, 0x9EAD, 0x9761, 0x9ECC, 0x9ECE, 0x9ECF, 0x9ED0, 0x9ED4,
	0x9EDC, 0x9EDE, 0x9EDD, 0x9EE0, 0x9EE5, 0x9EE8, 0x9EEF, 0x9EF4, 0x9EF6, 0x9EF7, 0x9EF9, 0x9EFB,
	0x9EFC, 0x9EFD, 0x9F07, 0x9F08, 0x76B7, 0x9F15, 0x9F21, 0x9F2C, 0x9F3E, 0x9F4A, 0x9F52, 0x9F54,
	0x9F63, 0x9F5F, 0x9F60, 0x9F61, 0x9F66, 0x9F67, 0x9F6C, 0x9F6A, 0x9F77, 0x9F72, 0x9F76, 0x9F95,
	0x9F9C, 0x9FA0, 0x582F, 0x69C7, 0x9059, 0x7464, 0x51DC, 0x7199, 0x0000, 0x0000, 0x0000, 0x0000,
	0x0000, 0x0000, 0x0000, 0x0000, 0x0000, 0x0000, 0x0000, 0x0000, 0x0000, 0x0000, 0x0000, 0x0000,
	0x0000, 0x0000, 0x0000, 0x0000, 0x0000, 0x0000, 0x0000, 0x0000, 0x0000, 0x0000, 0x0000, 0x0000,
	0x0000, 0x0000, 0x0000, 0x0000, 0x0000, 0x0000, 0x0000, 0x0000, 0x0000, 0x0000, 0x0000, 0x0000,
	0x0000, 0x0000, 0x0000, 0x0000, 0x0000, 0x0000, 0x0000, 0x0000, 0x0000, 0x0000, 0x0000, 0x0000,
	0x0000, 0x0000, 0x0000, 0x0000, 0x0000, 0x0000, 0x0000, 0x0000, 0x0000, 0x0000, 0x0000, 0x0000,
	0x0000, 0x0000, 0x0000, 0x0000, 0x0000, 0x0000, 0x0000, 0x0000, 0x0000, 0x0000, 0x0000, 0x0000,
	0x0000, 0x0000, 0x0000, 0x0000, 0x0000, 0x0000, 0x0000, 0x0000, 0x0000, 0x0000, 0x0000, 0x0000,
	0x0000, 0x0000, 0x0000, 0x0000, 0x0000, 0x0000, 0x0000, 0x0000, 0x0000, 0x0000, 0x0000, 0x0000,
	0x0000, 0x0000, 0x0000, 0x0000, 0x0000, 0x0000, 0x0000, 0x0000, 0x0000, 0x0000, 0x0000, 0x0000,
	0x0000, 0x0000, 0x0000, 0x0000, 0x0000, 0x0000, 0x0000, 0x0000, 0x0000, 0x0000, 0x0000, 0x0000,
	0x0000, 0x0000, 0x0000, 0x0000, 0x0000, 0x0000, 0x0000, 0x0000, 0x0000, 0x0000, 0x0000, 0x0000,
	0x0000, 0x0000, 0x0000, 0x0000, 0x0000, 0x0000, 0x0000, 0x0000, 0x0000, 0x0000, 0x0000, 0x0000,
	0x0000, 0x0000, 0x0000, 0x0000, 0x0000, 0x0000, 0x0000, 0x0000, 0x0000, 0x0000, 0x0000, 0x0000,
	0x0000, 0x0000, 0x0000, 0x0000, 0x0000, 0x0000, 0x0000, 0x0000, 0x0000, 0x0000, 0x0000, 0x0000,
	0x0000, 0x0000, 0x0000, 0x0000, 0x0000, 0x0000, 0x0000, 0x0000, 0x0000, 0x0000, 0x0000, 0x0000,
	0x0000, 0x0000, 0x0000, 0x0000, 0x0000, 0x0000, 0x0000, 0x0000, 0x0000, 0x0000, 0x0000, 0x0000,
	0x0000, 0x0000, 0x0000, 0x0000, 0x0000, 0x0000, 0x0000, 0x0000, 0x0000, 0x0000, 0x0000, 0x0000,
	0x0000, 0x0000, 0x0000, 0x0000, 0x0000, 0x0000, 0x0000, 0x0000, 0x0000, 0x0000, 0x0000, 0x0000,
	0x0000, 0x0000, 0x0000, 0x0000, 0x0000, 0x0000, 0x0000, 0x0000, 0x0000, 0x0000, 0x0000, 0x0000,
	0x0000, 0x0000, 0x0000, 0x0000, 0x0000, 0x0000, 0x0000, 0x0000, 0x0000, 0x0000, 0x0000, 0x0000,
	0x0000, 0x0000, 0x0000, 0x0000, 0x0000, 0x0000, 0x0000, 0x0000, 0x0000, 0x0000, 0x0000, 0x0000,
	0x0000, 0x0000, 0x0000, 0x0000, 0x0000, 0x0000, 0x0000, 0x0000, 0x0000, 0x0000, 0x0000, 0x0000,
	0x0000, 0x0000, 0x0000, 0x0000, 0x0000, 0x0000, 0x0000, 0x0000, 0x0000, 0x0000, 0x0000, 0x0000,
	0x0000, 0x0000, 0x0000, 0x0000, 0x0000, 0x0000, 0x0000, 0x0000, 0x0000, 0x0000, 0x0000, 0x0000,
	0x0000, 0x0000, 0x0000, 0x0000, 0x0000, 0x0000, 0x0000, 0x0000, 0x0000, 0x0000, 0x0000, 0x0000,
	0x0000, 0x0000, 0x0000, 0x0000, 0x0000, 0x0000, 0x0000, 0x0000, 0x0000, 0x0000, 0x0000, 0x0000,
	0x0000, 0x0000, 0x0000, 0x0000, 0x0000, 0x0000, 0x0000, 0x0000, 0x0000, 0x0000, 0x0000, 0x0000,
	0x0000, 0x0000, 0x0000, 0x0000, 0x0000, 0x0000, 0x0000, 0x0000, 0x0000, 0x0000, 0x0000, 0x0000,
	0x0000, 0x0000, 0x0000, 0x0000, 0x0000, 0x0000, 0x0000, 0x0000, 0x0000, 0x0000, 0x0000, 0x0000,
	0x0000, 0x0000, 0x0000, 0x0000, 0x0000, 0x0000, 0x0000, 0x0000, 0x0000, 0x0000, 0x0000, 0x0000,
	0x0000, 0x0000, 0x0000, 0x0000, 0x0000, 0x0000, 0x0000, 0x0000, 0x0000, 0x0000, 0x0000, 0x0000,
	0x0000, 0x0000, 0x0000, 0x0000, 0x0000, 0x0000, 0x0000, 0x0000, 0x0000, 0x0000, 0x0000, 0x0000,
	0x0000, 0x0000, 0x0000, 0x0000, 0x0000, 0x0000, 0x0000, 0x0000, 0x0000, 0x0000, 0x0000, 0x0000,
	0x0000, 0x0000, 0x0000, 0x0000, 0x0000, 0x0000, 0x0000, 0x0000, 0x0000, 0x0000, 0x0000, 0x0000,
	0x0000, 0x0000, 0x0000, 0x0000, 0x0000, 0x0000, 0x0000, 0x0000, 0x0000, 0x0000, 0x0000, 0x0000,
	0x0000, 0x0000, 0x0000, 0x0000, 0x0000, 0x0000, 0x0000, 0x0000, 0x0000, 0x0000, 0x0000, 0x0000,
	0x0000, 0x0000, 0x0000, 0x0000, 0x0000, 0x0000, 0x0000, 0x0000, 0x0000, 0x0000, 0x0000, 0x0000,
	0x0000, 0x0000, 0x0000, 0x0000, 0x0000, 0x0000, 0x0000, 0x0000, 0x0000, 0x0000, 0x0000, 0x0000,
	0x0000, 0x0000, 0x0000, 0x0000, 0x7E8A, 0x891C, 0x9348, 0x9288, 0x84DC, 0x4FC9, 0x70BB, 0x6631,
	0x68C8, 0x92F9, 0x66FB, 0x5F45, 0x4E28, 0x4EE1, 0x4EFC, 0x4F00, 0x4F03, 0x4F39, 0x4F56, 0x4F92,
	0x4F8A, 0x4F9A, 0x4F94, 0x4FCD, 0x5040, 0x5022, 0x4FFF, 0x501E, 0x5046, 0x5070, 0x5042, 0x5094,
	0x50F4, 0x50D8, 0x514A, 0x5164, 0x519D, 0x51BE, 0x51EC, 0x5215, 0x529C, 0x52A6, 0x52C0, 0x52DB,
	0x5300, 0x5307, 0x5324, 0x5372, 0x5393, 0x53B2, 0x53DD, 0xFA0E, 0x549C, 0x548A, 0x54A9, 0x54FF,
	0x5586, 0x5759, 0x5765, 0x57AC, 0x57C8, 0x57C7, 0xFA0F, 0xFA10, 0x589E, 0x58B2, 0x590B, 0x5953,
	0x595B, 0x595D, 0x5963, 0x59A4, 0x59BA, 0x5B56, 0x5BC0, 0x752F, 0x5BD8, 0x5BEC, 0x5C1E, 0x5CA6,
	0x5CBA, 0x5CF5, 0x5D27, 0x5D53, 0xFA11, 0x5D42, 0x5D6D, 0x5DB8, 0x5DB9, 0x5DD0, 0x5F21, 0x5F34,
	0x5F67, 0x5FB7, 0x5FDE, 0x605D, 0x6085, 0x608A, 0x60DE, 0x60D5, 0x6120, 0x60F2, 0x6111, 0x6137,
	0x6130, 0x6198, 0x6213, 0x62A6, 0x63F5, 0x6460, 0x649D, 0x64CE, 0x654E, 0x6600, 0x6615, 0x663B,
	0x6609, 0x662E, 0x661E, 0x6624, 0x6665, 0x6657, 0x6659, 0xFA12, 0x6673, 0x6699, 0x66A0, 0x66B2,
	0x66BF, 0x66FA, 0x670E, 0xF929, 0x6766, 0x67BB, 0x6852, 0x67C0, 0x6801, 0x6844, 0x68CF, 0xFA13,
	0x6968, 0xFA14, 0x6998, 0x69E2, 0x6A30, 0x6A6B, 0x6A46, 0x6A73, 0x6A7E, 0x6AE2, 0x6AE4, 0x6BD6,
	0x6C3F, 0x6C5C, 0x6C86, 0x6C6F, 0x6CDA, 0x6D04, 0x6D87, 0x6D6F, 0x6D96, 0x6DAC, 0x6DCF, 0x6DF8,
	0x6DF2, 0x6DFC, 0x6E39, 0x6E5C, 0x6E27, 0x6E3C, 0x6EBF, 0x6F88, 0x6FB5, 0x6FF5, 0x7005, 0x7007,
	0x7028, 0x7085, 0x70AB, 0x710F, 0x7104, 0x715C, 0x7146, 0x7147, 0xFA15, 0x71C1, 0x71FE, 0x72B1,
	0x72BE, 0x7324, 0xFA16, 0x7377, 0x73BD, 0x73C9, 0x73D6, 0x73E3, 0x73D2, 0x7407, 0x73F5, 0x7426,
	0x742A, 0x7429, 0x742E, 0x7462, 0x7489, 0x749F, 0x7501, 0x756F, 0x7682, 0x769C, 0x769E, 0x769B,
	0x76A6, 0xFA17, 0x7746, 0x52AF, 0x7821, 0x784E, 0x7864, 0x787A, 0x7930, 0xFA18, 0xFA19, 0xFA1A,
	0x7994, 0xFA1B, 0x799B, 0x7AD1, 0x7AE7, 0xFA1C, 0x7AEB, 0x7B9E, 0xFA1D, 0x7D48, 0x7D5C, 0x7DB7,
	0x7DA0, 0x7DD6, 0x7E52, 0x7F47, 0x7FA1, 0xFA1E, 0x8301, 0x8362, 0x837F, 0x83C7, 0x83F6, 0x8448,
	0x84B4, 0x8553, 0x8559, 0x856B, 0xFA1F, 0x85B0, 0xFA20, 0xFA21, 0x8807, 0x88F5, 0x8A12, 0x8A37,
	0x8A79, 0x8AA7, 0x8ABE, 0x8ADF, 0xFA22, 0x8AF6, 0x8B53, 0x8B7F, 0x8CF0, 0x8CF4, 0x8D12, 0x8D76,
	0xFA23, 0x8ECF, 0xFA24, 0xFA25, 0x9067, 0x90DE, 0xFA26, 0x9115, 0x9127, 0x91DA, 0x91D7, 0x91DE,
	0x91ED, 0x91EE, 0x91E4, 0x91E5, 0x9206, 0x9210, 0x920A, 0x923A, 0x9240, 0x923C, 0x924E, 0x9259,
	0x9251, 0x9239, 0x9267, 0x92A7, 0x9277, 0x9278, 0x92E7, 0x92D7, 0x92D9, 0x92D0, 0xFA27, 0x92D5,
	0x92E0, 0x92D3, 0x9325, 0x9321, 0x92FB, 0xFA28, 0x931E, 0x92FF, 0x931D, 0x9302, 0x9370, 0x9357,
	0x93A4, 0x93C6, 0x93DE, 0x93F8, 0x9431, 0x9445, 0x9448, 0x9592, 0xF9DC, 0xFA29, 0x969D, 0x96AF,
	0x9733, 0x973B, 0x9743, 0x974D, 0x974F, 0x9751, 0x9755, 0x9857, 0x9865, 0xFA2A, 0xFA2B, 0x9927,
	0xFA2C, 0x999E, 0x9A4E, 0x9AD9, 0x9ADC, 0x9B75, 0x9B72, 0x9B8F, 0x9BB1, 0x9BBB, 0x9C00, 0x9D70,
	0x9D6B, 0xFA2D, 0x9E19, 0x9ED1, 0x0000, 0x0000, 0x2170, 0x2171, 0x2172, 0x2173, 0x2174, 0x2175,
	0x2176, 0x2177, 0x2178, 0x2179, 0xFFE2, 0xFFE4, 0xFF07, 0xFF02, 0x0000, 0x0000, 0x0000, 0x0000,
	0x0000, 0x0000, 0x0000, 0x0000, 0x0000, 0x0000, 0x0000, 0x0000, 0x0000, 0x0000, 0x0000, 0x0000,
	0x0000, 0x0000, 0x0000, 0x0000, 0x0000, 0x0000, 0x0000, 0x0000, 0x0000, 0x0000, 0x0000, 0x0000,
	0x0000, 0x0000, 0x0000, 0x0000, 0x0000, 0x0000, 0x0000, 0x0000, 0x0000, 0x0000, 0x0000, 0x0000,
	0x0000, 0x0000, 0x0000, 0x0000, 0x0000, 0x0000, 0x0000, 0x0000, 0x0000, 0x0000, 0x0000, 0x0000,
	0x0000, 0x0000, 0x0000, 0x0000, 0x0000, 0x0000, 0x0000, 0x0000, 0x0000, 0x0000, 0x0000, 0x0000,
	0x0000, 0x0000, 0x0000, 0x0000, 0x0000, 0x0000, 0x0000, 0x0000, 0x0000, 0x0000, 0x0000, 0x0000,
	0x0000, 0x0000, 0x0000, 0x0000, 0x0000, 0x0000, 0x0000, 0x0000, 0x0000, 0x0000, 0x0000, 0x0000,
	0x0000, 0x0000, 0x0000, 0x0000, 0x0000, 0x0000, 0x0000, 0x0000, 0x0000, 0x0000, 0x0000, 0x0000,
	0x0000, 0x0000, 0x0000, 0x0000, 0x0000, 0x0000, 0x0000, 0x0000, 0x0000, 0x0000, 0x0000, 0x0000,
	0x0000, 0x0000, 0x0000, 0x0000, 0x0000, 0x0000, 0x0000, 0x0000, 0x0000, 0x0000, 0x0000, 0x0000,
	0x0000, 0x0000, 0x0000, 0x0000, 0x0000, 0x0000, 0x0000, 0x0000, 0x0000, 0x0000, 0x0000, 0x0000,
	0x0000, 0x0000, 0x0000, 0x0000, 0x0000, 0x0000, 0x0000, 0x0000, 0x0000, 0x0000, 0x0000, 0x0000,
	0x0000, 0x0000, 0x0000, 0x0000, 0x0000, 0x0000, 0x0000, 0x0000, 0x0000, 0x0000, 0x0000, 0x0000,
	0x0000, 0x0000, 0x0000, 0x0000, 0x0000, 0x0000, 0x0000, 0x0000, 0x0000, 0x0000, 0x0000, 0x0000,
	0x0000, 0x0000, 0x0000, 0x0000, 0x0000, 0x0000, 0x0000, 0x0000, 0x0000, 0x0000, 0x0000, 0x0000,
	0x0000, 0x0000, 0x0000, 0x0000,
};

/* the characters in order, each with its row and cell (row << 8 | cell) */
const UW ms_jis_back[7332] = {
	0x00A20151, 0x00A30152, 0x00A70158, 0x00A8010F, 0x00AC022C, 0x00B0014B, 0x00B1013E, 0x00B4010D,
	0x00B60259, 0x00D7013F, 0x00F70140, 0x03910601, 0x03920602, 0x03930603, 0x03940604, 0x03950605,
	0x03960606, 0x03970607, 0x03980608, 0x03990609, 0x039A060A, 0x039B060B, 0x039C060C, 0x039D060D,
	0x039E060E, 0x039F060F, 0x03A00610, 0x03A10611, 0x03A30612, 0x03A40613, 0x03A50614, 0x03A60615,
	0x03A70616, 0x03A80617, 0x03A90618, 0x03B10621, 0x03B20622, 0x03B30623, 0x03B40624, 0x03B50625,
	0x03B60626, 0x03B70627, 0x03B80628, 0x03B90629, 0x03BA062A, 0x03BB062B, 0x03BC062C, 0x03BD062D,
	0x03BE062E, 0x03BF062F, 0x03C00630, 0x03C10631, 0x03C30632, 0x03C40633, 0x03C50634, 0x03C60635,
	0x03C70636, 0x03C80637, 0x03C90638, 0x04010707, 0x04100701, 0x04110702, 0x04120703, 0x04130704,
	0x04140705, 0x04150706, 0x04160708, 0x04170709, 0x0418070A, 0x0419070B, 0x041A070C, 0x041B070D,
	0x041C070E, 0x041D070F, 0x041E0710, 0x041F0711, 0x04200712, 0x04210713, 0x04220714, 0x04230715,
	0x04240716, 0x04250717, 0x04260718, 0x04270719, 0x0428071A, 0x0429071B, 0x042A071C, 0x042B071D,
	0x042C071E, 0x042D071F, 0x042E0720, 0x042F0721, 0x04300731, 0x04310732, 0x04320733, 0x04330734,
	0x04340735, 0x04350736, 0x04360738, 0x04370739, 0x0438073A, 0x0439073B, 0x043A073C, 0x043B073D,
	0x043C073E, 0x043D073F, 0x043E0740, 0x043F0741, 0x04400742, 0x04410743, 0x04420744, 0x04430745,
	0x04440746, 0x04450747, 0x04460748, 0x04470749, 0x0448074A, 0x0449074B, 0x044A074C, 0x044B074D,
	0x044C074E, 0x044D074F, 0x044E0750, 0x044F0751, 0x04510737, 0x2010011E, 0x2015011D, 0x20160122,
	0x20180126, 0x20190127, 0x201C0128, 0x201D0129, 0x20200257, 0x20210258, 0x20250125, 0x20260124,
	0x20300253, 0x2032014C, 0x2033014D, 0x203B0208, 0x2103014E, 0x21160D42, 0x21210D44, 0x212B0252,
	0x21600D15, 0x21610D16, 0x21620D17, 0x21630D18, 0x21640D19, 0x21650D1A, 0x21660D1B, 0x21670D1C,
	0x21680D1D, 0x21690D1E, 0x21705C51, 0x21715C52, 0x21725C53, 0x21735C54, 0x21745C55, 0x21755C56,
	0x21765C57, 0x21775C58, 0x21785C59, 0x21795C5A, 0x2190020B, 0x2191020C, 0x2192020A, 0x2193020D,
	0x21D2022D, 0x21D4022E, 0x2200022F, 0x2202023F, 0x22030230, 0x22070240, 0x2208021A, 0x220B021B,
	0x22110D54, 0x2212013D, 0x221A0245, 0x221D0247, 0x221E0147, 0x221F0D58, 0x2220023C, 0x22250122,
	0x2227022A, 0x2228022B, 0x22290221, 0x222A0220, 0x222B0249, 0x222C024A, 0x222E0D53, 0x22340148,
	0x22350248, 0x223D0246, 0x22520242, 0x22600142, 0x22610241, 0x22660145, 0x22670146, 0x226A0243,
	0x226B0244, 0x2282021E, 0x2283021F, 0x2286021C, 0x2287021D, 0x22A5023D, 0x22BF0D59, 0x2312023E,
	0x24600D01, 0x24610D02, 0x24620D03, 0x24630D04, 0x24640D05, 0x24650D06, 0x24660D07, 0x24670D08,
	0x24680D09, 0x24690D0A, 0x246A0D0B, 0x246B0D0C, 0x246C0D0D, 0x246D0D0E, 0x246E0D0F, 0x246F0D10,
	0x24700D11, 0x24710D12, 0x24720D13, 0x24730D14, 0x25000801, 0x2501080C, 0x25020802, 0x2503080D,
	0x250C0803, 0x250F080E, 0x25100804, 0x2513080F, 0x25140806, 0x25170811, 0x25180805, 0x251B0810,
	0x251C0807, 0x251D081C, 0x25200817, 0x25230812, 0x25240809, 0x2525081E, 0x25280819, 0x252B0814,
	0x252C0808, 0x252F0818, 0x2530081D, 0x25330813, 0x2534080A, 0x2537081A, 0x2538081F, 0x253B0815,
	0x253C080B, 0x253F081B, 0x25420820, 0x254B0816, 0x25A00203, 0x25A10202, 0x25B20205, 0x25B30204,
	0x25BC0207, 0x25BD0206, 0x25C60201, 0x25C7015E, 0x25CB015B, 0x25CE015D, 0x25CF015C, 0x25EF025E,
	0x2605015A, 0x26060159, 0x2640014A, 0x26420149, 0x266A0256, 0x266D0255, 0x266F0254, 0x30000101,
	0x30010102, 0x30020103, 0x30030117, 0x30050119, 0x3006011A, 0x3007011B, 0x30080132, 0x30090133,
	0x300A0134, 0x300B0135, 0x300C0136, 0x300D0137, 0x300E0138, 0x300F0139, 0x3010013A, 0x3011013B,
	0x30120209, 0x3013020E, 0x3014012C, 0x3015012D, 0x301C0121, 0x301D0D40, 0x301F0D41, 0x30410401,
	0x30420402, 0x30430403, 0x30440404, 0x30450405, 0x30460406, 0x30470407, 0x30480408, 0x30490409,
	0x304A040A, 0x304B040B, 0x304C040C, 0x304D040D, 0x304E040E, 0x304F040F, 0x30500410, 0x30510411,
	0x30520412, 0x30530413, 0x30540414, 0x30550415, 0x30560416, 0x30570417, 0x30580418, 0x30590419,
	0x305A041A, 0x305B041B, 0x305C041C, 0x305D041D, 0x305E041E, 0x305F041F, 0x30600420, 0x30610421,
	0x30620422, 0x30630423, 0x30640424, 0x30650425, 0x30660426, 0x30670427, 0x30680428, 0x30690429,
	0x306A042A, 0x306B042B, 0x306C042C, 0x306D042D, 0x306E042E, 0x306F042F, 0x30700430, 0x30710431,
	0x30720432, 0x30730433, 0x30740434, 0x30750435, 0x30760436, 0x30770437, 0x30780438, 0x30790439,
	0x307A043A, 0x307B043B, 0x307C043C, 0x307D043D, 0x307E043E, 0x307F043F, 0x30800440, 0x30810441,
	0x30820442, 0x30830443, 0x30840444, 0x30850445, 0x30860446, 0x30870447, 0x30880448, 0x30890449,
	0x308A044A, 0x308B044B, 0x308C044C, 0x308D044D, 0x308E044E, 0x308F044F, 0x30900450, 0x30910451,
	0x30920452, 0x30930453, 0x309B010B, 0x309C010C, 0x309D0115, 0x309E0116, 0x30A10501, 0x30A20502,
	0x30A30503, 0x30A40504, 0x30A50505, 0x30A60506, 0x30A70507, 0x30A80508, 0x30A90509, 0x30AA050A,
	0x30AB050B, 0x30AC050C, 0x30AD050D, 0x30AE050E, 0x30AF050F, 0x30B00510, 0x30B10511, 0x30B20512,
	0x30B30513, 0x30B40514, 0x30B50515, 0x30B60516, 0x30B70517, 0x30B80518, 0x30B90519, 0x30BA051A,
	0x30BB051B, 0x30BC051C, 0x30BD051D, 0x30BE051E, 0x30BF051F, 0x30C00520, 0x30C10521, 0x30C20522,
	0x30C30523, 0x30C40524, 0x30C50525, 0x30C60526, 0x30C70527, 0x30C80528, 0x30C90529, 0x30CA052A,
	0x30CB052B, 0x30CC052C, 0x30CD052D, 0x30CE052E, 0x30CF052F, 0x30D00530, 0x30D10531, 0x30D20532,
	0x30D30533, 0x30D40534, 0x30D50535, 0x30D60536, 0x30D70537, 0x30D80538, 0x30D90539, 0x30DA053A,
	0x30DB053B, 0x30DC053C, 0x30DD053D, 0x30DE053E, 0x30DF053F, 0x30E00540, 0x30E10541, 0x30E20542,
	0x30E30543, 0x30E40544, 0x30E50545, 0x30E60546, 0x30E70547, 0x30E80548, 0x30E90549, 0x30EA054A,
	0x30EB054B, 0x30EC054C, 0x30ED054D, 0x30EE054E, 0x30EF054F, 0x30F00550, 0x30F10551, 0x30F20552,
	0x30F30553, 0x30F40554, 0x30F50555, 0x30F60556, 0x30FB0106, 0x30FC011C, 0x30FD0113, 0x30FE0114,
	0x32310D4A, 0x32320D4B, 0x32390D4C, 0x32A40D45, 0x32A50D46, 0x32A60D47, 0x32A70D48, 0x32A80D49,
	0x33030D26, 0x330D0D2A, 0x33140D21, 0x33180D24, 0x33220D22, 0x33230D2C, 0x33260D2B, 0x33270D25,
	0x332B0D2D, 0x33360D27, 0x333B0D2F, 0x33490D20, 0x334A0D2E, 0x334D0D23, 0x33510D28, 0x33570D29,
	0x337B0D3F, 0x337C0D4F, 0x337D0D4E, 0x337E0D4D, 0x338E0D33, 0x338F0D34, 0x339C0D30, 0x339D0D31,
	0x339E0D32, 0x33A10D36, 0x33C40D35, 0x33CD0D43, 0x4E00104C, 0x4E01235A, 0x4E031C17, 0x4E072B5C,
	0x4E081E46, 0x4E091B10, 0x4E0A1E45, 0x4E0B121C, 0x4E0D2934, 0x4E0E2D1F, 0x4E103002, 0x4E11110F,
	0x4E14134E, 0x4E153003, 0x4E162004, 0x4E173222, 0x4E181536, 0x4E192A1A, 0x4E1E1E47, 0x4E212E1E,
	0x4E262A22, 0x4E28590D, 0x4E2A3004, 0x4E2D2346, 0x4E313005, 0x4E32165A, 0x4E363006, 0x4E38143D,
	0x4E392310, 0x4E3B1C47, 0x4E3C3007, 0x4E3F3008, 0x4E423009, 0x4E432715, 0x4E451537, 0x4E4B2717,
	0x4E4D2643, 0x4E4E1823, 0x4E4F2B13, 0x4E554929, 0x4E56300A, 0x4E571E48, 0x4E58300B, 0x4E591215,
	0x4E5D1645, 0x4E5E1850, 0x4E5F2C49, 0x4E623606, 0x4E712D50, 0x4E73265D, 0x4E7E1405, 0x4E801515,
	0x4E82300C, 0x4E85300D, 0x4E862E1B, 0x4E882D1D, 0x4E892148, 0x4E8A300F, 0x4E8B1B56, 0x4E8C2653,
	0x4E8E3012, 0x4E91111E, 0x4E92183F, 0x4E94183E, 0x4E951046, 0x4E982F2B, 0x4E992F2A, 0x4E9B1A13,
	0x4E9C1001, 0x4E9E3013, 0x4E9F3014, 0x4EA03015, 0x4EA12B14, 0x4EA23016, 0x4EA41852, 0x4EA51047,
	0x4EA62B52, 0x4EA8155C, 0x4EAB155D, 0x4EAC155E, 0x4EAD2442, 0x4EAE2E1C, 0x4EB03017, 0x4EB33018,
	0x4EB63019, 0x4EBA1F2D, 0x4EC01D1A, 0x4EC11F2E, 0x4EC2301E, 0x4EC4301C, 0x4EC6301D, 0x4EC71538,
	0x4ECA1A03, 0x4ECB1250, 0x4ECD301B, 0x4ECE301A, 0x4ECF2A09, 0x4ED41B26, 0x4ED51B25, 0x4ED6221E,
	0x4ED7301F, 0x4ED82935, 0x4ED92047, 0x4EDD0118, 0x4EDE3020, 0x4EDF3022, 0x4EE1590E, 0x4EE32245,
	0x4EE42E41, 0x4EE5102A, 0x4EED3021, 0x4EEE121E, 0x4EF01624, 0x4EF22347, 0x4EF6174F, 0x4EF73023,
	0x4EFB2704, 0x4EFC590F, 0x4F005910, 0x4F01144B, 0x4F035911, 0x4F093024, 0x4F0A102B, 0x4F0D1840,
	0x4F0E144C, 0x4F0F295A, 0x4F102812, 0x4F111539, 0x4F1A1251, 0x4F1C3047, 0x4F1D2521, 0x4F2F274C,
	0x4F303026, 0x4F34281C, 0x4F362E42, 0x4F381F0D, 0x4F395912, 0x4F3A1B27, 0x4F3C1B57, 0x4F3D1220,
	0x4F432431, 0x4F462302, 0x4F47302A, 0x4F4D102C, 0x4F4E2443, 0x4F4F1D1B, 0x4F501A14, 0x4F512D04,
	0x4F53222E, 0x4F55121F, 0x4F565913, 0x4F573029, 0x4F592D1E, 0x4F5A3025, 0x4F5B3027, 0x4F5C1A4E,
	0x4F5D3028, 0x4F5E3504, 0x4F693030, 0x4F6F3033, 0x4F703031, 0x4F731222, 0x4F752A1B, 0x4F76302B,
	0x4F7B302F, 0x4F7C1853, 0x4F7F1B28, 0x4F831406, 0x4F863034, 0x4F88302C, 0x4F8A5915, 0x4F8B2E43,
	0x4F8D1B58, 0x4F8F302D, 0x4F913032, 0x4F925914, 0x4F945917, 0x4F963035, 0x4F98302E, 0x4F9A5916,
	0x4F9B1601, 0x4F9D102D, 0x4FA01602, 0x4FA11221, 0x4FAB3505, 0x4FAD2B59, 0x4FAE294E, 0x4FAF1854,
	0x4FB51F0F, 0x4FB62E17, 0x4FBF2A38, 0x4FC21718, 0x4FC32205, 0x4FC41244, 0x4FC95906, 0x4FCA1D33,
	0x4FCD5918, 0x4FCE3039, 0x4FD0303E, 0x4FD1303C, 0x4FD43037, 0x4FD7220F, 0x4FD8303A, 0x4FDA303D,
	0x4FDB303B, 0x4FDD2A3D, 0x4FDF3038, 0x4FE11F0E, 0x4FE32B53, 0x4FE4303F, 0x4FE53040, 0x4FEE1D04,
	0x4FEF304D, 0x4FF32730, 0x4FF52916, 0x4FF63048, 0x4FF82A50, 0x4FFA1216, 0x4FFE304C, 0x4FFF591B,
	0x50053046, 0x5006304F, 0x50092132, 0x500B1824, 0x500D273C, 0x500F4027, 0x5011304E, 0x5012253D,
	0x50143043, 0x50161856, 0x50191855, 0x501A3041, 0x501E591C, 0x501F1C3A, 0x50213049, 0x5022591A,
	0x50232A4F, 0x5024232D, 0x50253045, 0x50261751, 0x50283042, 0x5029304A, 0x502A3044, 0x502B2E31,
	0x502C304B, 0x502D2F21, 0x50361646, 0x50391750, 0x50405919, 0x5042591F, 0x50433050, 0x5046591D,
	0x50473051, 0x50483055, 0x5049102E, 0x504F2A30, 0x50503054, 0x50553053, 0x50563057, 0x505A3056,
	0x505C2444, 0x50651752, 0x506C3058, 0x5070591E, 0x50721C25, 0x50742206, 0x50752445, 0x50761656,
	0x50783059, 0x507D1516, 0x5080305A, 0x5085305C, 0x508D2B15, 0x50911746, 0x50945920, 0x50981B11,
	0x50992857, 0x509A305B, 0x50AC1A25, 0x50AD2D23, 0x50B2305E, 0x50B33103, 0x50B4305D, 0x50B51A24,
	0x50B71D5D, 0x50BE1719, 0x50C23104, 0x50C5162F, 0x50C93101, 0x50CA3102, 0x50CD260F, 0x50CF215C,
	0x50D11603, 0x50D52B2D, 0x50D63105, 0x50D85922, 0x50DA2E1D, 0x50DE3106, 0x50E33109, 0x50E53107,
	0x50E7212E, 0x50ED3108, 0x50EE310A, 0x50F45921, 0x50F5310C, 0x50F9310B, 0x50FB2A28, 0x51001517,
	0x5101310E, 0x5102310F, 0x5104120F, 0x5109310D, 0x51121C54, 0x51143112, 0x51153111, 0x51163110,
	0x51183036, 0x511A3113, 0x511F1D5E, 0x51213114, 0x512A2D05, 0x51322C39, 0x51373116, 0x513A3115,
	0x513B3118, 0x513C3117, 0x513F3119, 0x5140311A, 0x51411054, 0x51431815, 0x5144171B, 0x51451D1C,
	0x5146235B, 0x51471604, 0x51482048, 0x51491857, 0x514A5923, 0x514B194E, 0x514C311C, 0x514D2C28,
	0x514E2526, 0x51501B59, 0x5152311B, 0x5154311D, 0x515A253E, 0x515C1355, 0x5162311E, 0x51645924,
	0x5165265E, 0x51682114, 0x51693120, 0x516A3121, 0x516B280C, 0x516C1858, 0x516D2F1B, 0x516E3122,
	0x51711606, 0x51752A1C, 0x51762216, 0x51771651, 0x51782515, 0x517C1753, 0x51803123, 0x51823124,
	0x51852642, 0x5186113F, 0x51893127, 0x518A1A5D, 0x518C3126, 0x518D1A26, 0x518F3128, 0x5190464E,
	0x51913129, 0x51922B21, 0x5193312A, 0x5195312B, 0x5196312C, 0x51971E49, 0x51991C2C, 0x519D5925,
	0x51A01407, 0x51A2312F, 0x51A4312D, 0x51A52C1D, 0x51A6312E, 0x51A8293A, 0x51A93130, 0x51AA3131,
	0x51AB3132, 0x51AC253F, 0x51B03136, 0x51B13134, 0x51B23135, 0x51B33133, 0x51B41A43, 0x51B53137,
	0x51B62C4A, 0x51B72E44, 0x51BD3138, 0x51BE5926, 0x51C42008, 0x51C53139, 0x51C61D3A, 0x51C9313A,
	0x51CB235C, 0x51CC2E1F, 0x51CD2540, 0x51D63225, 0x51DB313B, 0x51DC5405, 0x51DD1625, 0x51E0313C,
	0x51E12B3E, 0x51E61D48, 0x51E7225C, 0x51E9313E, 0x51EA2644, 0x51EC5927, 0x51ED313F, 0x51F03140,
	0x51F1130E, 0x51F53141, 0x51F61607, 0x51F8262C, 0x51F9115A, 0x51FA1D30, 0x51FD2801, 0x51FE3142,
	0x52002541, 0x52031F2F, 0x52043143, 0x52062A0C, 0x5207203A, 0x52081402, 0x520A1409, 0x520B3144,
	0x520E3146, 0x5211171A, 0x52143145, 0x52155928, 0x52172E53, 0x521D1D49, 0x5224281D, 0x52252A2C,
	0x52273147, 0x52292D58, 0x522A3148, 0x522E3149, 0x5230255E, 0x5233314A, 0x52362009, 0x52371A5E,
	0x52381754, 0x5239314B, 0x523A1B29, 0x523B194F, 0x52432446, 0x5244314D, 0x52472207, 0x524A1A4F,
	0x524B314E, 0x524C314F, 0x524D2110, 0x524F314C, 0x52543151, 0x52562B16, 0x525B1944, 0x525E3150,
	0x52631755, 0x52641A3E, 0x5265274D, 0x52693154, 0x526A3152, 0x526F295B, 0x52701E4A, 0x5271315B,
	0x52721344, 0x52733155, 0x52743153, 0x5275212F, 0x527D3157, 0x527F3156, 0x52831324, 0x52871740,
	0x5288315C, 0x52892E0D, 0x528D3158, 0x5291315D, 0x5292315A, 0x52943159, 0x529B2E2F, 0x529C5929,
	0x529F1859, 0x52A01223, 0x52A32E54, 0x52A6592A, 0x52A91D55, 0x52AA2538, 0x52AB1945, 0x52AC3202,
	0x52AD3203, 0x52AF5B1C, 0x52B12E45, 0x52B42F0B, 0x52B53205, 0x52B9185A, 0x52BC3204, 0x52BE130F,
	0x52C0592B, 0x52C13206, 0x52C32B36, 0x52C5241C, 0x52C72D06, 0x52C92A39, 0x52CD3207, 0x52D25035,
	0x52D52610, 0x52D73208, 0x52D8140A, 0x52D92C13, 0x52DB592C, 0x52DD1E01, 0x52DE3209, 0x52DF2A47,
	0x52E0320D, 0x52E2200A, 0x52E3320A, 0x52E41630, 0x52E6320B, 0x52E7140B, 0x52F2170E, 0x52F3320E,
	0x52F5320F, 0x52F83210, 0x52F93211, 0x52FA1C3B, 0x52FE185B, 0x52FF2C3E, 0x5300592D, 0x53012C48,
	0x53022657, 0x53052A51, 0x53063212, 0x5307592E, 0x53083213, 0x530D3215, 0x530F3217, 0x53103216,
	0x53153218, 0x5316121D, 0x53172B2C, 0x53191A5C, 0x531A3219, 0x531D2139, 0x53201E02, 0x53211609,
	0x5323321A, 0x5324592F, 0x532A283B, 0x532F321B, 0x5331321C, 0x5333321D, 0x5338321E, 0x53392904,
	0x533A1648, 0x533B1045, 0x533F261F, 0x5340321F, 0x53411D1D, 0x53432049, 0x53453221, 0x53463220,
	0x53471E03, 0x53481841, 0x53493223, 0x534A281E, 0x534D3224, 0x5351283C, 0x53522214, 0x5353224E,
	0x53541608, 0x5357264E, 0x53582311, 0x535A274E, 0x535C2B2E, 0x535E3226, 0x5360204A, 0x53661715,
	0x53693227, 0x536E3228, 0x536F110C, 0x53701055, 0x5371144D, 0x53725930, 0x53732208, 0x53741531,
	0x53752D51, 0x5377322B, 0x53781217, 0x537B322A, 0x537F160A, 0x5382322C, 0x53842C51, 0x53935931,
	0x5396322D, 0x53982E32, 0x539A185C, 0x539F1816, 0x53A0322E, 0x53A53230, 0x53A6322F, 0x53A81F3F,
	0x53A91119, 0x53AD113E, 0x53AE3231, 0x53B03232, 0x53B25932, 0x53B31817, 0x53B63233, 0x53BB154E,
	0x53C21B12, 0x53C33234, 0x53C82B54, 0x53C91A15, 0x53CA153A, 0x53CB2D07, 0x53CC2130, 0x53CD281F,
	0x53CE1C5D, 0x53D41D27, 0x53D61C48, 0x53D71C55, 0x53D91D56, 0x53DB2820, 0x53DD5933, 0x53DF3237,
	0x53E11123, 0x53E22131, 0x53E3185D, 0x53E41825, 0x53E51647, 0x53E8323B, 0x53E92301, 0x53EA225E,
	0x53EB160B, 0x53EC1E04, 0x53ED323C, 0x53EE323A, 0x53EF1224, 0x53F02246, 0x53F11C18, 0x53F21B2B,
	0x53F31106, 0x53F61350, 0x53F71946, 0x53F81B2A, 0x53FA323D, 0x5401323E, 0x54031529, 0x54041326,
	0x54081947, 0x54091528, 0x540A243F, 0x540B1105, 0x540C2611, 0x540D2C1E, 0x540E1901, 0x540F2D59,
	0x54102527, 0x5411185E, 0x541B170F, 0x541D3247, 0x541F1643, 0x54202B2A, 0x5426283D, 0x54293246,
	0x542B143E, 0x542C3241, 0x542D3242, 0x542E3244, 0x54363245, 0x5438153B, 0x54391F41, 0x543B2A0D,
	0x543C3243, 0x543D323F, 0x543E1843, 0x54403240, 0x54422F04, 0x54462A52, 0x54482448, 0x54491842,
	0x544A1950, 0x544E3248, 0x5451263D, 0x545F324C, 0x54681C5E, 0x546A1C56, 0x5470324F, 0x5471324D,
	0x54732C03, 0x5475324A, 0x54763253, 0x5477324E, 0x547B3251, 0x547C1826, 0x547D2C1F, 0x54803252,
	0x54843254, 0x54863256, 0x548A5936, 0x548B1A50, 0x548C2F22, 0x548E324B, 0x548F3249, 0x54903255,
	0x54923250, 0x549C5935, 0x54A23258, 0x54A43303, 0x54A5325A, 0x54A8325E, 0x54A95937, 0x54AB3301,
	0x54AC325B, 0x54AF331E, 0x54B21A49, 0x54B31311, 0x54B83259, 0x54BC3305, 0x54BD1056, 0x54BE3304,
	0x54C01005, 0x54C1292A, 0x54C23302, 0x54C4325C, 0x54C73257, 0x54C8325D, 0x54C91A28, 0x54D83306,
	0x54E11057, 0x54E2330F, 0x54E53307, 0x54E63308, 0x54E81E05, 0x54E92B49, 0x54ED330D, 0x54EE330C,
	0x54F2250F, 0x54FA330E, 0x54FD330B, 0x54FF5938, 0x55041114, 0x55061A16, 0x55071F10, 0x550F3309,
	0x55102542, 0x5514330A, 0x55161002, 0x552E3314, 0x552F2D03, 0x55311E07, 0x5533331A, 0x55383319,
	0x55393310, 0x553E2223, 0x55403311, 0x5544224F, 0x55453316, 0x55461E06, 0x554C3313, 0x554F2C44,
	0x5553171C, 0x55563317, 0x55573318, 0x555C3315, 0x555D331B, 0x55633312, 0x557B3321, 0x557C3326,
	0x557E3322, 0x5580331D, 0x55833327, 0x55842111, 0x55865939, 0x55873329, 0x55891902, 0x558A331F,
	0x558B235D, 0x55983323, 0x5599331C, 0x559A140D, 0x559C144E, 0x559D1345, 0x559E3324, 0x559F3320,
	0x55A71756, 0x55A8332A, 0x55A93328, 0x55AA2133, 0x55AB152A, 0x55AC160C, 0x55AE3325, 0x55B01654,
	0x55B61124, 0x55C4332E, 0x55C5332C, 0x55C73407, 0x55D43331, 0x55DA332B, 0x55DC332F, 0x55DF332D,
	0x55E31B2C, 0x55E43330, 0x55F73333, 0x55F93338, 0x55FD3336, 0x55FE3335, 0x56062312, 0x56091225,
	0x56143332, 0x56163334, 0x56171E08, 0x56181113, 0x561B3337, 0x5629123E, 0x562F3342, 0x56311E5C,
	0x5632333E, 0x5634333C, 0x5636333D, 0x5638333F, 0x5642111D, 0x564C2119, 0x564E3339, 0x5650333A,
	0x565B135A, 0x56643341, 0x5668144F, 0x566A3344, 0x566B3340, 0x566C3343, 0x56742A0E, 0x56782635,
	0x567A2818, 0x56803346, 0x56863345, 0x56871325, 0x568A3347, 0x568F334A, 0x56943349, 0x56A03348,
	0x56A22719, 0x56A5334B, 0x56AE334C, 0x56B4334E, 0x56B6334D, 0x56BC3350, 0x56C03353, 0x56C13351,
	0x56C2334F, 0x56C33352, 0x56C83354, 0x56CE3355, 0x56D13356, 0x56D33357, 0x56D73358, 0x56D83125,
	0x56DA1C5C, 0x56DB1B2D, 0x56DE1253, 0x56E01058, 0x56E32324, 0x56EE3359, 0x56F01A04, 0x56F2102F,
	0x56F31F3E, 0x56F9335A, 0x56FA1827, 0x56FD1951, 0x56FF335C, 0x5700335B, 0x57032A40, 0x5704335D,
	0x57083401, 0x5709335E, 0x570B3402, 0x570D3403, 0x570F1757, 0x57121140, 0x57133404, 0x57163406,
	0x57183405, 0x571C3408, 0x571F253A, 0x57263409, 0x57271015, 0x57281A3F, 0x572D171D, 0x5730232F,
	0x5737340A, 0x5738340B, 0x573B340D, 0x5740340E, 0x57421A44, 0x57471631, 0x574A2B17, 0x574E340C,
	0x574F340F, 0x57501A21, 0x57511903, 0x5759593A, 0x57613413, 0x57641A05, 0x5765593B, 0x57662313,
	0x57693410, 0x576A243A, 0x577F3414, 0x57821F42, 0x57883412, 0x57893415, 0x578B171F, 0x57933416,
	0x57A03417, 0x57A21904, 0x57A31320, 0x57A43419, 0x57AA341A, 0x57AC593C, 0x57B0341B, 0x57B33418,
	0x57C03411, 0x57C3341C, 0x57C6341D, 0x57C7593E, 0x57C8593D, 0x57CB2B44, 0x57CE1E4B, 0x57D2341F,
	0x57D33420, 0x57D4341E, 0x57D63422, 0x57DC2718, 0x57DF1048, 0x57E02936, 0x57E33423, 0x57F41E5D,
	0x57F71C19, 0x57F9273D, 0x57FA1450, 0x57FC1A4B, 0x58002B39, 0x58022612, 0x58051758, 0x5806222F,
	0x580A3421, 0x580B3424, 0x58152224, 0x58193425, 0x581D3426, 0x58213428, 0x58242449, 0x582A140E,
	0x582F5401, 0x58301141, 0x58312A53, 0x58341E4C, 0x58352528, 0x583A1A46, 0x583D342E, 0x58402A1D,
	0x58412E3D, 0x584A1254, 0x584B342A, 0x5851211A, 0x5852342D, 0x58542543, 0x58572529, 0x58582544,
	0x58592819, 0x585A242D, 0x585E1A29, 0x58623429, 0x58691156, 0x586B2516, 0x5870342B, 0x58723427,
	0x58751F30, 0x5879342F, 0x587E1D2E, 0x5883160D, 0x58853430, 0x58932A48, 0x5897215D, 0x589C2426,
	0x589E5941, 0x589F3432, 0x58A82B2F, 0x58AB3433, 0x58AE3438, 0x58B25942, 0x58B32A0F, 0x58B83437,
	0x58B93431, 0x58BA3434, 0x58BB3436, 0x58BE1A06, 0x58C12A29, 0x58C53439, 0x58C72325, 0x58CA1255,
	0x58CC1E4D, 0x58D1343B, 0x58D3343A, 0x58D51948, 0x58D7343C, 0x58D8343E, 0x58D9343D, 0x58DC3440,
	0x58DE3435, 0x58DF3442, 0x58E43441, 0x58E5343F, 0x58EB1B2E, 0x58EC1F31, 0x58EE2134, 0x58EF3443,
	0x58F0201C, 0x58F1104D, 0x58F22744, 0x58F7243B, 0x58F93445, 0x58FA3444, 0x58FB3446, 0x58FC3447,
	0x58FD3448, 0x59023449, 0x59092A31, 0x590A344A, 0x590B5943, 0x590F1226, 0x5910344B, 0x59152D1C,
	0x59161310, 0x59183229, 0x59191D28, 0x591A221F, 0x591B344C, 0x591C2C4B, 0x59222C14, 0x5925344E,
	0x59272247, 0x59292517, 0x592A2220, 0x592B2937, 0x592C344F, 0x592D3450, 0x592E115B, 0x59311C1A,
	0x59323451, 0x59371030, 0x59383452, 0x593E3453, 0x59441142, 0x59471451, 0x59482640, 0x59492A54,
	0x594E3457, 0x594F2135, 0x59503456, 0x59511720, 0x59535944, 0x59542B3B, 0x59553455, 0x59572545,
	0x59583459, 0x595A3458, 0x595B5945, 0x595D5946, 0x5960345B, 0x5962345A, 0x59635947, 0x5965115C,
	0x5967345C, 0x59681E09, 0x5969345E, 0x596A2305, 0x596C345D, 0x596E2A13, 0x59731D57, 0x5974253B,
	0x59783501, 0x597D1905, 0x59813502, 0x59822701, 0x5983283E, 0x59842C31, 0x598A2705, 0x598D350B,
	0x59931518, 0x59962D25, 0x59992C0F, 0x599B360C, 0x599D3503, 0x59A33506, 0x59A45948, 0x59A52225,
	0x59A82B18, 0x59AC252A, 0x59B23507, 0x59B92B45, 0x59BA5949, 0x59BB1A2A, 0x59BE1E0A, 0x59C63508,
	0x59C91B30, 0x59CB1B2F, 0x59D01019, 0x59D11828, 0x59D3200B, 0x59D41031, 0x59D9350C, 0x59DA350D,
	0x59DC350A, 0x59E51118, 0x59E6140F, 0x59E83509, 0x59EA2C25, 0x59EB2911, 0x59F61008, 0x59FB1059,
	0x59FF1B31, 0x5A011032, 0x5A031003, 0x5A093512, 0x5A113510, 0x5A182C1C, 0x5A1A3513, 0x5A1C3511,
	0x5A1F350F, 0x5A201F11, 0x5A25350E, 0x5A292A3A, 0x5A2F1844, 0x5A353517, 0x5A363518, 0x5A3C1E0B,
	0x5A403514, 0x5A412F0C, 0x5A46272C, 0x5A493516, 0x5A5A1A07, 0x5A623519, 0x5A662938, 0x5A6A351A,
	0x5A6C3515, 0x5A7F2C1B, 0x5A92273E, 0x5A9A351B, 0x5A9B2912, 0x5ABC351C, 0x5ABD3520, 0x5ABE351D,
	0x5AC11227, 0x5AC2351F, 0x5AC91C1B, 0x5ACB351E, 0x5ACC1759, 0x5AD0352C, 0x5AD63525, 0x5AD73522,
	0x5AE12344, 0x5AE33521, 0x5AE63523, 0x5AE93524, 0x5AFA3526, 0x5AFB3527, 0x5B091452, 0x5B0B3529,
	0x5B0C3528, 0x5B16352A, 0x5B221E4E, 0x5B2A352D, 0x5B2C243C, 0x5B301125, 0x5B32352B, 0x5B36352E,
	0x5B3E352F, 0x5B403532, 0x5B433530, 0x5B453531, 0x5B501B32, 0x5B513533, 0x5B541906, 0x5B553534,
	0x5B56594A, 0x5B571B5A, 0x5B582218, 0x5B5A3535, 0x5B5B3536, 0x5B5C1B3A, 0x5B5D1907, 0x5B5F2C32,
	0x5B631508, 0x5B641829, 0x5B653537, 0x5B661338, 0x5B693538, 0x5B6B2219, 0x5B703539, 0x5B713603,
	0x5B73353A, 0x5B75353B, 0x5B78353C, 0x5B7A353E, 0x5B80353F, 0x5B833540, 0x5B852250, 0x5B871107,
	0x5B881C49, 0x5B891022, 0x5B8B2137, 0x5B8C1410, 0x5B8D1C15, 0x5B8F1908, 0x5B952546, 0x5B971D01,
	0x5B981411, 0x5B992348, 0x5B9A244A, 0x5B9B1018, 0x5B9C1519, 0x5B9D2A55, 0x5B9F1C22, 0x5BA21532,
	0x5BA3204B, 0x5BA41C1C, 0x5BA52D08, 0x5BA63541, 0x5BAE153C, 0x5BB01A2B, 0x5BB31312, 0x5BB41143,
	0x5BB51E0C, 0x5BB61228, 0x5BB83542, 0x5BB92D26, 0x5BBF1D29, 0x5BC0594B, 0x5BC21C44, 0x5BC33543,
	0x5BC41453, 0x5BC52632, 0x5BC62C09, 0x5BC73544, 0x5BC93545, 0x5BCC2939, 0x5BD03547, 0x5BD21408,
	0x5BD31657, 0x5BD43546, 0x5BD8594D, 0x5BDB1412, 0x5BDD1F12, 0x5BDE354B, 0x5BDF1B01, 0x5BE11229,
	0x5BE2354A, 0x5BE43548, 0x5BE5354C, 0x5BE63549, 0x5BE7270B, 0x5BE83C2D, 0x5BE91F13, 0x5BEB354D,
	0x5BEC594E, 0x5BEE2E20, 0x5BF0354E, 0x5BF33550, 0x5BF5235E, 0x5BF6354F, 0x5BF82003, 0x5BFA1B5B,
	0x5BFE2230, 0x5BFF1C57, 0x5C012955, 0x5C02204C, 0x5C041C2D, 0x5C053551, 0x5C061E0D, 0x5C073552,
	0x5C083553, 0x5C091033, 0x5C0A221A, 0x5C0B1F32, 0x5C0D3554, 0x5C0E2613, 0x5C0F1E0E, 0x5C111E0F,
	0x5C133555, 0x5C16204D, 0x5C1A1E10, 0x5C1E594F, 0x5C203556, 0x5C223557, 0x5C242C40, 0x5C283558,
	0x5C2D1626, 0x5C311D02, 0x5C383559, 0x5C39355A, 0x5C3A1C3C, 0x5C3B1F0C, 0x5C3C2654, 0x5C3D1F34,
	0x5C3E2858, 0x5C3F2702, 0x5C401629, 0x5C41355B, 0x5C45154F, 0x5C46355C, 0x5C48165E, 0x5C4A262F,
	0x5C4B1210, 0x5C4D1B33, 0x5C4E355D, 0x5C4F3602, 0x5C503601, 0x5C51165D, 0x5C53355E, 0x5C552518,
	0x5C5E2210, 0x5C60252B, 0x5C611C28, 0x5C642138, 0x5C652D5A, 0x5C6C3604, 0x5C6E3605, 0x5C6F2636,
	0x5C711B13, 0x5C763607, 0x5C793608, 0x5C8C3609, 0x5C901454, 0x5C91360A, 0x5C94360B, 0x5CA1120C,
	0x5CA65950, 0x5CA8211B, 0x5CA91444, 0x5CAB360D, 0x5CAC2C08, 0x5CB12232, 0x5CB31339, 0x5CB6360F,
	0x5CB73611, 0x5CB8143F, 0x5CBA5951, 0x5CBB360E, 0x5CBC3610, 0x5CBE3613, 0x5CC53612, 0x5CC73614,
	0x5CD93615, 0x5CE0261D, 0x5CE1160E, 0x5CE81245, 0x5CE93616, 0x5CEA361B, 0x5CED3619, 0x5CEF2A57,
	0x5CF02A56, 0x5CF55952, 0x5CF62547, 0x5CFA3618, 0x5CFB1D34, 0x5CFD3617, 0x5D071F52, 0x5D0B361C,
	0x5D0E1A4A, 0x5D113622, 0x5D143623, 0x5D15361D, 0x5D161313, 0x5D17361E, 0x5D183627, 0x5D193626,
	0x5D1A3625, 0x5D1B3621, 0x5D1F3620, 0x5D223624, 0x5D275953, 0x5D292A58, 0x5D425956, 0x5D4B362B,
	0x5D4C3628, 0x5D4E362A, 0x5D502D52, 0x5D523629, 0x5D535954, 0x5D5C361F, 0x5D691F53, 0x5D6C362C,
	0x5D6D5957, 0x5D6F1A17, 0x5D73362D, 0x5D76362E, 0x5D823631, 0x5D843630, 0x5D87362F, 0x5D8B2548,
	0x5D8C361A, 0x5D903637, 0x5D9D3633, 0x5DA23632, 0x5DAC3634, 0x5DAE3635, 0x5DB73638, 0x5DB85958,
	0x5DB95959, 0x5DBA2E46, 0x5DBC3639, 0x5DBD3636, 0x5DC9363A, 0x5DCC1440, 0x5DCD363B, 0x5DD0595A,
	0x5DD2363D, 0x5DD3363C, 0x5DD6363E, 0x5DDB363F, 0x5DDD204E, 0x5DDE1D03, 0x5DE11D44, 0x5DE32143,
	0x5DE51909, 0x5DE61A18, 0x5DE7190A, 0x5DE81550, 0x5DEB3640, 0x5DEE1A19, 0x5DF1182A, 0x5DF23641,
	0x5DF32C06, 0x5DF42723, 0x5DF53642, 0x5DF7190B, 0x5DFB140C, 0x5DFD2307, 0x5DFE1632, 0x5E021B34,
	0x5E03293B, 0x5E062821, 0x5E0B3643, 0x5E0C1455, 0x5E113646, 0x5E162401, 0x5E193645, 0x5E1A3644,
	0x5E1B3647, 0x5E1D244B, 0x5E251F43, 0x5E2B1B35, 0x5E2D202A, 0x5E2F2233, 0x5E301502, 0x5E332402,
	0x5E363648, 0x5E373649, 0x5E381E4F, 0x5E3D2B19, 0x5E40364C, 0x5E43364B, 0x5E44364A, 0x5E45295D,
	0x5E473653, 0x5E4C2B3A, 0x5E4E364D, 0x5E54364F, 0x5E552B4B, 0x5E57364E, 0x5E5F3650, 0x5E612808,
	0x5E623651, 0x5E632A1E, 0x5E643652, 0x5E721413, 0x5E732A1F, 0x5E74270F, 0x5E753654, 0x5E763655,
	0x5E78190C, 0x5E791414, 0x5E7A3656, 0x5E7B1818, 0x5E7C2D24, 0x5E7D2D09, 0x5E7E1456, 0x5E7F3658,
	0x5E812403, 0x5E83190D, 0x5E841E11, 0x5E87283F, 0x5E8A1E12, 0x5E8F1D58, 0x5E95244C, 0x5E962A59,
	0x5E972519, 0x5E9A190E, 0x5E9C293C, 0x5EA03659, 0x5EA62539, 0x5EA71A22, 0x5EAB182B, 0x5EAD244D,
	0x5EB51023, 0x5EB61D4E, 0x5EB7190F, 0x5EB82D27, 0x5EC1365A, 0x5EC2365B, 0x5EC32731, 0x5EC8365C,
	0x5EC92E57, 0x5ECA2F0D, 0x5ECF365E, 0x5ED0365D, 0x5ED31327, 0x5ED63701, 0x5EDA3704, 0x5EDB3705,
	0x5EDD3703, 0x5EDF2920, 0x5EE01E13, 0x5EE13707, 0x5EE23706, 0x5EE33702, 0x5EE83708, 0x5EE93709,
	0x5EEC370A, 0x5EF0370D, 0x5EF1370B, 0x5EF3370C, 0x5EF4370E, 0x5EF61144, 0x5EF7244E, 0x5EF8370F,
	0x5EFA175A, 0x5EFB1256, 0x5EFC2716, 0x5EFE3710, 0x5EFF265B, 0x5F012A3B, 0x5F033711, 0x5F042F0E,
	0x5F093712, 0x5F0A2A20, 0x5F0B3715, 0x5F0C3001, 0x5F0D3011, 0x5F0F1C10, 0x5F102655, 0x5F113716,
	0x5F13153D, 0x5F142404, 0x5F15105A, 0x5F163717, 0x5F172A06, 0x5F181910, 0x5F1B2330, 0x5F1F244F,
	0x5F21595B, 0x5F252C4F, 0x5F261819, 0x5F27182C, 0x5F293718, 0x5F2D3719, 0x5F2F371F, 0x5F311C45,
	0x5F34595C, 0x5F352405, 0x5F37160F, 0x5F38371A, 0x5F3C290B, 0x5F3E2326, 0x5F41371B, 0x5F45590C,
	0x5F48371C, 0x5F4A1610, 0x5F4C371D, 0x5F4E371E, 0x5F513720, 0x5F532556, 0x5F563721, 0x5F573722,
	0x5F593723, 0x5F5C3714, 0x5F5D3713, 0x5F613724, 0x5F621721, 0x5F662907, 0x5F67595D, 0x5F691A2C,
	0x5F6A2917, 0x5F6B2406, 0x5F6C292B, 0x5F6D3725, 0x5F701E14, 0x5F711126, 0x5F733726, 0x5F773727,
	0x5F792C52, 0x5F7C2840, 0x5F7F372A, 0x5F80115D, 0x5F81200C, 0x5F823729, 0x5F833728, 0x5F841722,
	0x5F852234, 0x5F87372E, 0x5F88372C, 0x5F8A372B, 0x5F8B2E07, 0x5F8C1845, 0x5F901D59, 0x5F91372D,
	0x5F92252C, 0x5F931D1E, 0x5F972620, 0x5F983731, 0x5F993730, 0x5F9E372F, 0x5FA03732, 0x5FA11846,
	0x5FA83733, 0x5FA9295C, 0x5FAA1D3B, 0x5FAD3734, 0x5FAE2859, 0x5FB32621, 0x5FB42407, 0x5FB7595E,
	0x5FB92510, 0x5FBC3735, 0x5FBD150B, 0x5FC31F14, 0x5FC5290C, 0x5FCC1457, 0x5FCD2706, 0x5FD63736,
	0x5FD71B36, 0x5FD82B1A, 0x5FD92B1B, 0x5FDC115E, 0x5FDD373B, 0x5FDE5A01, 0x5FE02349, 0x5FE43738,
	0x5FEB1257, 0x5FF0380D, 0x5FF1373A, 0x5FF52710, 0x5FF83739, 0x5FFB3737, 0x5FFD195A, 0x5FFF373D,
	0x600E3743, 0x600F3749, 0x60103741, 0x6012253C, 0x60153746, 0x6016293D, 0x60193740, 0x601B3745,
	0x601C2E47, 0x601D1B37, 0x60202235, 0x6021373E, 0x6025153E, 0x60263748, 0x6027200D, 0x60281145,
	0x60293742, 0x602A1258, 0x602B3747, 0x602F1611, 0x60313744, 0x603A374A, 0x6041374C, 0x60423756,
	0x60433754, 0x60463751, 0x604A3750, 0x604B2E58, 0x604D3752, 0x60501612, 0x60521911, 0x60551D5A,
	0x60593759, 0x605A374B, 0x605D5A02, 0x605F374F, 0x6060373F, 0x6062125A, 0x60633753, 0x60643755,
	0x60652331, 0x60681A08, 0x60691218, 0x606A374D, 0x606B3758, 0x606C3757, 0x606D1613, 0x606F2209,
	0x60701346, 0x60751723, 0x6077374E, 0x6081375A, 0x6083375D, 0x60843801, 0x60855A03, 0x60891C1D,
	0x608A5A04, 0x608B3807, 0x608C2450, 0x608D375B, 0x60923805, 0x60941259, 0x60963803, 0x60973804,
	0x609A375E, 0x609B3802, 0x609F1847, 0x60A02D0A, 0x60A31415, 0x60A61139, 0x60A73806, 0x60A9271A,
	0x60AA100D, 0x60B22841, 0x60B3373C, 0x60B4380C, 0x60B53810, 0x60B62C45, 0x60B83809, 0x60BC2549,
	0x60BD380E, 0x60C51E50, 0x60C6380F, 0x60C72637, 0x60D12F27, 0x60D3380B, 0x60D55A06, 0x60D83811,
	0x60DA195B, 0x60DC202B, 0x60DE5A05, 0x60DF1034, 0x60E0380A, 0x60E13808, 0x60E3213A, 0x60E7375C,
	0x60E81B14, 0x60F02226, 0x60F1381D, 0x60F25A08, 0x60F3213B, 0x60F43818, 0x60F63815, 0x60F73816,
	0x60F91C46, 0x60FA3819, 0x60FB381C, 0x61003817, 0x61011D05, 0x6103381A, 0x61063814, 0x61082C5C,
	0x61092C5B, 0x610D381E, 0x610E381F, 0x610F1035, 0x61115A09, 0x61153813, 0x611A1652, 0x611B1006,
	0x611F1416, 0x61205A07, 0x6121381B, 0x61273823, 0x61283822, 0x612C3827, 0x61305A0B, 0x61343828,
	0x61375A0A, 0x613C3826, 0x613D3829, 0x613E3821, 0x613F3825, 0x6142382A, 0x6144382B, 0x61473820,
	0x61481B5C, 0x614A3824, 0x614B2236, 0x614C1912, 0x614D3812, 0x614E1F15, 0x61533838, 0x61552A49,
	0x6158382E, 0x6159382F, 0x615A3830, 0x615D3837, 0x615F3836, 0x61622B5D, 0x61631417, 0x61653834,
	0x61671725, 0x61681314, 0x616B3831, 0x616E2E18, 0x616F3833, 0x61701036, 0x61713835, 0x6173382C,
	0x61743832, 0x61753839, 0x61761724, 0x6177382D, 0x617E2D3D, 0x61822D0B, 0x6187383C, 0x618A3840,
	0x618E215E, 0x61902E59, 0x61913841, 0x6194383E, 0x6196383B, 0x61985A0C, 0x6199383A, 0x619A383F,
	0x61A42A10, 0x61A72614, 0x61A91726, 0x61AB3842, 0x61AC383D, 0x61AE3843, 0x61B2175B, 0x61B61211,
	0x61BA384B, 0x61BE1418, 0x61C33849, 0x61C6384A, 0x61C71A09, 0x61C83848, 0x61C93846, 0x61CA3845,
	0x61CB384C, 0x61CC3844, 0x61CD384E, 0x61D0125B, 0x61E33850, 0x61E6384F, 0x61F22408, 0x61F43853,
	0x61F63851, 0x61F73847, 0x61F8175C, 0x61FA3852, 0x61FC3856, 0x61FD3855, 0x61FE3857, 0x61FF3854,
	0x62003858, 0x62083859, 0x6209385A, 0x620A2A4A, 0x620C385C, 0x620D385B, 0x620E1D1F, 0x6210200E,
	0x62111246, 0x6212125C, 0x62135A0D, 0x6214385D, 0x6216101F, 0x621A202C, 0x621B385E, 0x621D4C23,
	0x621E3901, 0x621F1741, 0x62213902, 0x6226204F, 0x622A3903, 0x622E3904, 0x622F151A, 0x62303905,
	0x62323906, 0x62333907, 0x62342237, 0x6238182D, 0x623B2C41, 0x623F2B1C, 0x62401D4A, 0x62413908,
	0x62472050, 0x62484E1D, 0x62492842, 0x624B1C4A, 0x624D1A2D, 0x624E3909, 0x62532227, 0x62552A07,
	0x62582251, 0x625B390C, 0x625E390A, 0x6260390D, 0x6263390B, 0x6268390E, 0x626E2A11, 0x62711017,
	0x6276293E, 0x62792843, 0x627C390F, 0x627E3912, 0x627F1E15, 0x6280151B, 0x62823910, 0x62833917,
	0x62841E16, 0x62893911, 0x628A2724, 0x62912D3E, 0x62923913, 0x62933914, 0x62943918, 0x6295254A,
	0x62963915, 0x62971913, 0x6298203E, 0x629B3926, 0x629C2814, 0x629E2252, 0x62A65A0E, 0x62AB2844,
	0x62AC3A0D, 0x62B12A5A, 0x62B52451, 0x62B92B55, 0x62BB391B, 0x62BC1201, 0x62BD234A, 0x62C23924,
	0x62C52314, 0x62C6391E, 0x62C73925, 0x62C83920, 0x62C93927, 0x62CA3923, 0x62CC3922, 0x62CD274F,
	0x62CF391C, 0x62D0125D, 0x62D1391A, 0x62D21551, 0x62D32253, 0x62D43916, 0x62D73919, 0x62D81914,
	0x62D9203B, 0x62DB1E17, 0x62DC3921, 0x62DD2732, 0x62E01552, 0x62E11328, 0x62EC1347, 0x62ED1F01,
	0x62EE3929, 0x62EF392E, 0x62F1392A, 0x62F3175D, 0x62F5392F, 0x62F61B02, 0x62F71949, 0x62FE1D06,
	0x62FF391D, 0x63011B5D, 0x6302392C, 0x63071B38, 0x6308392D, 0x63091024, 0x630C3928, 0x63112409,
	0x63191553, 0x631F1614, 0x6327392B, 0x63281007, 0x632B1A23, 0x632F1F16, 0x633A2452, 0x633D2834,
	0x633E3931, 0x633F213E, 0x6349220A, 0x634C1B0B, 0x634D3932, 0x634F3934, 0x63503930, 0x63552A41,
	0x6357241D, 0x635C213C, 0x63672A5B, 0x63681C2E, 0x63693940, 0x636B393F, 0x636E1F58, 0x6372175E,
	0x63763939, 0x63771E19, 0x637A2648, 0x637B2711, 0x63803937, 0x6383213D, 0x63881C58, 0x6389393C,
	0x638C1E18, 0x638E3936, 0x638F393B, 0x63922733, 0x63963935, 0x63981701, 0x639B133D, 0x639F393D,
	0x63A02E0B, 0x63A11A2E, 0x63A22315, 0x63A3393A, 0x63A5203C, 0x63A71915, 0x63A81F44, 0x63A91146,
	0x63AA211C, 0x63AB3938, 0x63AC1525, 0x63B21727, 0x63B4242F, 0x63B5393E, 0x63BB213F, 0x63BE3941,
	0x63C03943, 0x63C32217, 0x63C43949, 0x63C63944, 0x63C93946, 0x63CF2921, 0x63D02453, 0x63D23947,
	0x63D62D0C, 0x63DA2D28, 0x63DB1419, 0x63E1100E, 0x63E33945, 0x63E93942, 0x63EE1458, 0x63F41147,
	0x63F55A0F, 0x63F63948, 0x63FA2D29, 0x6406394C, 0x640D221B, 0x640F3953, 0x6413394D, 0x6416394A,
	0x64173951, 0x641C3933, 0x6426394E, 0x64283952, 0x642C2822, 0x642D254B, 0x6434394B, 0x6436394F,
	0x643A1728, 0x643E1A51, 0x6442203D, 0x644E3957, 0x64582506, 0x64605A10, 0x64673954, 0x64692B40,
	0x646F3955, 0x64763956, 0x64782C2E, 0x647A2002, 0x64831742, 0x6488395D, 0x64921B15, 0x6493395A,
	0x64953959, 0x649A2712, 0x649D5A11, 0x649E2615, 0x64A42511, 0x64A5395B, 0x64A9395C, 0x64AB294F,
	0x64AD2725, 0x64AE1B03, 0x64B02051, 0x64B22B30, 0x64B91329, 0x64BB3A05, 0x64BC395E, 0x64C12D2A,
	0x64C23A07, 0x64C53A03, 0x64C73A04, 0x64CD2140, 0x64CE5A12, 0x64D23A02, 0x64D4391F, 0x64D83A06,
	0x64DA3A01, 0x64E03A0B, 0x64E13A0C, 0x64E22507, 0x64E33A0E, 0x64E61B04, 0x64E73A09, 0x64EC151C,
	0x64EF3A0F, 0x64F13A08, 0x64F23A13, 0x64F43A12, 0x64F63A11, 0x64FA3A14, 0x64FD3A16, 0x64FE1E51,
	0x65003A15, 0x65053A19, 0x65183A17, 0x651C3A18, 0x651D3950, 0x65233A1B, 0x65243A1A, 0x652A3958,
	0x652B3A1C, 0x652C3A10, 0x652F1B39, 0x65343A1D, 0x65353A1E, 0x65363A20, 0x65373A1F, 0x65383A21,
	0x6539125E, 0x653B1916, 0x653E2A5C, 0x653F200F, 0x6545182E, 0x65483A23, 0x654D3A26, 0x654E5A13,
	0x654F2932, 0x6551153F, 0x65553A25, 0x65563A24, 0x65572734, 0x65583A27, 0x65591615, 0x655D3A29,
	0x655E3A28, 0x6562141A, 0x65631B16, 0x65662638, 0x656C1729, 0x65701F54, 0x65723A2A, 0x65742010,
	0x65752508, 0x6577293F, 0x65783A2B, 0x65823A2C, 0x65833A2D, 0x65872A18, 0x6588353D, 0x65892026,
	0x658C292C, 0x658E1A38, 0x65902845, 0x65912823, 0x6597252D, 0x65992E21, 0x659B3A2F, 0x659C1C30,
	0x659F3A30, 0x65A11016, 0x65A41634, 0x65A5202D, 0x65A72940, 0x65AB3A31, 0x65AC1B22, 0x65AD2327,
	0x65AF1B3B, 0x65B01F17, 0x65B73A32, 0x65B92A5D, 0x65BC1157, 0x65BD1B3C, 0x65C13A35, 0x65C33A33,
	0x65C43A36, 0x65C52E19, 0x65C63A34, 0x65CB205B, 0x65CC3A37, 0x65CF2212, 0x65D23A38, 0x65D7145A,
	0x65D93A3A, 0x65DB3A39, 0x65E03A3B, 0x65E13A3C, 0x65E2145B, 0x65E5265C, 0x65E62316, 0x65E7154C,
	0x65E81B3D, 0x65E92141, 0x65EC1D3C, 0x65ED1010, 0x65F13A3D, 0x65FA1202, 0x65FB3A41, 0x66005A14,
	0x66021917, 0x66033A40, 0x66061A0B, 0x66071E1A, 0x66095A17, 0x660A3A3F, 0x660C1E1B, 0x660E2C20,
	0x660F1A0A, 0x66131037, 0x6614202E, 0x66155A15, 0x661C3A46, 0x661E5A19, 0x661F2011, 0x66201127,
	0x66245A1A, 0x66251D35, 0x66272B46, 0x66281A52, 0x662D1E1C, 0x662E5A18, 0x662F2007, 0x66315908,
	0x66343A45, 0x66353A43, 0x66363A44, 0x663B5A16, 0x663C234B, 0x663F3B06, 0x66413A4A, 0x66421B5E,
	0x66431918, 0x66443A48, 0x66493A49, 0x664B1F18, 0x664F3A47, 0x66521B0F, 0x66575A1C, 0x66595A1D,
	0x665D3A4C, 0x665E3A4B, 0x665F3A50, 0x66623A51, 0x66643A4D, 0x66655A1B, 0x66661302, 0x66673A4E,
	0x66683A4F, 0x66692835, 0x666E2941, 0x666F172A, 0x66703A52, 0x66735A1F, 0x66742012, 0x66761E1D,
	0x667A2332, 0x66811627, 0x66833A53, 0x66843A57, 0x6687122B, 0x66883A54, 0x66893A56, 0x668E3A55,
	0x66911D4B, 0x66962328, 0x66971025, 0x66983A58, 0x66995A20, 0x669D3A59, 0x66A05A21, 0x66A2240A,
	0x66A62E51, 0x66AB1B23, 0x66AE2A4B, 0x66B25A22, 0x66B42B1D, 0x66B83B02, 0x66B93A5B, 0x66BC3A5E,
	0x66BE3A5D, 0x66BF5A23, 0x66C13A5A, 0x66C43B01, 0x66C7263E, 0x66C93A5C, 0x66D63B03, 0x66D91D4C,
	0x66DA3B04, 0x66DC2D2B, 0x66DD2758, 0x66E03B05, 0x66E63B07, 0x66E93B08, 0x66F03B09, 0x66F2162A,
	0x66F31128, 0x66F41919, 0x66F53B0A, 0x66F73B0B, 0x66F81D51, 0x66F92142, 0x66FA5A24, 0x66FB590B,
	0x66FC3238, 0x66FD211E, 0x66FE211D, 0x66FF2238, 0x67001A27, 0x67033052, 0x6708174E, 0x67092D0D,
	0x670B2A5E, 0x670D295E, 0x670E5A25, 0x670F3B0C, 0x67141A53, 0x6715241F, 0x67163B0D, 0x67172F0F,
	0x671B2B1E, 0x671D240B, 0x671E3B0E, 0x671F145C, 0x67263B0F, 0x67273B10, 0x67282C3A, 0x672A2C04,
	0x672B2B56, 0x672C2B3C, 0x672D1B05, 0x672E3B12, 0x67311C4B, 0x67342B31, 0x67363B14, 0x67373B17,
	0x67383B16, 0x673A1459, 0x673D1540, 0x673F3B13, 0x67413B15, 0x67463B18, 0x67491F59, 0x674E2D5B,
	0x674F1029, 0x67501A40, 0x6751221C, 0x67531C3D, 0x67561E53, 0x67593B1B, 0x675C252E, 0x675E3B19,
	0x675F220B, 0x67603B1A, 0x67611E52, 0x67622C3D, 0x67633B1C, 0x67643B1D, 0x67652D48, 0x67665A27,
	0x676A3B22, 0x676D191A, 0x676F2735, 0x67703B1F, 0x6771254C, 0x67723A3E, 0x67733A42, 0x6775152F,
	0x67772727, 0x677C3B21, 0x677E1E1E, 0x677F2824, 0x67853B27, 0x6787285A, 0x67893B1E, 0x678B3B24,
	0x678C3B23, 0x6790202F, 0x67952B4D, 0x67972E33, 0x679A2B47, 0x679C122C, 0x679D1B3E, 0x67A02F28,
	0x67A13B26, 0x67A21F55, 0x67A63B25, 0x67A93B20, 0x67AF182F, 0x67B33B2C, 0x67B43B2A, 0x67B6122D,
	0x67B73B28, 0x67B83B2E, 0x67B93B34, 0x67BB5A28, 0x67C05A2A, 0x67C12228, 0x67C42A21, 0x67C63B36,
	0x67CA2902, 0x67CE3B35, 0x67CF2750, 0x67D02B1F, 0x67D1141B, 0x67D32057, 0x67D41D20, 0x67D82433,
	0x67DA2D0E, 0x67DD3B31, 0x67DE3B30, 0x67E23B32, 0x67E43B2F, 0x67E73B37, 0x67E93B2D, 0x67EC3B2B,
	0x67EE3B33, 0x67EF3B29, 0x67F1234C, 0x67F32C58, 0x67F41C26, 0x67F51A54, 0x67FB1A1A, 0x67FE2B4F,
	0x67FF1321, 0x68015A2B, 0x6802242E, 0x6803262A, 0x68041129, 0x68132052, 0x68162014, 0x6817170A,
	0x681E3B39, 0x6821191B, 0x6822135C, 0x68293B3B, 0x682A1354, 0x682B3B41, 0x68323B3E, 0x68342053,
	0x6838132B, 0x68391A0C, 0x683C132A, 0x683D1A2F, 0x68403B3C, 0x68411745, 0x6842172B, 0x6843254D,
	0x68445A2C, 0x68463B3A, 0x68481026, 0x684D3B3D, 0x684E3B3F, 0x6850162D, 0x6851170C, 0x68525A29,
	0x6853141C, 0x6854152B, 0x68593B42, 0x685C1A59, 0x685D2B51, 0x685F1B17, 0x68633B43, 0x68672910,
	0x68743B4F, 0x68761213, 0x68773B44, 0x687E3B55, 0x687F3B45, 0x68812E22, 0x68833B4C, 0x6885273F,
	0x688D3B54, 0x688F3B47, 0x68931014, 0x68943B49, 0x6897191C, 0x689B3B4B, 0x689D3B4A, 0x689F3B46,
	0x68A03B51, 0x68A21E1F, 0x68A6344D, 0x68A71848, 0x68A82D5C, 0x68AD3B48, 0x68AF2454, 0x68B01303,
	0x68B11A0D, 0x68B33B40, 0x68B53B50, 0x68B61341, 0x68B93B4E, 0x68BA3B52, 0x68BC254E, 0x68C4145E,
	0x68C63C12, 0x68C85909, 0x68C92C29, 0x68CA3B57, 0x68CB145D, 0x68CD3B5E, 0x68CF5A2D, 0x68D22B20,
	0x68D43C01, 0x68D53C03, 0x68D73C07, 0x68D83B59, 0x68DA230A, 0x68DF254F, 0x68E03C0B, 0x68E13B5C,
	0x68E33C08, 0x68E73C02, 0x68EE1F19, 0x68EF3C0C, 0x68F22013, 0x68F93C0A, 0x68FA141D, 0x69002F30,
	0x69013B56, 0x69043C06, 0x69051038, 0x69083B58, 0x690B2C1A, 0x690C3B5D, 0x690D1F02, 0x690E2427,
	0x690F3B53, 0x69123C05, 0x69191F5A, 0x691A3C0F, 0x691B1351, 0x691C1801, 0x69213C11, 0x69223B5A,
	0x69233C10, 0x69253C09, 0x69263B5B, 0x69283C0D, 0x692A3C0E, 0x69303C1F, 0x6934262E, 0x69363C04,
	0x69393C1B, 0x693D3C1D, 0x693F2438, 0x694A2D2C, 0x69532956, 0x69543C18, 0x6955222A, 0x69593C1E,
	0x695A211F, 0x695C3C15, 0x695D3C22, 0x695E3C21, 0x6960264F, 0x69613C20, 0x6962264A, 0x69685A2F,
	0x696A3C24, 0x696B3C17, 0x696D1628, 0x696E3C1A, 0x696F1D3D, 0x69732740, 0x69743C1C, 0x6975162B,
	0x69773C14, 0x69783C16, 0x69793C13, 0x697C2F10, 0x697D133A, 0x697E3C19, 0x69813C23, 0x69821315,
	0x698A1A47, 0x698E113D, 0x69913C34, 0x69942F11, 0x69953C37, 0x69985A31, 0x699B1F1A, 0x699C3C36,
	0x69A03C35, 0x69A73C32, 0x69AE3C26, 0x69B13C43, 0x69B23C25, 0x69B43C38, 0x69BB3C30, 0x69BE3C2B,
	0x69BF3C28, 0x69C13C29, 0x69C33C31, 0x69C75402, 0x69CA3C2E, 0x69CB191D, 0x69CC2428, 0x69CD2144,
	0x69CE3C2C, 0x69D03C27, 0x69D33C2A, 0x69D82D2D, 0x69D92B4A, 0x69DD3C2F, 0x69DE3C39, 0x69E25A32,
	0x69E73C41, 0x69E83C3A, 0x69EB3C47, 0x69ED3C45, 0x69F23C40, 0x69F93C3F, 0x69FB2430, 0x69FD2145,
	0x69FF3C3D, 0x6A023C3B, 0x6A053C42, 0x6A0A3C48, 0x6A0B2855, 0x6A0C3C4E, 0x6A123C49, 0x6A133C4C,
	0x6A143C46, 0x6A172354, 0x6A192918, 0x6A1B3C3C, 0x6A1E3C44, 0x6A1F1E20, 0x6A212C2F, 0x6A223C58,
	0x6A233C4B, 0x6A291802, 0x6A2A1203, 0x6A2B133F, 0x6A2E3C33, 0x6A305A33, 0x6A351E21, 0x6A363C50,
	0x6A383C57, 0x6A391C59, 0x6A3A1352, 0x6A3D230E, 0x6A443C4D, 0x6A465A35, 0x6A473C52, 0x6A483C56,
	0x6A4B1616, 0x6A58152C, 0x6A593C54, 0x6A5F1501, 0x6A61262B, 0x6A623C53, 0x6A663C55, 0x6A6B5A34,
	0x6A723C4F, 0x6A735A36, 0x6A783C51, 0x6A7E5A37, 0x6A7F1340, 0x6A802329, 0x6A843C5C, 0x6A8D3C5A,
	0x6A8E1849, 0x6A903C59, 0x6A973D01, 0x6A9C3B38, 0x6AA03C5B, 0x6AA23C5D, 0x6AA33C5E, 0x6AAA3D0C,
	0x6AAC3D08, 0x6AAE3B4D, 0x6AB33D07, 0x6AB83D06, 0x6ABB3D03, 0x6AC13C4A, 0x6AC23D05, 0x6AC33D04,
	0x6AD13D0A, 0x6AD32F06, 0x6ADA3D0D, 0x6ADB165B, 0x6ADE3D09, 0x6ADF3D0B, 0x6AE25A38, 0x6AE45A39,
	0x6AE82807, 0x6AEA3D0E, 0x6AFA3D12, 0x6AFB3D0F, 0x6B042D53, 0x6B053D10, 0x6B0A3C3E, 0x6B123D13,
	0x6B163D14, 0x6B1D1115, 0x6B1F3D16, 0x6B201747, 0x6B211C01, 0x6B231635, 0x6B271204, 0x6B322D3F,
	0x6B373D18, 0x6B383D17, 0x6B393D1A, 0x6B3A151D, 0x6B3D1636, 0x6B3E141E, 0x6B433D1D, 0x6B473D1C,
	0x6B493D1E, 0x6B4C122E, 0x6B4E2317, 0x6B503D1F, 0x6B53141F, 0x6B543D21, 0x6B593D20, 0x6B5B3D22,
	0x6B5F3D23, 0x6B613D24, 0x6B621B3F, 0x6B632015, 0x6B641A01, 0x6B662950, 0x6B692A42, 0x6B6A2F24,
	0x6B6F1B55, 0x6B731A30, 0x6B742E52, 0x6B783D25, 0x6B793D26, 0x6B7B1B40, 0x6B7F3D27, 0x6B803D28,
	0x6B833D2A, 0x6B843D29, 0x6B862B38, 0x6B891D3E, 0x6B8A1C4C, 0x6B8B1B24, 0x6B8D3D2B, 0x6B953D2D,
	0x6B961F03, 0x6B983D2C, 0x6B9E3D2E, 0x6BA43D2F, 0x6BAA3D30, 0x6BAB3D31, 0x6BAF3D32, 0x6BB13D34,
	0x6BB23D33, 0x6BB33D35, 0x6BB41205, 0x6BB5232A, 0x6BB73D36, 0x6BBA1B06, 0x6BBB132C, 0x6BBC3D37,
	0x6BBF2522, 0x6BC0342C, 0x6BC51503, 0x6BC63D38, 0x6BCB3D39, 0x6BCD2A4C, 0x6BCE2B48, 0x6BD22627,
	0x6BD33D3A, 0x6BD42846, 0x6BD65A3A, 0x6BD8285B, 0x6BDB2C33, 0x6BDF3D3B, 0x6BEB3D3D, 0x6BEC3D3C,
	0x6BEF3D3F, 0x6BF33D3E, 0x6C083D41, 0x6C0F1B41, 0x6C112C11, 0x6C133D42, 0x6C143D43, 0x6C171504,
	0x6C1B3D44, 0x6C233D46, 0x6C243D45, 0x6C341F45, 0x6C372919, 0x6C38112A, 0x6C3E2825, 0x6C3F5A3B,
	0x6C402455, 0x6C411D21, 0x6C421541, 0x6C4E2826, 0x6C501C0E, 0x6C553D48, 0x6C571420, 0x6C5A1158,
	0x6C5C5A3C, 0x6C5D2652, 0x6C5E3D47, 0x6C5F191E, 0x6C602333, 0x6C623D49, 0x6C683D51, 0x6C6A3D4A,
	0x6C6F5A3E, 0x6C702221, 0x6C721542, 0x6C733D52, 0x6C7A1748, 0x6C7D1505, 0x6C7E3D50, 0x6C813D4E,
	0x6C823D4B, 0x6C832D40, 0x6C865A3D, 0x6C882420, 0x6C8C2639, 0x6C8D3D4C, 0x6C903D54, 0x6C923D53,
	0x6C931703, 0x6C96120D, 0x6C991A1B, 0x6C9A3D4D, 0x6C9B3D4F, 0x6CA12B37, 0x6CA22254, 0x6CAB2B57,
	0x6CAE3D5C, 0x6CB13D5D, 0x6CB3122F, 0x6CB82A08, 0x6CB92C5D, 0x6CBA3E01, 0x6CBB1C03, 0x6CBC1E22,
	0x6CBD3D58, 0x6CBE3D5E, 0x6CBF1148, 0x6CC11617, 0x6CC43D55, 0x6CC53D5A, 0x6CC92054, 0x6CCA2751,
	0x6CCC2847, 0x6CD33D57, 0x6CD52B01, 0x6CD73D59, 0x6CD93E04, 0x6CDA5A3F, 0x6CDB3E02, 0x6CDD3D5B,
	0x6CE12B02, 0x6CE22728, 0x6CE31543, 0x6CE52505, 0x6CE8234D, 0x6CEA3E05, 0x6CEF3E03, 0x6CF02239,
	0x6CF13D56, 0x6CF3112B, 0x6D045A40, 0x6D0B2D2E, 0x6D0C3E10, 0x6D123E0F, 0x6D172056, 0x6D193E0C,
	0x6D1B2D4C, 0x6D1E2616, 0x6D1F3E06, 0x6D252425, 0x6D29112C, 0x6D2A191F, 0x6D2B3E09, 0x6D321D07,
	0x6D333E0E, 0x6D353E0D, 0x6D363E08, 0x6D383E0B, 0x6D3B1348, 0x6D3D3E0A, 0x6D3E2729, 0x6D412E0E,
	0x6D441E54, 0x6D452055, 0x6D593E16, 0x6D5A3E14, 0x6D5C292D, 0x6D633E11, 0x6D643E13, 0x6D66111A,
	0x6D691920, 0x6D6A2F12, 0x6D6C131D, 0x6D6E2942, 0x6D6F5A42, 0x6D742D41, 0x6D771304, 0x6D781F1B,
	0x6D793E15, 0x6D853E1A, 0x6D875A41, 0x6D881E23, 0x6D8C2D10, 0x6D8E3E17, 0x6D933E12, 0x6D953E18,
	0x6D965A43, 0x6D992E3E, 0x6D9B2553, 0x6D9C2622, 0x6DAC5A44, 0x6DAF1316, 0x6DB21135, 0x6DB53E1E,
	0x6DB83E21, 0x6DBC2E23, 0x6DC02D44, 0x6DC53E28, 0x6DC63E22, 0x6DC73E1F, 0x6DCB2E34, 0x6DCC3E25,
	0x6DCF5A45, 0x6DD11D2A, 0x6DD23E27, 0x6DD53E2C, 0x6DD82551, 0x6DD93E2A, 0x6DDE3E24, 0x6DE12318,
	0x6DE43E2B, 0x6DE63E20, 0x6DE83E26, 0x6DEA3E2D, 0x6DEB105C, 0x6DEC3E23, 0x6DEE3E2E, 0x6DF11F1C,
	0x6DF25A47, 0x6DF31D3F, 0x6DF52A05, 0x6DF71A0E, 0x6DF85A46, 0x6DF93E1B, 0x6DFA3E29, 0x6DFB251A,
	0x6DFC5A48, 0x6E052016, 0x6E071349, 0x6E081A31, 0x6E091E24, 0x6E0A3E1D, 0x6E0B1D22, 0x6E13172C,
	0x6E153E1C, 0x6E193E32, 0x6E1A1D4D, 0x6E1B181A, 0x6E1D3E41, 0x6E1F3E3B, 0x6E201554, 0x6E21252F,
	0x6E233E36, 0x6E243E3F, 0x6E25100F, 0x6E261112, 0x6E275A4B, 0x6E291219, 0x6E2B3E38, 0x6E2C220C,
	0x6E2D3E2F, 0x6E2E3E31, 0x6E2F1921, 0x6E383E42, 0x6E395A49, 0x6E3A3E3D, 0x6E3C5A4C, 0x6E3E3E35,
	0x6E433E3C, 0x6E4A2C0B, 0x6E4D3E3A, 0x6E4E3E3E, 0x6E561830, 0x6E581E25, 0x6E5B2319, 0x6E5C5A4A,
	0x6E5F3E34, 0x6E672D0F, 0x6E6B3E37, 0x6E6E3E30, 0x6E6F2552, 0x6E723E33, 0x6E763E39, 0x6E7E2F31,
	0x6E7F1C1E, 0x6E802B5E, 0x6E823E43, 0x6E8C280E, 0x6E8F3E4F, 0x6E90181B, 0x6E961D40, 0x6E983E45,
	0x6E9C2E0F, 0x6E9D1922, 0x6E9F3E52, 0x6EA2104E, 0x6EA53E50, 0x6EAA3E44, 0x6EAF3E4A, 0x6EB23E4C,
	0x6EB62D2F, 0x6EB73E47, 0x6EBA250E, 0x6EBD3E49, 0x6EBF5A4D, 0x6EC23E51, 0x6EC43E4B, 0x6EC52C27,
	0x6EC93E46, 0x6ECB1C02, 0x6ECC3E5E, 0x6ED1134A, 0x6ED33E48, 0x6ED43E4D, 0x6ED53E4E, 0x6EDD224C,
	0x6EDE223A, 0x6EEC3E56, 0x6EEF3E5C, 0x6EF23E5A, 0x6EF42509, 0x6EF73F03, 0x6EF83E57, 0x6EFE3E58,
	0x6EFF3E40, 0x6F011559, 0x6F02291A, 0x6F061C1F, 0x6F091957, 0x6F0F2F13, 0x6F113E54, 0x6F133F02,
	0x6F141149, 0x6F152146, 0x6F202759, 0x6F221421, 0x6F232E5A, 0x6F2B2C01, 0x6F2C2432, 0x6F313E5B,
	0x6F323E5D, 0x6F382112, 0x6F3E3F01, 0x6F3F3E59, 0x6F413E53, 0x6F451423, 0x6F541749, 0x6F583F0F,
	0x6F5B3F0A, 0x6F5C2058, 0x6F5F1343, 0x6F641D41, 0x6F663F13, 0x6F6D3F0C, 0x6F6E240C, 0x6F6F3F09,
	0x6F702439, 0x6F743F2C, 0x6F783F06, 0x6F7A3F05, 0x6F7C3F0E, 0x6F803F08, 0x6F813F07, 0x6F823F0D,
	0x6F842001, 0x6F863F04, 0x6F885A4E, 0x6F8E3F10, 0x6F913F11, 0x6F971422, 0x6FA13F16, 0x6FA33F15,
	0x6FA43F17, 0x6FAA3F1A, 0x6FB12523, 0x6FB33F14, 0x6FB55A4F, 0x6FB93F18, 0x6FC01743, 0x6FC12259,
	0x6FC23F12, 0x6FC3271B, 0x6FC63F19, 0x6FD43F1E, 0x6FD53F1C, 0x6FD83F1F, 0x6FDB3F22, 0x6FDF3F1B,
	0x6FE0194A, 0x6FE12708, 0x6FE43E19, 0x6FEB2D54, 0x6FEC3F1D, 0x6FEE3F21, 0x6FEF2255, 0x6FF13F20,
	0x6FF33F0B, 0x6FF55A50, 0x6FF64F49, 0x6FFA3F25, 0x6FFE3F29, 0x70013F27, 0x70055A51, 0x70075A52,
	0x70093F23, 0x700B3F24, 0x700F3F28, 0x70113F26, 0x7015292E, 0x70183F2E, 0x701A3F2B, 0x701B3F2A,
	0x701D3F2D, 0x701E2634, 0x701F3F2F, 0x70262355, 0x7027224D, 0x70285A53, 0x702C2005, 0x70303F30,
	0x70323F32, 0x703E3F31, 0x704C3E55, 0x70513F33, 0x70582647, 0x70633F34, 0x706B1230, 0x706F2554,
	0x70701305, 0x70781544, 0x707C1C3E, 0x707D1A32, 0x70855A54, 0x70892F07, 0x708A1F46, 0x708E114A,
	0x70923F36, 0x70993F35, 0x70AB5A55, 0x70AC3F39, 0x70AD231A, 0x70AE3F3C, 0x70AF3F37, 0x70B33F3B,
	0x70B83F3A, 0x70B92520, 0x70BA1039, 0x70BB5907, 0x70C82E55, 0x70CB3F3E, 0x70CF1108, 0x70D93F40,
	0x70DD3F3F, 0x70DF3F3D, 0x70F13F38, 0x70F92B03, 0x70FD3F42, 0x71045A57, 0x71093F41, 0x710F5A56,
	0x7114114B, 0x71193F44, 0x711A2A12, 0x711C3F43, 0x71212C15, 0x71261E27, 0x71362113, 0x713C1E26,
	0x71465A59, 0x71475A5A, 0x71492E5B, 0x714C3F4A, 0x714E2059, 0x71553F46, 0x71563F4B, 0x7159114C,
	0x715C5A58, 0x71623F49, 0x71642741, 0x71653F45, 0x71663F48, 0x71671E28, 0x71692831, 0x716C3F4C,
	0x716E1C31, 0x717D205A, 0x71843F4F, 0x71883F47, 0x718A1707, 0x718F3F4D, 0x71942D30, 0x71953F50,
	0x71995406, 0x719F1D2F, 0x71A83F51, 0x71AC3F52, 0x71B1270E, 0x71B93F54, 0x71BE3F55, 0x71C15A5C,
	0x71C32713, 0x71C82555, 0x71C93F57, 0x71CE3F59, 0x71D02E35, 0x71D23F56, 0x71D43F58, 0x71D5114D,
	0x71D73F53, 0x71DF333B, 0x71E03F5A, 0x71E52147, 0x71E61B18, 0x71E73F5C, 0x71EC3F5B, 0x71ED1F04,
	0x71EE3239, 0x71F53F5D, 0x71F94001, 0x71FB3F4E, 0x71FC3F5E, 0x71FE5A5D, 0x71FF4002, 0x7206275A,
	0x720D4003, 0x72104004, 0x721B4005, 0x72284006, 0x722A243E, 0x722C4008, 0x722D4007, 0x72304009,
	0x7232400A, 0x72351C3F, 0x72362943, 0x723A2C4C, 0x723B400B, 0x723C400C, 0x723D2136, 0x723E1C04,
	0x723F400D, 0x7240400E, 0x7246400F, 0x72472A32, 0x72482827, 0x724B4010, 0x724C2737, 0x7252240D,
	0x72584011, 0x72591247, 0x725B154D, 0x725D2C26, 0x725F2C16, 0x72611214, 0x72622F14, 0x72672B32,
	0x72692A0A, 0x72722017, 0x72744012, 0x72792623, 0x727D1803, 0x727E4013, 0x72801A34, 0x72814015,
	0x72824014, 0x72874016, 0x72924017, 0x72964018, 0x72A0151E, 0x72A24019, 0x72A7401A, 0x72AC1804,
	0x72AF2828, 0x72B15A5E, 0x72B2401C, 0x72B61E55, 0x72B9401B, 0x72BE5B01, 0x72C21618, 0x72C3401D,
	0x72C4401F, 0x72C6401E, 0x72CE4020, 0x72D01831, 0x72D24021, 0x72D71649, 0x72D92120, 0x72DB195D,
	0x72E04023, 0x72E14024, 0x72E24022, 0x72E91C4D, 0x72EC2628, 0x72ED1619, 0x72F74026, 0x72F8230C,
	0x72F94025, 0x72FC2F15, 0x72FD2742, 0x730A4029, 0x7316402B, 0x73174028, 0x731B2C34, 0x731C402A,
	0x731D402C, 0x731F2E24, 0x73245B02, 0x73254030, 0x7329402F, 0x732A2356, 0x732B270D, 0x732E1805,
	0x732F402E, 0x7334402D, 0x73362D11, 0x73372D12, 0x733E4031, 0x733F114E, 0x73441956, 0x73451B42,
	0x734E4032, 0x734F4033, 0x73574035, 0x73631D23, 0x73684037, 0x736A4036, 0x73704038, 0x7372132D,
	0x7375403A, 0x73775B04, 0x73784039, 0x737A403C, 0x737B403B, 0x7384181C, 0x73872E08, 0x7389162C,
	0x738B1206, 0x7396164A, 0x73A91441, 0x73B22E48, 0x73B3403E, 0x73BB4040, 0x73BD5B05, 0x73C04041,
	0x73C21231, 0x73C8403D, 0x73C95B06, 0x73CA1B19, 0x73CD2421, 0x73CE403F, 0x73D25B09, 0x73D65B07,
	0x73DE4044, 0x73E01C4E, 0x73E35B08, 0x73E54042, 0x73EA171E, 0x73ED2829, 0x73EE4043, 0x73F1405E,
	0x73F55B0B, 0x73F84049, 0x73FE181D, 0x74031545, 0x74054046, 0x74062D5D, 0x74075B0A, 0x74092E10,
	0x74222256, 0x74254048, 0x74265B0C, 0x74295B0E, 0x742A5B0D, 0x742E5B0F, 0x7432404A, 0x74332E36,
	0x74341637, 0x7435285C, 0x7436272A, 0x743A404B, 0x743F404D, 0x74414050, 0x7455404C, 0x7459404F,
	0x745A184A, 0x745B112D, 0x745C4051, 0x745E1F50, 0x745F404E, 0x74602E3C, 0x74625B10, 0x74634054,
	0x74645404, 0x74694052, 0x746A4055, 0x746F4047, 0x74704053, 0x74731A1C, 0x74764056, 0x747E4057,
	0x74832D5E, 0x74895B11, 0x748B4058, 0x749E4059, 0x749F5B12, 0x74A24045, 0x74A7405A, 0x74B01424,
	0x74BD1C05, 0x74CA405B, 0x74CF405C, 0x74D4405D, 0x74DC111B, 0x74E04101, 0x74E2291B, 0x74E34102,
	0x74E61404, 0x74E74103, 0x74E94104, 0x74EE4105, 0x74F04107, 0x74F14108, 0x74F24106, 0x74F62933,
	0x74F7410A, 0x74F84109, 0x75015B13, 0x7503410C, 0x7504410B, 0x7505410D, 0x750C410E, 0x750D4110,
	0x750E410F, 0x75111959, 0x75134112, 0x75154111, 0x75181425, 0x751A1F33, 0x751C251C, 0x751E4113,
	0x751F2018, 0x75231B1A, 0x75251159, 0x75264114, 0x75282D31, 0x752B2A43, 0x752C4115, 0x752F594C,
	0x75302524, 0x75312D13, 0x75321923, 0x75331F1D, 0x7537232B, 0x75383214, 0x753A240E, 0x753B1248,
	0x753C4116, 0x75444117, 0x7546411C, 0x7549411A, 0x754A4119, 0x754B3A22, 0x754C1306, 0x754D4118,
	0x754F103A, 0x7551280A, 0x7554282A, 0x75592E11, 0x755A411D, 0x755B411B, 0x755C233C, 0x755D2006,
	0x7560280B, 0x7562290D, 0x7564411F, 0x75652E0C, 0x7566172D, 0x75674120, 0x7569411E, 0x756A2836,
	0x756B4121, 0x756D4122, 0x756F5B14, 0x7570103B, 0x75731E56, 0x75744127, 0x75764124, 0x7577264D,
	0x75784123, 0x757F1506, 0x7582412A, 0x75864125, 0x75874126, 0x75894129, 0x758A4128, 0x758B2905,
	0x758E2122, 0x758F2121, 0x7591151F, 0x7594412B, 0x759A412C, 0x759D412D, 0x75A3412F, 0x75A5412E,
	0x75AB1136, 0x75B14137, 0x75B22848, 0x75B34131, 0x75B54133, 0x75B84135, 0x75B91F1E, 0x75BC4136,
	0x75BD4134, 0x75BE1C20, 0x75C24130, 0x75C34132, 0x75C52922, 0x75C71E29, 0x75CA4139, 0x75CD4138,
	0x75D2413A, 0x75D41C06, 0x75D51A0F, 0x75D82557, 0x75D9413B, 0x75DB242B, 0x75DE413D, 0x75E22E01,
	0x75E3413C, 0x75E92149, 0x75F04142, 0x75F24144, 0x75F34145, 0x75F42334, 0x75FA4143, 0x75FC4140,
	0x75FE413E, 0x75FF413F, 0x76014141, 0x76094148, 0x760B4146, 0x760D4147, 0x761F4149, 0x7620414B,
	0x7621414C, 0x7622414D, 0x7624414E, 0x7627414A, 0x76304150, 0x7634414F, 0x763B4151, 0x76422E25,
	0x76464154, 0x76474152, 0x76484153, 0x764C1442, 0x76522C5E, 0x76562A2A, 0x76584156, 0x765C4155,
	0x76614157, 0x76624158, 0x7667415C, 0x76684159, 0x7669415A, 0x766A415B, 0x766C415D, 0x7670415E,
	0x76724201, 0x76764202, 0x76784203, 0x767A280F, 0x767B2530, 0x767C4204, 0x767D2752, 0x767E2914,
	0x76804205, 0x76825B15, 0x76834206, 0x7684250A, 0x76861307, 0x76871924, 0x76884207, 0x768B4208,
	0x768E4209, 0x76901B09, 0x7693420B, 0x7696420A, 0x7699420C, 0x769A420D, 0x769B5B18, 0x769C5B16,
	0x769E5B17, 0x76A65B19, 0x76AE2849, 0x76B0420E, 0x76B4420F, 0x76B75349, 0x76B84210, 0x76B94211,
	0x76BA4212, 0x76BF1B0E, 0x76C24213, 0x76C32736, 0x76C62B3F, 0x76C8112E, 0x76CA1137, 0x76CD4214,
	0x76D24216, 0x76D64215, 0x76D72550, 0x76DB2019, 0x76DC3D19, 0x76DE4217, 0x76DF2C21, 0x76E14218,
	0x76E31426, 0x76E42837, 0x76E54219, 0x76E7421A, 0x76EA421B, 0x76EE2C3C, 0x76F22C35, 0x76F4241E,
	0x76F8214A, 0x76FB421D, 0x76FE1D42, 0x77011E2A, 0x77044220, 0x7707421F, 0x7708421E, 0x7709285D,
	0x770B1427, 0x770C1809, 0x771B4226, 0x771E4223, 0x771F1F1F, 0x77202C12, 0x77244222, 0x77254224,
	0x77264225, 0x77294221, 0x77374227, 0x77384228, 0x773A240F, 0x773C1443, 0x77402345, 0x77465B1B,
	0x77474229, 0x775A422A, 0x775B422D, 0x77611F47, 0x77632624, 0x7765422E, 0x77662B33, 0x7768422B,
	0x776B422C, 0x77794231, 0x777E4230, 0x777F422F, 0x778B4233, 0x778E4232, 0x77914234, 0x779E4236,
	0x77A04235, 0x77A52A2D, 0x77AC1D36, 0x77AD2E26, 0x77B04237, 0x77B32617, 0x77B64238, 0x77B94239,
	0x77BB423D, 0x77BC423B, 0x77BD423C, 0x77BF423A, 0x77C7423E, 0x77CD423F, 0x77D74240, 0x77DA4241,
	0x77DB2C17, 0x77DC4242, 0x77E22C50, 0x77E34243, 0x77E5232E, 0x77E7274A, 0x77E9164B, 0x77ED231B,
	0x77EE4244, 0x77EF161A, 0x77F32030, 0x77FC4245, 0x78021A1D, 0x780C4246, 0x78124247, 0x78141806,
	0x78151A35, 0x78204249, 0x78215B1D, 0x78252536, 0x78261A36, 0x7827152E, 0x78322B04, 0x7834272B,
	0x783A2537, 0x783F193C, 0x7845424B, 0x784E5B1E, 0x785D1E2B, 0x78645B1F, 0x786B2E12, 0x786C1925,
	0x786F1807, 0x78722803, 0x7874424D, 0x787A5B20, 0x787C424F, 0x7881184B, 0x7886424E, 0x78872456,
	0x788C4251, 0x788D1317, 0x788E424C, 0x7891284A, 0x78931110, 0x78951A4C, 0x78972F32, 0x789A4250,
	0x78A34252, 0x78A72A2B, 0x78A92039, 0x78AA4254, 0x78AF4255, 0x78B54253, 0x78BA132E, 0x78BC425B,
	0x78BE425A, 0x78C11C07, 0x78C5425C, 0x78C64257, 0x78CA425D, 0x78CB4258, 0x78D02838, 0x78D14256,
	0x78D44259, 0x78DA4302, 0x78E74301, 0x78E82B41, 0x78EC425E, 0x78EF104B, 0x78F44304, 0x78FD4303,
	0x79011E2C, 0x79074305, 0x790E2123, 0x79114307, 0x79124306, 0x79194308, 0x79264248, 0x792A424A,
	0x792B430A, 0x792C4309, 0x79305B21, 0x793A1C08, 0x793C2E49, 0x793E1C32, 0x7940430B, 0x79411717,
	0x79471520, 0x79481507, 0x79491B43, 0x79502D14, 0x79534311, 0x79554310, 0x79562124, 0x7957430D,
	0x795A430F, 0x795D1D2B, 0x795E1F20, 0x795F430E, 0x7960430C, 0x7962270A, 0x79651E2D, 0x7968291C,
	0x796D1A37, 0x79772558, 0x797A4312, 0x797F4313, 0x79804329, 0x79811638, 0x79842F1D, 0x79852115,
	0x798A4314, 0x798D1232, 0x798E2457, 0x798F2A01, 0x79945B25, 0x799B5B27, 0x799D4315, 0x79A6155A,
	0x79A74316, 0x79AA4318, 0x79AE4319, 0x79B02709, 0x79B3431A, 0x79B9431B, 0x79BA431C, 0x79BD1639,
	0x79BE1233, 0x79BF2625, 0x79C01D08, 0x79C11B44, 0x79C9431D, 0x79CB1D09, 0x79D1122A, 0x79D22923,
	0x79D5431E, 0x79D8284B, 0x79DF2125, 0x79E14321, 0x79E34322, 0x79E42749, 0x79E61F21, 0x79E7431F,
	0x79E92341, 0x79EC4320, 0x79F01E2E, 0x79FB103C, 0x7A001509, 0x7A084323, 0x7A0B2458, 0x7A0D4324,
	0x7A0E2027, 0x7A142C0D, 0x7A172903, 0x7A184325, 0x7A194326, 0x7A1A2335, 0x7A1C2E27, 0x7A1F4328,
	0x7A204327, 0x7A2E1C4F, 0x7A31432A, 0x7A321050, 0x7A37432D, 0x7A3B432B, 0x7A3C1234, 0x7A3D172E,
	0x7A3E432C, 0x7A3F1926, 0x7A401952, 0x7A422A46, 0x7A43432E, 0x7A462B34, 0x7A494330, 0x7A4D2031,
	0x7A4E112F, 0x7A4F121A, 0x7A50100C, 0x7A57432F, 0x7A614331, 0x7A624332, 0x7A631E57, 0x7A694333,
	0x7A6B132F, 0x7A704335, 0x7A74174A, 0x7A761546, 0x7A794336, 0x7A7A1655, 0x7A7D4337, 0x7A7F205C,
	0x7A81262D, 0x7A832040, 0x7A841A55, 0x7A884338, 0x7A922342, 0x7A93214B, 0x7A95433A, 0x7A96433C,
	0x7A974339, 0x7A98433B, 0x7A9F1702, 0x7AA9433D, 0x7AAA1706, 0x7AAE1547, 0x7AAF2D32, 0x7AB0433F,
	0x7AB64340, 0x7ABA110E, 0x7ABF4343, 0x7AC31356, 0x7AC44342, 0x7AC54341, 0x7AC74345, 0x7AC8433E,
	0x7ACA4346, 0x7ACB2E09, 0x7ACD4347, 0x7ACF4348, 0x7AD15B28, 0x7AD23454, 0x7AD3434A, 0x7AD54349,
	0x7AD9434B, 0x7ADA434C, 0x7ADC2E15, 0x7ADD434D, 0x7ADF504F, 0x7AE01E2F, 0x7AE1434E, 0x7AE2434F,
	0x7AE31D37, 0x7AE52618, 0x7AE64350, 0x7AE75B29, 0x7AEA2308, 0x7AEB5B2B, 0x7AED4351, 0x7AEF231C,
	0x7AF04352, 0x7AF61605, 0x7AF8311F, 0x7AF9233D, 0x7AFA1C13, 0x7AFF1428, 0x7B024353, 0x7B044402,
	0x7B064356, 0x7B081548, 0x7B0A4355, 0x7B0B4404, 0x7B0F4354, 0x7B111E30, 0x7B184358, 0x7B194359,
	0x7B1B250B, 0x7B1E435A, 0x7B20133E, 0x7B251F3A, 0x7B262944, 0x7B28435C, 0x7B2C2248, 0x7B334357,
	0x7B35435B, 0x7B36435D, 0x7B391A5B, 0x7B454406, 0x7B46290E, 0x7B482806, 0x7B492559, 0x7B4B163A,
	0x7B4C4405, 0x7B4D4403, 0x7B4F2815, 0x7B50435E, 0x7B51233E, 0x7B52255B, 0x7B54255A, 0x7B561A56,
	0x7B5D4418, 0x7B654408, 0x7B67440A, 0x7B6C440D, 0x7B6E440E, 0x7B70440B, 0x7B71440C, 0x7B744409,
	0x7B754407, 0x7B7A4401, 0x7B862A2F, 0x7B871235, 0x7B8B4415, 0x7B8D4412, 0x7B8F4417, 0x7B924416,
	0x7B942753, 0x7B952C07, 0x7B971B1B, 0x7B984410, 0x7B994419, 0x7B9A4414, 0x7B9C4413, 0x7B9D440F,
	0x7B9E5B2C, 0x7B9F4411, 0x7BA11429, 0x7BAA231D, 0x7BAD205D, 0x7BB12802, 0x7BB4441E, 0x7BB82804,
	0x7BC02041, 0x7BC1441B, 0x7BC4282F, 0x7BC6441F, 0x7BC72A33, 0x7BC9233B, 0x7BCB441A, 0x7BCC441C,
	0x7BCF441D, 0x7BDD4420, 0x7BE01C24, 0x7BE42626, 0x7BE54425, 0x7BE64424, 0x7BE94421, 0x7BED2F16,
	0x7BF3442A, 0x7BF6442E, 0x7BF7442B, 0x7C004427, 0x7C074428, 0x7C0D442D, 0x7C114422, 0x7C123235,
	0x7C134429, 0x7C144423, 0x7C17442C, 0x7C1F4432, 0x7C21142A, 0x7C23442F, 0x7C274430, 0x7C2A4431,
	0x7C2B4434, 0x7C374433, 0x7C382856, 0x7C3D4435, 0x7C3E2E5C, 0x7C3F2A4D, 0x7C40443A, 0x7C434437,
	0x7C4C4436, 0x7C4D2032, 0x7C4F4439, 0x7C50443B, 0x7C544438, 0x7C56443F, 0x7C58443C, 0x7C5F443D,
	0x7C604426, 0x7C64443E, 0x7C654440, 0x7C6C4441, 0x7C732A26, 0x7C754442, 0x7C7E2C42, 0x7C81162E,
	0x7C821709, 0x7C834443, 0x7C892A14, 0x7C8B1F48, 0x7C8D2C10, 0x7C904444, 0x7C922E13, 0x7C952754,
	0x7C972126, 0x7C982714, 0x7C9B1D2D, 0x7C9F1020, 0x7CA14449, 0x7CA24447, 0x7CA44445, 0x7CA51401,
	0x7CA71E31, 0x7CA8444A, 0x7CAB4448, 0x7CAD4446, 0x7CAE444E, 0x7CB1444D, 0x7CB2444C, 0x7CB3444B,
	0x7CB9444F, 0x7CBD4450, 0x7CBE201A, 0x7CC04451, 0x7CC24453, 0x7CC54452, 0x7CCA1832, 0x7CCE2118,
	0x7CD24455, 0x7CD6255C, 0x7CD84454, 0x7CDC4456, 0x7CDE2A15, 0x7CDF214C, 0x7CE01927, 0x7CE24457,
	0x7CE72E28, 0x7CEF4459, 0x7CF2445A, 0x7CF4445B, 0x7CF6445C, 0x7CF81B45, 0x7CFA445D, 0x7CFB172F,
	0x7CFE154A, 0x7D00150A, 0x7D024501, 0x7D042C53, 0x7D051928, 0x7D06445E, 0x7D0A4504, 0x7D0B2C46,
	0x7D0D271C, 0x7D102913, 0x7D141D43, 0x7D154503, 0x7D171C33, 0x7D181929, 0x7D191B46, 0x7D1A1549,
	0x7D1B2A16, 0x7D1C4502, 0x7D202127, 0x7D212B22, 0x7D221A57, 0x7D2B1B47, 0x7D2C243D, 0x7D2E4507,
	0x7D2F2E3F, 0x7D301A39, 0x7D324508, 0x7D331F22, 0x7D35450A, 0x7D391E32, 0x7D3A1A10, 0x7D3F4509,
	0x7D421D0A, 0x7D43181E, 0x7D442128, 0x7D454505, 0x7D46450B, 0x7D485B2E, 0x7D4B4506, 0x7D4C1730,
	0x7D4E450E, 0x7D4F4512, 0x7D50174B, 0x7D56450D, 0x7D5B4516, 0x7D5C5B2F, 0x7D5E192A, 0x7D612D4D,
	0x7D62101C, 0x7D634513, 0x7D66154B, 0x7D684510, 0x7D6E4511, 0x7D71255D, 0x7D72450F, 0x7D73450C,
	0x7D751308, 0x7D762044, 0x7D791808, 0x7D7D4518, 0x7D894515, 0x7D8F4517, 0x7D934514, 0x7D991731,
	0x7D9A2213, 0x7D9B4519, 0x7D9C214E, 0x7D9F4526, 0x7DA05B31, 0x7DA24522, 0x7DA3451C, 0x7DAB4520,
	0x7DAC1C5A, 0x7DAD103D, 0x7DAE451B, 0x7DAF4523, 0x7DB04527, 0x7DB1192B, 0x7DB22C36, 0x7DB42436,
	0x7DB5451D, 0x7DB75B30, 0x7DB84525, 0x7DBA451A, 0x7DBB231E, 0x7DBD451F, 0x7DBE101D, 0x7DBF2C2A,
	0x7DC7451E, 0x7DCA163B, 0x7DCB284C, 0x7DCF214D, 0x7DD12E30, 0x7DD21D4F, 0x7DD5454E, 0x7DD65B32,
	0x7DD84528, 0x7DDA205E, 0x7DDC4524, 0x7DDD4529, 0x7DDE452B, 0x7DE02459, 0x7DE1452E, 0x7DE4452A,
	0x7DE82A34, 0x7DE9142B, 0x7DEC2C2B, 0x7DEF103E, 0x7DF2452D, 0x7DF42E5D, 0x7DFB452C, 0x7E01114F,
	0x7E04264C, 0x7E05452F, 0x7E094536, 0x7E0A4530, 0x7E0B4537, 0x7E124533, 0x7E1B275B, 0x7E1E1C2A,
	0x7E1F4535, 0x7E214532, 0x7E224538, 0x7E234531, 0x7E261D24, 0x7E2B2B05, 0x7E2E1D2C, 0x7E314534,
	0x7E324540, 0x7E35453C, 0x7E37453F, 0x7E39453D, 0x7E3A4541, 0x7E3B453B, 0x7E3D4521, 0x7E3E2033,
	0x7E41282B, 0x7E43453E, 0x7E464539, 0x7E4A2101, 0x7E4B1732, 0x7E4D1D0B, 0x7E525B33, 0x7E541F05,
	0x7E552116, 0x7E564544, 0x7E594546, 0x7E5A4547, 0x7E5D4543, 0x7E5E4545, 0x7E66453A, 0x7E674542,
	0x7E69454A, 0x7E6A4549, 0x7E6D2B5A, 0x7E70170B, 0x7E794548, 0x7E7B454C, 0x7E7C454B, 0x7E7D454F,
	0x7E7F4551, 0x7E821B1C, 0x7E83454D, 0x7E884552, 0x7E894553, 0x7E8A5901, 0x7E8C4554, 0x7E8E455A,
	0x7E8F251B, 0x7E904556, 0x7E924555, 0x7E934557, 0x7E944558, 0x7E964559, 0x7E9B455B, 0x7E9C455C,
	0x7F36142C, 0x7F38455D, 0x7F3A455E, 0x7F454601, 0x7F475B34, 0x7F4C4602, 0x7F4D4603, 0x7F4E4604,
	0x7F504605, 0x7F514606, 0x7F544608, 0x7F554607, 0x7F584609, 0x7F5F460A, 0x7F60460B, 0x7F67460E,
	0x7F68460C, 0x7F69460D, 0x7F6A1A41, 0x7F6B1733, 0x7F6E2336, 0x7F702813, 0x7F721D50, 0x7F75272D,
	0x7F77284D, 0x7F78460F, 0x7F79384D, 0x7F824610, 0x7F834612, 0x7F852D45, 0x7F864611, 0x7F874614,
	0x7F884613, 0x7F8A2D33, 0x7F8C4615, 0x7F8E285E, 0x7F944616, 0x7F9A4619, 0x7F9D4618, 0x7F9E4617,
	0x7FA15B35, 0x7FA3461A, 0x7FA41712, 0x7FA82102, 0x7FA91521, 0x7FAE461E, 0x7FAF461B, 0x7FB2461C,
	0x7FB6461F, 0x7FB84620, 0x7FB9461D, 0x7FBD1109, 0x7FC11207, 0x7FC54622, 0x7FC64623, 0x7FCA4624,
	0x7FCC2D42, 0x7FD21D0C, 0x7FD44626, 0x7FD54625, 0x7FE01F49, 0x7FE14627, 0x7FE64628, 0x7FE94629,
	0x7FEB1445, 0x7FF0142D, 0x7FF3462A, 0x7FF9462B, 0x7FFB2B3D, 0x7FFC2D43, 0x80002D34, 0x80012F17,
	0x8003192D, 0x8004462E, 0x80051C34, 0x8006462D, 0x800B462F, 0x800C1C09, 0x80102231, 0x80124630,
	0x8015192C, 0x80172C37, 0x80184631, 0x80194632, 0x801C4633, 0x80214634, 0x80284635, 0x80331C0A,
	0x80362C4D, 0x803B4637, 0x803D231F, 0x803F4636, 0x80464639, 0x804A4638, 0x8052463A, 0x8056201B,
	0x8058463B, 0x805A463C, 0x805E2A19, 0x805F463D, 0x8061214F, 0x8062463E, 0x8068463F, 0x806F2E5E,
	0x80704642, 0x80724641, 0x80734640, 0x80742410, 0x80764643, 0x80771F06, 0x80794644, 0x807D4645,
	0x807E2F18, 0x807F4646, 0x80844647, 0x80854649, 0x80864648, 0x80872805, 0x80892659, 0x808B2F1E,
	0x808C2809, 0x8093464B, 0x80961E33, 0x8098290A, 0x809A464C, 0x809B464A, 0x809D142E, 0x80A11834,
	0x80A21B48, 0x80A5284E, 0x80A9180A, 0x80AA2B23, 0x80AC464F, 0x80AD464D, 0x80AF192E, 0x80B1192F,
	0x80B21049, 0x80B41A48, 0x80BA2739, 0x80C3103F, 0x80C44654, 0x80C62320, 0x80CC2738, 0x80CE223B,
	0x80D64656, 0x80D94652, 0x80DA4655, 0x80DB4650, 0x80DD4653, 0x80DE2B06, 0x80E11835, 0x80E4105D,
	0x80E54651, 0x80EF4658, 0x80F14659, 0x80F42619, 0x80F8161B, 0x80FC4706, 0x80FD271D, 0x81021B49,
	0x8105161C, 0x81062028, 0x81072F26, 0x81082C0E, 0x81094657, 0x810A2034, 0x811A1533, 0x811B465A,
	0x8123465C, 0x8129465B, 0x812F465D, 0x81312306, 0x8133271E, 0x81392411, 0x813E4703, 0x81464702,
	0x814B465E, 0x814E1F35, 0x81502945, 0x81514705, 0x81534704, 0x81541930, 0x81552F33, 0x815F4715,
	0x81654709, 0x8166470A, 0x816B1C50, 0x816E4708, 0x81701958, 0x81714707, 0x8174470B, 0x81782412,
	0x81792A02, 0x817A2103, 0x817F223C, 0x8180470F, 0x81824710, 0x8183470C, 0x8188470D, 0x818A470E,
	0x818F1931, 0x81934716, 0x81954712, 0x819A2946, 0x819C2B4C, 0x819D2908, 0x81A04711, 0x81A34714,
	0x81A44713, 0x81A82B24, 0x81A94717, 0x81B04718, 0x81B32117, 0x81B54719, 0x81B8471B, 0x81BA471F,
	0x81BD471C, 0x81BE471A, 0x81BF271F, 0x81C0471D, 0x81C2471E, 0x81C61212, 0x81C84725, 0x81C94720,
	0x81CD4721, 0x81D14722, 0x81D32201, 0x81D84724, 0x81D94723, 0x81DA4726, 0x81DF4727, 0x81E04728,
	0x81E31F23, 0x81E51249, 0x81E74729, 0x81E82E37, 0x81EA1C0B, 0x81ED1D0D, 0x81F31B4A, 0x81F42337,
	0x81FA472A, 0x81FB472B, 0x81FC1111, 0x81FE472C, 0x8201472D, 0x8202472E, 0x8205472F, 0x82074730,
	0x8208161D, 0x82093A0A, 0x820A4731, 0x820C2045, 0x820D4732, 0x820E1C2B, 0x82104733, 0x82123010,
	0x82164734, 0x82172A3E, 0x8218143C, 0x821B2104, 0x821C1D38, 0x821E2951, 0x821F1D0E, 0x82294735,
	0x822A1932, 0x822B4736, 0x822C282C, 0x822E4744, 0x82334738, 0x82352229, 0x82362755, 0x8237181F,
	0x82384737, 0x82392105, 0x82404739, 0x8247245A, 0x8258473B, 0x8259473A, 0x825A473D, 0x825D473C,
	0x825F473E, 0x82624740, 0x8264473F, 0x8266142F, 0x82684741, 0x826A4742, 0x826B4743, 0x826E1A11,
	0x826F2E29, 0x82714745, 0x82721F07, 0x82761150, 0x82774746, 0x82784747, 0x827E4748, 0x828B1052,
	0x828D4749, 0x8292474A, 0x82992947, 0x829D1C27, 0x829F474C, 0x82A51309, 0x82A61012, 0x82AB474B,
	0x82AC474E, 0x82AD272E, 0x82AF1F24, 0x82B11236, 0x82B32B07, 0x82B8173D, 0x82B9163C, 0x82BB474D,
	0x82BD124A, 0x82C51403, 0x82D11151, 0x82D24752, 0x82D32E4A, 0x82D4223D, 0x82D72924, 0x82D9475E,
	0x82DB1237, 0x82DC475C, 0x82DE475A, 0x82DF4751, 0x82E1474F, 0x82E34750, 0x82E51C43, 0x82E6164C,
	0x82E72357, 0x82EB2631, 0x82F11131, 0x82F34754, 0x82F44753, 0x82F94759, 0x82FA4755, 0x82FB4758,
	0x83015B37, 0x83022C30, 0x83034757, 0x83041238, 0x8305135D, 0x8306475B, 0x8309475D, 0x830E1734,
	0x83164803, 0x8317480C, 0x8318480D, 0x831C100B, 0x83234814, 0x83281051, 0x832B480B, 0x832F480A,
	0x83314805, 0x83324804, 0x83344802, 0x83354801, 0x83362343, 0x8338225B, 0x83394807, 0x83404806,
	0x83454809, 0x83492150, 0x834A1735, 0x834F1121, 0x83504808, 0x83521933, 0x83582151, 0x83625B38,
	0x8373481A, 0x8375481B, 0x83771239, 0x837B120E, 0x837C4818, 0x837F5B39, 0x8385480E, 0x83874816,
	0x8389481D, 0x838A4817, 0x838E4815, 0x83934756, 0x83964813, 0x839A480F, 0x839E1430, 0x839F4811,
	0x83A0481C, 0x83A24812, 0x83A8481E, 0x83AA4810, 0x83AB275C, 0x83B12D49, 0x83B54819, 0x83BD482F,
	0x83C14827, 0x83C51F5B, 0x83C75B3A, 0x83CA1526, 0x83CC163D, 0x83CE4822, 0x83D3123B, 0x83D61E34,
	0x83D84825, 0x83DC1A3A, 0x83DF2531, 0x83E0482A, 0x83E92A4E, 0x83EB4821, 0x83EF123A, 0x83F01836,
	0x83F12909, 0x83F2482B, 0x83F4481F, 0x83F65B3B, 0x83F74828, 0x83FB4832, 0x83FD4823, 0x84034824,
	0x8404261A, 0x84074829, 0x840B4826, 0x840C2B08, 0x840D482C, 0x840E1040, 0x84134820, 0x8420482E,
	0x8422482D, 0x8429274B, 0x842A4834, 0x842C483F, 0x8431135E, 0x84354842, 0x84384830, 0x843C4835,
	0x843D2D4E, 0x8446483E, 0x84485B3C, 0x84492D35, 0x844E2E0A, 0x84572358, 0x845B134B, 0x84612952,
	0x84624844, 0x84632601, 0x84661011, 0x8469483D, 0x846B4839, 0x846C2152, 0x846D4833, 0x846E483B,
	0x846F4840, 0x8471270C, 0x8475100A, 0x84774838, 0x84794841, 0x847A2958, 0x8482483C, 0x84844837,
	0x848B1E35, 0x84901D0F, 0x84941C0C, 0x84992C38, 0x849C2927, 0x849F4847, 0x84A14850, 0x84AD483A,
	0x84B21357, 0x84B45B3D, 0x84B81E58, 0x84B94845, 0x84BB484A, 0x84BC2153, 0x84BF4846, 0x84C1484D,
	0x84C4233F, 0x84C6484E, 0x84C92D36, 0x84CA4843, 0x84CB1318, 0x84CD4849, 0x84D0484C, 0x84D12C0C,
	0x84D6484F, 0x84D94848, 0x84DA484B, 0x84DC5905, 0x84EC2B09, 0x84EE2F01, 0x84F44853, 0x84FC485A,
	0x84FF4852, 0x85001C23, 0x85064831, 0x85112A2E, 0x85132C02, 0x85144859, 0x85154858, 0x85174854,
	0x85184855, 0x851A1116, 0x851F4857, 0x85214851, 0x85262435, 0x852C4856, 0x852D105E, 0x85352202,
	0x853D2A23, 0x8540485B, 0x85414901, 0x85432839, 0x8548485E, 0x85491E36, 0x854A1C29, 0x854B4903,
	0x854E161E, 0x85535B3E, 0x85554904, 0x85572959, 0x8558485D, 0x85595B3F, 0x855A4836, 0x8563485C,
	0x85682F2F, 0x85692602, 0x856A2953, 0x856B5B40, 0x856D490B, 0x85774911, 0x857E4912, 0x85804905,
	0x85842756, 0x8587490F, 0x85884907, 0x858A4909, 0x85904913, 0x85914908, 0x8594490C, 0x85971152,
	0x85992645, 0x859B490D, 0x859C4910, 0x85A44906, 0x85A62106, 0x85A8490A, 0x85A91B07, 0x85AA1F25,
	0x85AB1710, 0x85AC2C54, 0x85AE2C59, 0x85AF1D52, 0x85B05B42, 0x85B94917, 0x85BA4915, 0x85C12F2E,
	0x85C94914, 0x85CD2D55, 0x85CF4916, 0x85D04918, 0x85D54919, 0x85DC491C, 0x85DD491A, 0x85E42603,
	0x85E5491B, 0x85E9282D, 0x85EA490E, 0x85F71D53, 0x85F9491D, 0x85FA4922, 0x85FB2154, 0x85FE4921,
	0x86024902, 0x86064923, 0x86072129, 0x860A491E, 0x860B4920, 0x8613491F, 0x86163D11, 0x86173D02,
	0x861A4925, 0x86224924, 0x862D2D56, 0x862F421C, 0x86304926, 0x863F4927, 0x864D4928, 0x864E1837,
	0x86501534, 0x8654492A, 0x8655313D, 0x865A1555, 0x865C2E1A, 0x865E1653, 0x865F492B, 0x8667492C,
	0x866B234E, 0x8671492D, 0x8679265A, 0x867B101A, 0x868A1243, 0x868B4932, 0x868C4933, 0x8693492E,
	0x86951B1D, 0x86A3492F, 0x86A42722, 0x86A94930, 0x86AA4931, 0x86AB493B, 0x86AF4935, 0x86B04938,
	0x86B64934, 0x86C44936, 0x86C64937, 0x86C71C38, 0x86C94939, 0x86CB2321, 0x86CD1736, 0x86CE1322,
	0x86D4493C, 0x86D9131F, 0x86DB4941, 0x86DE493D, 0x86DF4940, 0x86E4281A, 0x86E9493E, 0x86EC493F,
	0x86ED2928, 0x86EE283A, 0x86EF4942, 0x86F8225D, 0x86F9494C, 0x86FB4948, 0x86FE124B, 0x87004946,
	0x87022B0A, 0x87034947, 0x87064944, 0x87084945, 0x8709494A, 0x870A494D, 0x870D494B, 0x87114949,
	0x87124943, 0x87182338, 0x871A4954, 0x871C2C0A, 0x87254952, 0x87294953, 0x8734494E, 0x87374950,
	0x873B4951, 0x873F494F, 0x87492046, 0x874B2F19, 0x874C4958, 0x874E4959, 0x87534A01, 0x87551F0A,
	0x8757495B, 0x8759495E, 0x875F4956, 0x87604955, 0x87634A02, 0x8766123C, 0x8768495C, 0x876A4A03,
	0x876E495D, 0x8774495A, 0x87762413, 0x87784957, 0x877F2748, 0x87824A07, 0x878D2D1B, 0x879F4A06,
	0x87A24A05, 0x87AB4A0E, 0x87AF4A08, 0x87B34A10, 0x87BA2D46, 0x87BB4A13, 0x87BD4A0A, 0x87C04A0B,
	0x87C44A0F, 0x87C64A12, 0x87C74A11, 0x87CB4A09, 0x87D04A0C, 0x87D24A1D, 0x87E04A16, 0x87EF4A14,
	0x87F24A15, 0x87F64A1A, 0x87F74A1B, 0x87F9130A, 0x87FB1522, 0x87FE4A19, 0x88054A04, 0x88075B45,
	0x880D4A18, 0x880E4A1C, 0x880F4A17, 0x88114A1E, 0x88154A20, 0x88164A1F, 0x88214A22, 0x88224A21,
	0x8823493A, 0x88274A26, 0x88314A23, 0x88364A24, 0x88394A25, 0x883B4A27, 0x8840174C, 0x88424A29,
	0x88444A28, 0x88461D10, 0x884C1934, 0x884D3E07, 0x88524A2A, 0x88531D31, 0x88571319, 0x88594A2B,
	0x885B1132, 0x885D1E37, 0x885E4A2C, 0x88611935, 0x88624A2D, 0x88631041, 0x8868291D, 0x886B4A2E,
	0x88701F4A, 0x88724A35, 0x88754A32, 0x8877234F, 0x887D4A33, 0x887E4A30, 0x887F163E, 0x88814A2F,
	0x88824A36, 0x88881716, 0x888B223E, 0x888D4A3C, 0x88924A38, 0x88962215, 0x88974A37, 0x88994A3A,
	0x889E4A31, 0x88A24A3B, 0x88A44A3D, 0x88AB284F, 0x88AE4A39, 0x88B04A3E, 0x88B14A40, 0x88B41833,
	0x88B54A34, 0x88B71021, 0x88BF4A3F, 0x88C11A3B, 0x88C22E56, 0x88C34A41, 0x88C44A42, 0x88C52155,
	0x88CF2E02, 0x88D44A43, 0x88D52D15, 0x88D84A44, 0x88D94A45, 0x88DC2A44, 0x88DD4A46, 0x88DF1A20,
	0x88E12E03, 0x88E84A4B, 0x88F24A4C, 0x88F31E38, 0x88F44A4A, 0x88F55B46, 0x88F82D47, 0x88F94A47,
	0x88FC4A49, 0x88FD201D, 0x88FE1F5E, 0x89024A48, 0x89044A4D, 0x89072A03, 0x890A4A4F, 0x890C4A4E,
	0x8910134C, 0x89122B0B, 0x89134A50, 0x891C5902, 0x891D4A5C, 0x891E4A52, 0x89254A53, 0x892A4A54,
	0x892B4A55, 0x89364A59, 0x89384A5A, 0x893B4A58, 0x89414A56, 0x89434A51, 0x89444A57, 0x894C4A5B,
	0x894D5017, 0x89561208, 0x895E4A5E, 0x895F163F, 0x89604A5D, 0x89644B02, 0x89664B01, 0x896A4B04,
	0x896D4B03, 0x896F4B05, 0x89721D11, 0x89744B06, 0x89774B07, 0x897E4B08, 0x897F201E, 0x89812D37,
	0x89834B09, 0x89862A04, 0x89872726, 0x89884B0A, 0x898A4B0B, 0x898B180B, 0x898F150C, 0x89934B0C,
	0x89961B4B, 0x89972721, 0x89984B0D, 0x899A1330, 0x89A14B0E, 0x89A64B10, 0x89A72D57, 0x89A94B0F,
	0x89AA1F26, 0x89AC4B11, 0x89AF4B12, 0x89B24B13, 0x89B31431, 0x89BA4B14, 0x89BD4B15, 0x89BF4B16,
	0x89C04B17, 0x89D21331, 0x89DA4B18, 0x89DC4B19, 0x89DD4B1A, 0x89E31252, 0x89E61F08, 0x89E74B1B,
	0x89F44B1C, 0x89F84B1D, 0x8A001820, 0x8A02245B, 0x8A034B1E, 0x8A081737, 0x8A0A1F36, 0x8A0C4B21,
	0x8A0E2604, 0x8A104B20, 0x8A125B47, 0x8A131711, 0x8A164B1F, 0x8A172257, 0x8A18150D, 0x8A1B4B22,
	0x8A1D4B23, 0x8A1F1E39, 0x8A23174D, 0x8A254B24, 0x8A2A2B0C, 0x8A2D203F, 0x8A311556, 0x8A332C55,
	0x8A34212A, 0x8A364B25, 0x8A375B48, 0x8A3A1F27, 0x8A3B2350, 0x8A3C1E3A, 0x8A414B26, 0x8A464B29,
	0x8A484B2A, 0x8A501A1E, 0x8A512222, 0x8A524B28, 0x8A541E3B, 0x8A55291E, 0x8A5B4B27, 0x8A5E1B4C,
	0x8A601133, 0x8A624B2E, 0x8A631738, 0x8A661B4E, 0x8A691B4D, 0x8A6B2F2D, 0x8A6C4B2D, 0x8A6D4B2C,
	0x8A6E2107, 0x8A70152D, 0x8A712F23, 0x8A72131A, 0x8A731E3C, 0x8A795B49, 0x8A7C4B2B, 0x8A824B30,
	0x8A844B31, 0x8A854B2F, 0x8A871838, 0x8A892D20, 0x8A8C1B4F, 0x8A8D2707, 0x8A914B34, 0x8A932020,
	0x8A952322, 0x8A982D16, 0x8A9A4B37, 0x8A9E184C, 0x8AA0201F, 0x8AA14B33, 0x8AA34B38, 0x8AA4184D,
	0x8AA54B35, 0x8AA64B36, 0x8AA75B4A, 0x8AA84B32, 0x8AAC2042, 0x8AAD2629, 0x8AB0230F, 0x8AB2123D,
	0x8AB92850, 0x8ABC1523, 0x8ABE5B4B, 0x8ABF2414, 0x8AC24B3B, 0x8AC44B39, 0x8AC7232C, 0x8ACB2021,
	0x8ACC1432, 0x8ACD4B3A, 0x8ACF1F3B, 0x8AD22E2A, 0x8AD62F20, 0x8ADA4B3C, 0x8ADB4B47, 0x8ADC2415,
	0x8ADE4B46, 0x8ADF5B4C, 0x8AE04B43, 0x8AE14B4B, 0x8AE24B44, 0x8AE44B40, 0x8AE6245C, 0x8AE74B3F,
	0x8AEB4B3D, 0x8AED2D01, 0x8AEE1B50, 0x8AF14B41, 0x8AF34B3E, 0x8AF65B4E, 0x8AF74B45, 0x8AF81D54,
	0x8AFA1821, 0x8AFE225A, 0x8B002B25, 0x8B01113A, 0x8B021042, 0x8B042605, 0x8B074B49, 0x8B0C4B48,
	0x8B0E2646, 0x8B104B4D, 0x8B144B42, 0x8B164B4C, 0x8B174B4E, 0x8B19180C, 0x8B1A4B4A, 0x8B1B1936,
	0x8B1D1C35, 0x8B204B4F, 0x8B212D38, 0x8B264B52, 0x8B284B55, 0x8B2B4B53, 0x8B2C2915, 0x8B334B50,
	0x8B391640, 0x8B3E4B54, 0x8B414B56, 0x8B494B5A, 0x8B4C4B57, 0x8B4E4B59, 0x8B4F4B58, 0x8B535B4F,
	0x8B564B5B, 0x8B581C11, 0x8B5A4B5D, 0x8B5B4B5C, 0x8B5C2948, 0x8B5F4C01, 0x8B661739, 0x8B6B4B5E,
	0x8B6C4C02, 0x8B6F4C03, 0x8B701524, 0x8B714621, 0x8B721E59, 0x8B744C04, 0x8B77184E, 0x8B7D4C05,
	0x8B7F5B50, 0x8B804C06, 0x8B831B1E, 0x8B8A3A2E, 0x8B8C4C07, 0x8B8E4C08, 0x8B901D12, 0x8B924C09,
	0x8B934C0A, 0x8B964C0B, 0x8B994C0C, 0x8B9A4C0D, 0x8C37230B, 0x8C3A4C0E, 0x8C3F4C10, 0x8C414C0F,
	0x8C462606, 0x8C484C11, 0x8C4A2B0D, 0x8C4C4C12, 0x8C4E4C13, 0x8C504C14, 0x8C554C15, 0x8C5A263A,
	0x8C611E3D, 0x8C624C16, 0x8C6A194B, 0x8C6B300E, 0x8C6C4C17, 0x8C784C18, 0x8C79291F, 0x8C7A4C19,
	0x8C7C4C21, 0x8C824C1A, 0x8C854C1C, 0x8C894C1B, 0x8C8A4C1D, 0x8C8C2B26, 0x8C8D4C1E, 0x8C8E4C1F,
	0x8C944C20, 0x8C984C22, 0x8C9D130D, 0x8C9E2447, 0x8CA02949, 0x8CA11A42, 0x8CA21937, 0x8CA7292F,
	0x8CA8123F, 0x8CA9282E, 0x8CAA4C25, 0x8CAB1433, 0x8CAC2035, 0x8CAD4C24, 0x8CAE4C29, 0x8CAF2359,
	0x8CB02C43, 0x8CB24C27, 0x8CB34C28, 0x8CB4150E, 0x8CB64C2A, 0x8CB72743, 0x8CB8223F, 0x8CBB2851,
	0x8CBC251D, 0x8CBD4C26, 0x8CBF2B27, 0x8CC0124C, 0x8CC14C2C, 0x8CC22F08, 0x8CC32422, 0x8CC42F25,
	0x8CC71B51, 0x8CC84C2B, 0x8CCA2211, 0x8CCD4C3C, 0x8CCE2108, 0x8CD12658, 0x8CD32930, 0x8CDA4C2F,
	0x8CDB1B1F, 0x8CDC1B52, 0x8CDE1E3E, 0x8CE02745, 0x8CE2180D, 0x8CE34C2E, 0x8CE44C2D, 0x8CE6294A,
	0x8CEA1C21, 0x8CED2532, 0x8CF05B51, 0x8CF45B52, 0x8CFA4C31, 0x8CFB4C32, 0x8CFC1938, 0x8CFD4C30,
	0x8D044C33, 0x8D054C34, 0x8D074C36, 0x8D082203, 0x8D0A4C35, 0x8D0B1446, 0x8D0D4C38, 0x8D0F4C37,
	0x8D104C39, 0x8D125B53, 0x8D134C3B, 0x8D144C3D, 0x8D164C3E, 0x8D642036, 0x8D661C2F, 0x8D674C3F,
	0x8D6B1332, 0x8D6D4C40, 0x8D702156, 0x8D714C41, 0x8D734C42, 0x8D74294B, 0x8D765B54, 0x8D77150F,
	0x8D814C43, 0x8D852416, 0x8D8A113B, 0x8D994C44, 0x8DA31C51, 0x8DA81F56, 0x8DB3220D, 0x8DBA4C47,
	0x8DBE4C46, 0x8DC24C45, 0x8DCB4C4D, 0x8DCC4C4B, 0x8DCF4C48, 0x8DD64C4A, 0x8DDA4C49, 0x8DDB4C4C,
	0x8DDD1557, 0x8DDF4C50, 0x8DE12037, 0x8DE34C51, 0x8DE81839, 0x8DEA4C4E, 0x8DEB4C4F, 0x8DEF2F09,
	0x8DF32417, 0x8DF52109, 0x8DFC4C52, 0x8DFF4C55, 0x8E084C53, 0x8E094C54, 0x8E0A2D39, 0x8E0F2607,
	0x8E104C58, 0x8E1D4C56, 0x8E1E4C57, 0x8E1F4C59, 0x8E2A4D09, 0x8E304C5C, 0x8E344C5D, 0x8E354C5B,
	0x8E424C5A, 0x8E44245D, 0x8E474D01, 0x8E484D05, 0x8E494D02, 0x8E4A4C5E, 0x8E4C4D03, 0x8E504D04,
	0x8E554D0B, 0x8E594D06, 0x8E5F2038, 0x8E604D08, 0x8E634D0A, 0x8E644D07, 0x8E724D0D, 0x8E741D13,
	0x8E764D0C, 0x8E7C4D0E, 0x8E814D0F, 0x8E844D12, 0x8E854D11, 0x8E874D10, 0x8E8A4D14, 0x8E8B4D13,
	0x8E8D2C56, 0x8E914D16, 0x8E934D15, 0x8E944D17, 0x8E994D18, 0x8EA14D1A, 0x8EAA4D19, 0x8EAB1F28,
	0x8EAC4D1B, 0x8EAF164D, 0x8EB04D1C, 0x8EB14D1E, 0x8EBE4D1F, 0x8EC54D20, 0x8EC64D1D, 0x8EC84D21,
	0x8ECA1C36, 0x8ECB4D22, 0x8ECC1510, 0x8ECD1713, 0x8ECF5B56, 0x8ED2180E, 0x8EDB4D23, 0x8EDF2650,
	0x8EE2251E, 0x8EE34D24, 0x8EEB4D27, 0x8EF81C14, 0x8EFB4D26, 0x8EFC4D25, 0x8EFD173A, 0x8EFE4D28,
	0x8F031333, 0x8F054D2A, 0x8F091A3C, 0x8F0A4D29, 0x8F0C4D32, 0x8F124D2C, 0x8F134D2E, 0x8F142A45,
	0x8F154D2B, 0x8F194D2D, 0x8F1B4D31, 0x8F1C4D2F, 0x8F1D1511, 0x8F1F4D30, 0x8F264D33, 0x8F29273A,
	0x8F2A2E38, 0x8F2F1D14, 0x8F334D34, 0x8F382D02, 0x8F394D36, 0x8F3B4D35, 0x8F3E4D39, 0x8F3F2D21,
	0x8F424D38, 0x8F44134D, 0x8F454D37, 0x8F464D3C, 0x8F494D3B, 0x8F4C4D3A, 0x8F4D2512, 0x8F4E4D3D,
	0x8F574D3E, 0x8F5C4D3F, 0x8F5F194C, 0x8F611705, 0x8F624D40, 0x8F634D41, 0x8F644D42, 0x8F9B1F29,
	0x8F9C4D43, 0x8F9E1C0D, 0x8F9F4D44, 0x8FA34D45, 0x8FA73201, 0x8FA8315E, 0x8FAD4D46, 0x8FAE4550,
	0x8FAF4D47, 0x8FB02304, 0x8FB11F0B, 0x8FB22720, 0x8FB74D48, 0x8FBA2A35, 0x8FBB2434, 0x8FBC195E,
	0x8FBF2309, 0x8FC2110A, 0x8FC42B58, 0x8FC51F37, 0x8FCE173E, 0x8FD11641, 0x8FD42A36, 0x8FDA4D49,
	0x8FE24D4B, 0x8FE54D4A, 0x8FE61240, 0x8FE92656, 0x8FEA4D4C, 0x8FEB2757, 0x8FED2513, 0x8FEF4D4D,
	0x8FF01D32, 0x8FF44D4F, 0x8FF72C22, 0x8FF84D5E, 0x8FF94D51, 0x8FFA4D52, 0x8FFD2429, 0x90002240,
	0x90012157, 0x90032608, 0x90054D50, 0x90061535, 0x900B4D59, 0x900D4D56, 0x900E4E05, 0x900F2609,
	0x90102340, 0x90114D53, 0x9013245E, 0x90142533, 0x90154D54, 0x90164D58, 0x90171F40, 0x90192747,
	0x901A242C, 0x901D2022, 0x901E4D57, 0x901F220E, 0x90202204, 0x90214D55, 0x90221009, 0x90232F02,
	0x90274D5A, 0x902E2241, 0x90311D15, 0x90321F2A, 0x90354D5C, 0x90364D5B, 0x9038104F, 0x90394D5D,
	0x903C290F, 0x903E4E07, 0x9041263B, 0x90421F4B, 0x90452339, 0x90471658, 0x90494E06, 0x904A2D17,
	0x904B111F, 0x904D2A37, 0x904E1241, 0x904F4E01, 0x90504E02, 0x90514E03, 0x90524E04, 0x9053261B,
	0x90542303, 0x90551043, 0x90564E08, 0x90584E09, 0x90595403, 0x905C221D, 0x905E4E0A, 0x90601153,
	0x9061212C, 0x9063180F, 0x90652D3A, 0x90675B59, 0x90684E0B, 0x9069250C, 0x906D2158, 0x906E1C37,
	0x906F4E0C, 0x90724E0F, 0x90751D45, 0x90764E0D, 0x9077210B, 0x9078210A, 0x907A1044, 0x907C2E2B,
	0x907D4E11, 0x907F2852, 0x90804E13, 0x90814E12, 0x90824E10, 0x90834344, 0x90841434, 0x90874D4E,
	0x90894E15, 0x908A4E14, 0x908F4E16, 0x90912D18, 0x90A32641, 0x90A62B0E, 0x90A84E17, 0x90AA1C39,
	0x90AF4E18, 0x90B14E19, 0x90B54E1A, 0x90B82501, 0x90C1104A, 0x90CA1939, 0x90CE2F1A, 0x90DB4E1E,
	0x90DE5B5A, 0x90E11714, 0x90E24E1B, 0x90E44E1C, 0x90E82954, 0x90ED1334, 0x90F52D19, 0x90F7161F,
	0x90FD2534, 0x91024E1F, 0x91124E20, 0x91155B5C, 0x91194E21, 0x91275B5D, 0x912D2502, 0x91304E23,
	0x91324E22, 0x91492633, 0x914A4E24, 0x914B1D16, 0x914C1C40, 0x914D273B, 0x914E2351, 0x91521C52,
	0x91541F4C, 0x91564E25, 0x91584E26, 0x91621F3D, 0x91634E27, 0x91654E28, 0x91694E29, 0x916A2D4F,
	0x916C1D17, 0x91724E2B, 0x91734E2A, 0x9175193A, 0x91771953, 0x91781B20, 0x91824E2E, 0x91871D46,
	0x91894E2D, 0x918B4E2C, 0x918D2249, 0x9190184F, 0x91922023, 0x91972810, 0x919C1D19, 0x91A24E2F,
	0x91A41E3F, 0x91AA4E32, 0x91AB4E30, 0x91AF4E31, 0x91B44E34, 0x91B54E33, 0x91B81E5A, 0x91BA4E35,
	0x91C04E36, 0x91C14E37, 0x91C62830, 0x91C71A33, 0x91C81C41, 0x91C94E38, 0x91CB4E39, 0x91CC2E04,
	0x91CD1D25, 0x91CE2C4E, 0x91CF2E2C, 0x91D04E3A, 0x91D11642, 0x91D64E3B, 0x91D75C01, 0x91D82503,
	0x91DA5B5E, 0x91DB4E3E, 0x91DC1358, 0x91DD1F2B, 0x91DE5C02, 0x91DF4E3C, 0x91E14E3D, 0x91E32440,
	0x91E45C05, 0x91E55C06, 0x91E62B35, 0x91E7165C, 0x91ED5C03, 0x91EE5C04, 0x91F54E40, 0x91F64E41,
	0x91FC4E3F, 0x91FF4E43, 0x92065C07, 0x920A5C09, 0x920D263F, 0x920E1323, 0x92105C08, 0x92114E47,
	0x92144E44, 0x92154E46, 0x921E4E42, 0x92294F2F, 0x922C4E45, 0x92342E4B, 0x9237183A, 0x92395C10,
	0x923A5C0A, 0x923C5C0C, 0x923F4E4F, 0x92405C0B, 0x92442514, 0x92454E4A, 0x92484E4D, 0x92494E4B,
	0x924B4E50, 0x924E5C0D, 0x92504E51, 0x92515C0F, 0x92574E49, 0x92595C0E, 0x925A4E56, 0x925B1154,
	0x925E4E48, 0x9262280D, 0x92644E4C, 0x92661E40, 0x92675C11, 0x9271193B, 0x92775C13, 0x92785C14,
	0x927E2B28, 0x92801644, 0x92831D26, 0x9285261C, 0x92885904, 0x9291210D, 0x92934E54, 0x92954E4E,
	0x92964E53, 0x92982C23, 0x929A2418, 0x929B4E55, 0x929C4E52, 0x92A75C12, 0x92AD210C, 0x92B74E59,
	0x92B94E58, 0x92CF4E57, 0x92D05C18, 0x92D22B0F, 0x92D35C1C, 0x92D55C1A, 0x92D75C16, 0x92D95C17,
	0x92E05C1B, 0x92E41D5B, 0x92E75C15, 0x92E94E5A, 0x92EA2A3F, 0x92ED1134, 0x92F22926, 0x92F32352,
	0x92F81558, 0x92F9590A, 0x92FA4E5C, 0x92FB5C1F, 0x92FC193D, 0x92FF5C22, 0x93025C24, 0x93061B0C,
	0x930F4E5B, 0x93101F4D, 0x93181F4E, 0x93194F01, 0x931A4F03, 0x931D5C23, 0x931E5C21, 0x93201E5B,
	0x93215C1E, 0x93224F02, 0x93234F04, 0x93255C1D, 0x93261633, 0x93282925, 0x932B1C42, 0x932C2F03,
	0x932E4E5E, 0x932F1A58, 0x93322F1F, 0x93354F06, 0x933A4F05, 0x933B4F07, 0x93444E5D, 0x93485903,
	0x934B2649, 0x934D2535, 0x93542437, 0x93564F0C, 0x93575C26, 0x935B2323, 0x935C4F08, 0x93604F09,
	0x936C170D, 0x936E4F0B, 0x93705C25, 0x93751810, 0x937C4F0A, 0x937E1E41, 0x938C1359, 0x93944F10,
	0x93961A1F, 0x93972159, 0x939A242A, 0x93A45C27, 0x93A7131B, 0x93AC4F0E, 0x93AD4F0F, 0x93AE2423,
	0x93B04F0D, 0x93B94F11, 0x93C34F17, 0x93C65C28, 0x93C84F1A, 0x93D04F19, 0x93D1250D, 0x93D64F12,
	0x93D74F13, 0x93D84F16, 0x93DD4F18, 0x93DE5C29, 0x93E11620, 0x93E44F1B, 0x93E54F15, 0x93E84F14,
	0x93F85C2A, 0x94034F1F, 0x94074F20, 0x94104F21, 0x94134F1E, 0x94144F1D, 0x94181E42, 0x9419260A,
	0x941A4F1C, 0x94214F25, 0x942B4F23, 0x94315C2B, 0x94354F24, 0x94364F22, 0x94382258, 0x943A4F26,
	0x94414F27, 0x94444F29, 0x94455C2C, 0x94485C2D, 0x94511435, 0x94524F28, 0x94532C5A, 0x945A4F34,
	0x945B4F2A, 0x945E4F2D, 0x94604F2B, 0x94624F2C, 0x946A4F2E, 0x94704F30, 0x94754F31, 0x94774F32,
	0x947C4F35, 0x947D4F33, 0x947E4F36, 0x947F4F38, 0x94814F37, 0x95772419, 0x95802C47, 0x95824F39,
	0x9583210E, 0x95874F3A, 0x95892A24, 0x958A4F3B, 0x958B130B, 0x958F111C, 0x95911437, 0x95925C2E,
	0x95931436, 0x95944F3C, 0x95964F3D, 0x95984F3E, 0x95994F3F, 0x95A04F40, 0x95A21438, 0x95A31335,
	0x95A4193E, 0x95A52816, 0x95A74F42, 0x95A84F41, 0x95AD4F43, 0x95B2113C, 0x95B94F46, 0x95BB4F45,
	0x95BC4F44, 0x95BE4F47, 0x95C34F4A, 0x95C71027, 0x95CA4F48, 0x95CC4F4C, 0x95CD4F4B, 0x95D44F4E,
	0x95D54F4D, 0x95D64F4F, 0x95D8260E, 0x95DC4F50, 0x95E14F51, 0x95E24F53, 0x95E54F52, 0x961C294C,
	0x96214F54, 0x96284F55, 0x962A1A45, 0x962E4F56, 0x962F4F57, 0x96322B29, 0x963B212B, 0x963F1004,
	0x9640222B, 0x96424F58, 0x9644294D, 0x964B4F5B, 0x964C4F59, 0x964D193F, 0x964F4F5A, 0x96501822,
	0x965B2A25, 0x965C4F5D, 0x965D5001, 0x965E4F5E, 0x965F5002, 0x96621101, 0x96631F38, 0x96641D5C,
	0x96651439, 0x96665003, 0x966A2746, 0x966C5005, 0x96701102, 0x96725004, 0x96732424, 0x96752E2D,
	0x9676260B, 0x96774F5C, 0x96782E06, 0x967A1811, 0x967D2D3B, 0x96851659, 0x96862E14, 0x96881708,
	0x968A2242, 0x968B4701, 0x968D5006, 0x968E130C, 0x968F1F4F, 0x96941336, 0x96955008, 0x96975009,
	0x96985007, 0x96991744, 0x969B1A3D, 0x969C1E43, 0x969D5C31, 0x96A01103, 0x96A32E39, 0x96A7500B,
	0x96A84E0E, 0x96AA500A, 0x96AF5C32, 0x96B0500E, 0x96B1500C, 0x96B2500D, 0x96B4500F, 0x96B65010,
	0x96B72E4C, 0x96B85011, 0x96B95012, 0x96BB2029, 0x96BC281B, 0x96C01F5D, 0x96C11447, 0x96C42D1A,
	0x96C5124D, 0x96C61D18, 0x96C7183B, 0x96C95015, 0x96CB5014, 0x96CC1B53, 0x96CD5016, 0x96CE5013,
	0x96D11B08, 0x96D5501A, 0x96D64A0D, 0x96D93236, 0x96DB1F57, 0x96DC5018, 0x96E22E05, 0x96E32651,
	0x96E8110B, 0x96EA2043, 0x96EB1C16, 0x96F02A17, 0x96F21120, 0x96F62E4D, 0x96F72D4B, 0x96F9501B,
	0x96FB2525, 0x97001C5B, 0x9704501C, 0x9706501D, 0x97071F2C, 0x9708501E, 0x970A2E4E, 0x970D5019,
	0x970E5020, 0x970F5022, 0x97115021, 0x9713501F, 0x97165023, 0x97195024, 0x971C215A, 0x971E1242,
	0x97245025, 0x97272C18, 0x972A5026, 0x97305027, 0x97322F0A, 0x97335C33, 0x97383B11, 0x97395028,
	0x973B5C34, 0x973D5029, 0x973E502A, 0x9742502E, 0x97435C35, 0x9744502B, 0x9746502C, 0x9748502D,
	0x9749502F, 0x974D5C36, 0x974F5C37, 0x97515C38, 0x97522024, 0x97555C39, 0x97562C57, 0x97592025,
	0x975C5030, 0x975E2853, 0x97605031, 0x97615333, 0x97622C2C, 0x97645032, 0x97665033, 0x97685034,
	0x97691337, 0x976B5036, 0x976D1F39, 0x97715037, 0x97741704, 0x97795038, 0x977A503C, 0x977C503A,
	0x9781503B, 0x97841353, 0x97855039, 0x9786503D, 0x978B503E, 0x978D1028, 0x978F503F, 0x97905040,
	0x97981E44, 0x979C5041, 0x97A01527, 0x97A35044, 0x97A65043, 0x97A85042, 0x97AB4B51, 0x97AD2A3C,
	0x97B35045, 0x97B45046, 0x97C35047, 0x97C65048, 0x97C85049, 0x97CB504A, 0x97D3143A, 0x97DC504B,
	0x97ED504C, 0x97EE2703, 0x97F2504E, 0x97F3121B, 0x97F55051, 0x97F65050, 0x97FB1104, 0x97FF1621,
	0x98012A27, 0x9802241A, 0x98031A02, 0x98051940, 0x98061D47, 0x98081F3C, 0x980C5053, 0x980F5052,
	0x98102D22, 0x98111448, 0x98122832, 0x9813263C, 0x98171F5C, 0x98182E2E, 0x981A173B, 0x98215056,
	0x98245055, 0x982C2B2B, 0x982D260C, 0x98341130, 0x98375057, 0x98385054, 0x983B2931, 0x983C2D4A,
	0x983D5058, 0x98465059, 0x984B505B, 0x984C224A, 0x984D133B, 0x984E133C, 0x984F505A, 0x98541449,
	0x98551812, 0x98575C3A, 0x9858144A, 0x985B251F, 0x985E2E40, 0x98655C3B, 0x9867183C, 0x986B505C,
	0x986F505D, 0x9870505E, 0x98715101, 0x98735103, 0x98745102, 0x98A82957, 0x98AA5104, 0x98AF5105,
	0x98B15106, 0x98B65107, 0x98C35109, 0x98C45108, 0x98C6510A, 0x98DB2854, 0x98DC462C, 0x98DF1F09,
	0x98E21512, 0x98E9510B, 0x98EB510C, 0x98ED320C, 0x98EE3D1B, 0x98EF2833, 0x98F2105B, 0x98F4101B,
	0x98FC1B54, 0x98FD2B10, 0x98FE1E5E, 0x9903510D, 0x99052C3F, 0x9909510E, 0x990A2D3C, 0x990C1122,
	0x99101B21, 0x9912510F, 0x9913124E, 0x99145110, 0x99185111, 0x991D5113, 0x991E5114, 0x99205116,
	0x99215112, 0x99245115, 0x99275C3E, 0x9928143B, 0x992C5117, 0x992E5118, 0x993D5119, 0x993E511A,
	0x9942511B, 0x9945511D, 0x9949511C, 0x994B511F, 0x994C5122, 0x9950511E, 0x99515120, 0x99525121,
	0x99555123, 0x99571622, 0x99961C53, 0x99975124, 0x99985125, 0x99991941, 0x999E5C40, 0x99A55126,
	0x99A8131E, 0x99AC272F, 0x99AD5127, 0x99AE5128, 0x99B3233A, 0x99B4264B, 0x99BC5129, 0x99C1275D,
	0x99C4222C, 0x99C51138, 0x99C6164E, 0x99C8164F, 0x99D02353, 0x99D1512E, 0x99D21650, 0x99D5124F,
	0x99D8512D, 0x99DB512B, 0x99DD512C, 0x99DF512A, 0x99E25138, 0x99ED512F, 0x99EE5130, 0x99F15131,
	0x99F25132, 0x99F85134, 0x99FB5133, 0x99FF1D39, 0x9A015135, 0x9A055137, 0x9A0E1513, 0x9A0F5136,
	0x9A12215B, 0x9A131813, 0x9A195139, 0x9A28222D, 0x9A2B513A, 0x9A30260D, 0x9A37513B, 0x9A3E5140,
	0x9A40513E, 0x9A42513D, 0x9A43513F, 0x9A45513C, 0x9A4D5142, 0x9A4E5C41, 0x9A555141, 0x9A575144,
	0x9A5A1623, 0x9A5B5143, 0x9A5F5145, 0x9A625146, 0x9A645148, 0x9A655147, 0x9A695149, 0x9A6A514B,
	0x9A6B514A, 0x9AA8195C, 0x9AAD514C, 0x9AB0514D, 0x9AB8131C, 0x9ABC514E, 0x9AC0514F, 0x9AC41F51,
	0x9ACF5150, 0x9AD15151, 0x9AD35152, 0x9AD45153, 0x9AD81942, 0x9AD95C42, 0x9ADC5C43, 0x9ADE5154,
	0x9ADF5155, 0x9AE25156, 0x9AE35157, 0x9AE65158, 0x9AEA2811, 0x9AEB515A, 0x9AED2906, 0x9AEE515B,
	0x9AEF5159, 0x9AF1515D, 0x9AF4515C, 0x9AF7515E, 0x9AFB5201, 0x9B065202, 0x9B185203, 0x9B1A5204,
	0x9B1F5205, 0x9B225206, 0x9B235207, 0x9B255208, 0x9B275209, 0x9B28520A, 0x9B29520B, 0x9B2A520C,
	0x9B2E520D, 0x9B2F520E, 0x9B313D15, 0x9B32520F, 0x9B3B4458, 0x9B3C1514, 0x9B411301, 0x9B421A12,
	0x9B435211, 0x9B445210, 0x9B452C05, 0x9B4D5213, 0x9B4E5214, 0x9B4F5212, 0x9B515215, 0x9B542B42,
	0x9B585216, 0x9B5A155B, 0x9B6F2F05, 0x9B725C45, 0x9B745217, 0x9B755C44, 0x9B835219, 0x9B8E101E,
	0x9B8F5C46, 0x9B91521A, 0x9B922A0B, 0x9B935218, 0x9B96521B, 0x9B97521C, 0x9B9F521D, 0x9BA0521E,
	0x9BA8521F, 0x9BAA2B4E, 0x9BAB1B0D, 0x9BAD1A5A, 0x9BAE210F, 0x9BB15C47, 0x9BB45220, 0x9BB95223,
	0x9BBB5C48, 0x9BC05221, 0x9BC65224, 0x9BC91851, 0x9BCA5222, 0x9BCF5225, 0x9BD15226, 0x9BD25227,
	0x9BD4522B, 0x9BD61B0A, 0x9BDB2244, 0x9BE1522C, 0x9BE25229, 0x9BE35228, 0x9BE4522A, 0x9BE8173F,
	0x9BF05230, 0x9BF1522F, 0x9BF2522E, 0x9BF51013, 0x9C005C49, 0x9C04523A, 0x9C065236, 0x9C085237,
	0x9C095233, 0x9C0A5239, 0x9C0C5235, 0x9C0D1342, 0x9C102F2C, 0x9C125238, 0x9C135234, 0x9C145232,
	0x9C155231, 0x9C1B523C, 0x9C21523F, 0x9C24523E, 0x9C25523D, 0x9C2D2929, 0x9C2E523B, 0x9C2F1053,
	0x9C305240, 0x9C325242, 0x9C39134F, 0x9C3A522D, 0x9C3B1117, 0x9C3E5244, 0x9C465243, 0x9C475241,
	0x9C48230D, 0x9C522B50, 0x9C572E3A, 0x9C5A5245, 0x9C605246, 0x9C675247, 0x9C765248, 0x9C785249,
	0x9CE5241B, 0x9CE7524A, 0x9CE92817, 0x9CEB524F, 0x9CEC524B, 0x9CF0524C, 0x9CF32B11, 0x9CF42C24,
	0x9CF62630, 0x9D035250, 0x9D065251, 0x9D07261E, 0x9D08524E, 0x9D09524D, 0x9D0E120A, 0x9D125259,
	0x9D155258, 0x9D1B1155, 0x9D1F5256, 0x9D235255, 0x9D265253, 0x9D28135B, 0x9D2A5252, 0x9D2B1C12,
	0x9D2C1209, 0x9D3B1943, 0x9D3E525C, 0x9D3F525B, 0x9D41525A, 0x9D445257, 0x9D46525D, 0x9D48525E,
	0x9D505305, 0x9D515304, 0x9D595306, 0x9D5C110D, 0x9D5D5301, 0x9D5E5302, 0x9D601954, 0x9D612C19,
	0x9D645303, 0x9D6B5C4B, 0x9D6C2B12, 0x9D6F530B, 0x9D705C4A, 0x9D725307, 0x9D7A530C, 0x9D875309,
	0x9D895308, 0x9D8F173C, 0x9D9A530D, 0x9DA4530E, 0x9DA9530F, 0x9DAB530A, 0x9DAF5254, 0x9DB25310,
	0x9DB42441, 0x9DB85314, 0x9DBA5315, 0x9DBB5313, 0x9DC15312, 0x9DC25318, 0x9DC45311, 0x9DC65316,
	0x9DCF5317, 0x9DD3531A, 0x9DD95319, 0x9DE6531C, 0x9DED531D, 0x9DEF531E, 0x9DF22F29, 0x9DF8531B,
	0x9DF9224B, 0x9DFA1A4D, 0x9DFD531F, 0x9E195C4D, 0x9E1A5320, 0x9E1B5321, 0x9E1E5322, 0x9E755323,
	0x9E781814, 0x9E795324, 0x9E7D5325, 0x9E7F1C0F, 0x9E815326, 0x9E885327, 0x9E8B5328, 0x9E8C5329,
	0x9E91532C, 0x9E92532A, 0x9E932F1C, 0x9E95532B, 0x9E972E4F, 0x9E9D532D, 0x9E9F2E3B, 0x9EA5532E,
	0x9EA6275E, 0x9EA9532F, 0x9EAA5331, 0x9EAD5332, 0x9EB85330, 0x9EB9194D, 0x9EBA2C2D, 0x9EBB2B43,
	0x9EBC3657, 0x9EBE3D40, 0x9EBF2B5B, 0x9EC4120B, 0x9ECC5334, 0x9ECD1530, 0x9ECE5335, 0x9ECF5336,
	0x9ED05337, 0x9ED15C4E, 0x9ED21955, 0x9ED45338, 0x9ED84034, 0x9ED92C3B, 0x9EDB2243, 0x9EDC5339,
	0x9EDD533B, 0x9EDE533A, 0x9EE0533C, 0x9EE5533D, 0x9EE8533E, 0x9EEF533F, 0x9EF45340, 0x9EF65341,
	0x9EF75342, 0x9EF95343, 0x9EFB5344, 0x9EFC5345, 0x9EFD5346, 0x9F075347, 0x9F085348, 0x9F0E2504,
	0x9F13183D, 0x9F15534A, 0x9F20212D, 0x9F21534B, 0x9F2C534C, 0x9F3B2901, 0x9F3E534D, 0x9F4A534E,
	0x9F4B4317, 0x9F4E4C3A, 0x9F4F504D, 0x9F52534F, 0x9F545350, 0x9F5F5352, 0x9F605353, 0x9F615354,
	0x9F622E50, 0x9F635351, 0x9F665355, 0x9F675356, 0x9F6A5358, 0x9F6C5357, 0x9F72535A, 0x9F76535B,
	0x9F775359, 0x9F8D2E16, 0x9F95535C, 0x9F9C535D, 0x9F9D4334, 0x9FA0535E, 0xF9295A26, 0xF9DC5C2F,
	0xFA0E5934, 0xFA0F593F, 0xFA105940, 0xFA115955, 0xFA125A1E, 0xFA135A2E, 0xFA145A30, 0xFA155A5B,
	0xFA165B03, 0xFA175B1A, 0xFA185B22, 0xFA195B23, 0xFA1A5B24, 0xFA1B5B26, 0xFA1C5B2A, 0xFA1D5B2D,
	0xFA1E5B36, 0xFA1F5B41, 0xFA205B43, 0xFA215B44, 0xFA225B4D, 0xFA235B55, 0xFA245B57, 0xFA255B58,
	0xFA265B5B, 0xFA275C19, 0xFA285C20, 0xFA295C30, 0xFA2A5C3C, 0xFA2B5C3D, 0xFA2C5C3F, 0xFA2D5C4C,
	0xFF01010A, 0xFF025C5E, 0xFF030154, 0xFF040150, 0xFF050153, 0xFF060155, 0xFF075C5D, 0xFF08012A,
	0xFF09012B, 0xFF0A0156, 0xFF0B013C, 0xFF0C0104, 0xFF0D013D, 0xFF0E0105, 0xFF0F011F, 0xFF100310,
	0xFF110311, 0xFF120312, 0xFF130313, 0xFF140314, 0xFF150315, 0xFF160316, 0xFF170317, 0xFF180318,
	0xFF190319, 0xFF1A0107, 0xFF1B0108, 0xFF1C0143, 0xFF1D0141, 0xFF1E0144, 0xFF1F0109, 0xFF200157,
	0xFF210321, 0xFF220322, 0xFF230323, 0xFF240324, 0xFF250325, 0xFF260326, 0xFF270327, 0xFF280328,
	0xFF290329, 0xFF2A032A, 0xFF2B032B, 0xFF2C032C, 0xFF2D032D, 0xFF2E032E, 0xFF2F032F, 0xFF300330,
	0xFF310331, 0xFF320332, 0xFF330333, 0xFF340334, 0xFF350335, 0xFF360336, 0xFF370337, 0xFF380338,
	0xFF390339, 0xFF3A033A, 0xFF3B012E, 0xFF3C0120, 0xFF3D012F, 0xFF3E0110, 0xFF3F0112, 0xFF40010E,
	0xFF410341, 0xFF420342, 0xFF430343, 0xFF440344, 0xFF450345, 0xFF460346, 0xFF470347, 0xFF480348,
	0xFF490349, 0xFF4A034A, 0xFF4B034B, 0xFF4C034C, 0xFF4D034D, 0xFF4E034E, 0xFF4F034F, 0xFF500350,
	0xFF510351, 0xFF520352, 0xFF530353, 0xFF540354, 0xFF550355, 0xFF560356, 0xFF570357, 0xFF580358,
	0xFF590359, 0xFF5A035A, 0xFF5B0130, 0xFF5C0123, 0xFF5D0131, 0xFF5E0121, 0xFFE00151, 0xFFE10152,
	0xFFE2022C, 0xFFE30111, 0xFFE45C5C, 0xFFE5014F,
};

const INT ms_jis_nback = 7332;
